_id,clusterID,connectionTime,disconnectTime,doneChargingTime,kWhDelivered,sessionID,siteID,spaceID,stationID,timezone,userID,userInputs,session_duration_hr,charging_duration_hr,hour,day_of_week,is_weekend,fixed_tariff,fixed_revenue
5e210e1ff9af8b57bb4f5500,0039,2020-01-01 02:12:11,2020-01-02 00:05:40,2020-01-01 06:55:27,15.813,2_39_139_28_2020-01-01 02:12:11.015844,0002,CA-303,2-39-139-28,America/Los_Angeles,000000838,"[{'WhPerMile': 600, 'kWhRequested': 36.0, 'milesRequested': 60, 'minutesAvailable': 287, 'modifiedAt': 'Wed, 01 Jan 2020 02:12:21 GMT', 'paymentRequired': True, 'requestedDeparture': 'Wed, 01 Jan 2020 06:59:11 GMT', 'userID': 838}]",21.89138888888889,4.721111111111111,2,Wednesday,0,15,237.19500000000002
5e225f9ff9af8b5c26d21715,0039,2020-01-01 09:42:14,2020-01-02 02:25:40,2020-01-01 14:42:11,32.02,2_39_131_30_2020-01-01 09:42:14.259248,0002,CA-305,2-39-131-30,America/Los_Angeles,000000067,"[{'WhPerMile': 250, 'kWhRequested': 60.0, 'milesRequested': 240, 'minutesAvailable': 720, 'modifiedAt': 'Wed, 01 Jan 2020 09:42:27 GMT', 'paymentRequired': True, 'requestedDeparture': 'Wed, 01 Jan 2020 21:42:14 GMT', 'userID': 67}]",16.72388888888889,4.9991666666666665,9,Wednesday,0,15,480.30000000000007
5e225f9ff9af8b5c26d21716,0039,2020-01-01 18:10:34,2020-01-01 21:05:40,2020-01-01 19:22:56,2.328,2_39_127_19_2020-01-01 18:10:34.057445,0002,CA-309,2-39-127-19,America/Los_Angeles,000000710,"[{'WhPerMile': 261, 'kWhRequested': 7.83, 'milesRequested': 30, 'minutesAvailable': 458, 'modifiedAt': 'Wed, 01 Jan 2020 18:10:53 GMT', 'paymentRequired': True, 'requestedDeparture': 'Thu, 02 Jan 2020 01:48:34 GMT', 'userID': 710}]",2.9183333333333334,1.2061111111111111,18,Wednesday,0,15,34.919999999999995
5e225f9ff9af8b5c26d21717,0039,2020-01-01 19:44:51,2020-01-02 01:23:37,2020-01-01 22:43:57,19.868,2_39_79_377_2020-01-01 19:44:51.127414,0002,CA-325,2-39-79-377,America/Los_Angeles,000000248,"[{'WhPerMile': 250, 'kWhRequested': 20.0, 'milesRequested': 80, 'minutesAvailable': 338, 'modifiedAt': 'Wed, 01 Jan 2020 19:46:01 GMT', 'paymentRequired': True, 'requestedDeparture': 'Thu, 02 Jan 2020 01:22:51 GMT', 'userID': 248}]",5.646111111111111,2.985,19,Wednesday,0,15,298.02
5e225f9ff9af8b5c26d21718,0039,2020-01-02 01:12:29,2020-01-02 04:38:39,2020-01-02 03:11:48,8.336,2_39_126_20_2020-01-02 01:12:28.778216,0002,CA-310,2-39-126-20,America/Los_Angeles,000001099,"[{'WhPerMile': 400, 'kWhRequested': 24.0, 'milesRequested': 60, 'minutesAvailable': 125, 'modifiedAt': 'Thu, 02 Jan 2020 01:13:30 GMT', 'paymentRequired': True, 'requestedDeparture': 'Thu, 02 Jan 2020 03:17:29 GMT', 'userID': 1099}]",3.436111111111111,1.988611111111111,1,Thursday,0,15,125.04
5e225f9ff9af8b5c26d21719,0039,2020-01-02 04:18:06,2020-01-03 00:06:13,2020-01-02 06:41:48,14.731,2_39_79_382_2020-01-02 04:18:06.407434,0002,CA-491,2-39-79-382,America/Los_Angeles,000003267,"[{'WhPerMile': 400, 'kWhRequested': 40.0, 'milesRequested': 100, 'minutesAvailable': 583, 'modifiedAt': 'Thu, 02 Jan 2020 04:18:39 GMT', 'paymentRequired': True, 'requestedDeparture': 'Thu, 02 Jan 2020 14:01:06 GMT', 'userID': 3267}]",19.801944444444445,2.395,4,Thursday,0,15,220.965
5e23b122f9af8b5fe4b973bf,0039,2020-01-02 16:05:15,2020-01-03 00:11:51,2020-01-02 16:39:20,2.083,2_39_79_380_2020-01-02 16:05:14.818106,0002,CA-489,2-39-79-380,America/Los_Angeles,000000751,"[{'WhPerMile': 400, 'kWhRequested': 8.0, 'milesRequested': 20, 'minutesAvailable': 590, 'modifiedAt': 'Thu, 02 Jan 2020 16:05:35 GMT', 'paymentRequired': True, 'requestedDeparture': 'Fri, 03 Jan 2020 01:55:15 GMT', 'userID': 751}]",8.11,0.5680555555555555,16,Thursday,0,15,31.245000000000005
5e23b122f9af8b5fe4b973c0,0039,2020-01-02 16:06:34,2020-01-02 17:04:02,2020-01-02 16:37:26,0.855,2_39_79_383_2020-01-02 16:06:34.210024,0002,CA-492,2-39-79-383,America/Los_Angeles,,,0.9577777777777777,0.5144444444444445,16,Thursday,0,15,12.825
5e23b122f9af8b5fe4b973c1,0039,2020-01-02 16:31:35,2020-01-03 00:29:28,2020-01-03 00:29:26,50.788,2_39_78_366_2020-01-02 16:31:34.854057,0002,CA-323,2-39-78-366,America/Los_Angeles,000003853,"[{'WhPerMile': 360, 'kWhRequested': 64.8, 'milesRequested': 180, 'minutesAvailable': 603, 'modifiedAt': 'Thu, 02 Jan 2020 16:31:59 GMT', 'paymentRequired': True, 'requestedDeparture': 'Fri, 03 Jan 2020 02:34:35 GMT', 'userID': 3853}]",7.964722222222222,7.964166666666666,16,Thursday,0,15,761.8199999999999
5e23b122f9af8b5fe4b973c2,0039,2020-01-02 17:25:53,2020-01-03 02:14:55,2020-01-02 19:23:42,4.187,2_39_138_29_2020-01-02 17:25:52.764723,0002,CA-304,2-39-138-29,America/Los_Angeles,000000620,"[{'WhPerMile': 400, 'kWhRequested': 12.0, 'milesRequested': 30, 'minutesAvailable': 421, 'modifiedAt': 'Thu, 02 Jan 2020 17:26:03 GMT', 'paymentRequired': True, 'requestedDeparture': 'Fri, 03 Jan 2020 00:26:53 GMT', 'userID': 620}]",8.817222222222222,1.9636111111111112,17,Thursday,0,15,62.80500000000001
5e23b122f9af8b5fe4b973c3,0039,2020-01-02 17:45:13,2020-01-03 00:51:06,2020-01-02 19:55:59,6.874,2_39_78_367_2020-01-02 17:45:12.995970,0002,CA-494,2-39-78-367,America/Los_Angeles,000001001,"[{'WhPerMile': 600, 'kWhRequested': 12.0, 'milesRequested': 20, 'minutesAvailable': 129, 'modifiedAt': 'Thu, 02 Jan 2020 17:45:27 GMT', 'paymentRequired': True, 'requestedDeparture': 'Thu, 02 Jan 2020 19:54:13 GMT', 'userID': 1001}]",7.098055555555556,2.1794444444444445,17,Thursday,0,15,103.11
5e23b122f9af8b5fe4b973c4,0039,2020-01-02 17:46:15,2020-01-02 21:02:06,2020-01-02 19:49:03,6.501,2_39_78_365_2020-01-02 17:46:14.843193,0002,CA-321,2-39-78-365,America/Los_Angeles,000001124,"[{'WhPerMile': 400, 'kWhRequested': 8.0, 'milesRequested': 20, 'minutesAvailable': 60, 'modifiedAt': 'Thu, 02 Jan 2020 17:46:37 GMT', 'paymentRequired': True, 'requestedDeparture': 'Thu, 02 Jan 2020 18:46:15 GMT', 'userID': 1124}]",3.2641666666666667,2.046666666666667,17,Thursday,0,15,97.515
5e23b122f9af8b5fe4b973c5,0039,2020-01-02 17:47:53,2020-01-02 20:42:59,2020-01-02 20:42:55,20.165,2_39_139_28_2020-01-02 17:47:52.598587,0002,CA-303,2-39-139-28,America/Los_Angeles,000000710,"[{'WhPerMile': 261, 'kWhRequested': 7.83, 'milesRequested': 30, 'minutesAvailable': 458, 'modifiedAt': 'Thu, 02 Jan 2020 17:48:10 GMT', 'paymentRequired': True, 'requestedDeparture': 'Fri, 03 Jan 2020 01:25:53 GMT', 'userID': 710}, {'WhPerMile': 261, 'kWhRequested': 41.76, 'milesRequested': 160, 'minutesAvailable': 458, 'modifiedAt': 'Thu, 02 Jan 2020 17:48:27 GMT', 'paymentRequired': True, 'requestedDeparture': 'Fri, 03 Jan 2020 01:25:53 GMT', 'userID': 710}]",2.9183333333333334,2.917222222222222,17,Thursday,0,15,302.47499999999997
5e23b122f9af8b5fe4b973c6,0039,2020-01-02 18:07:57,2020-01-02 20:46:38,2020-01-02 19:32:04,4.32,2_39_123_23_2020-01-02 18:07:56.928051,0002,CA-313,2-39-123-23,America/Los_Angeles,000002170,"[{'WhPerMile': 400, 'kWhRequested': 8.0, 'milesRequested': 20, 'minutesAvailable': 183, 'modifiedAt': 'Thu, 02 Jan 2020 18:08:20 GMT', 'paymentRequired': True, 'requestedDeparture': 'Thu, 02 Jan 2020 21:10:57 GMT', 'userID': 2170}]",2.644722222222222,1.4019444444444444,18,Thursday,0,15,64.80000000000001
5e23b122f9af8b5fe4b973c7,0039,2020-01-02 18:25:20,2020-01-03 00:46:32,2020-01-02 20:41:45,5.191,2_39_79_381_2020-01-02 18:25:20.402594,0002,CA-490,2-39-79-381,America/Los_Angeles,000003389,"[{'WhPerMile': 400, 'kWhRequested': 8.0, 'milesRequested': 20, 'minutesAvailable': 190, 'modifiedAt': 'Thu, 02 Jan 2020 18:25:50 GMT', 'paymentRequired': True, 'requestedDeparture': 'Thu, 02 Jan 2020 21:35:20 GMT', 'userID': 3389}]",6.3533333333333335,2.2736111111111112,18,Thursday,0,15,77.865
5e23b122f9af8b5fe4b973c8,0039,2020-01-02 18:40:46,2020-01-02 21:19:16,2020-01-02 21:18:35,8.379,2_39_90_440_2020-01-02 18:40:46.167914,0002,CA-500,2-39-90-440,America/Los_Angeles,000003447,"[{'WhPerMile': 375, 'kWhRequested': 15.0, 'milesRequested': 40, 'minutesAvailable': 219, 'modifiedAt': 'Thu, 02 Jan 2020 18:41:08 GMT', 'paymentRequired': True, 'requestedDeparture': 'Thu, 02 Jan 2020 22:19:46 GMT', 'userID': 3447}]",2.6416666666666666,2.6302777777777777,18,Thursday,0,15,125.68499999999999
5e23b122f9af8b5fe4b973c9,0039,2020-01-02 18:51:01,2020-01-02 23:58:24,2020-01-02 20:00:30,3.399,2_39_89_25_2020-01-02 18:51:01.473182,0002,CA-315,2-39-89-25,America/Los_Angeles,000000743,"[{'WhPerMile': 400, 'kWhRequested': 8.0, 'milesRequested': 20, 'minutesAvailable': 332, 'modifiedAt': 'Thu, 02 Jan 2020 18:51:17 GMT', 'paymentRequired': True, 'requestedDeparture': 'Fri, 03 Jan 2020 00:23:01 GMT', 'userID': 743}]",5.123055555555555,1.1580555555555556,18,Thursday,0,15,50.985
5e23b122f9af8b5fe4b973ca,0039,2020-01-02 21:28:24,2020-01-02 21:54:33,2020-01-02 21:49:32,0.956,2_39_123_23_2020-01-02 21:28:23.830730,0002,CA-313,2-39-123-23,America/Los_Angeles,000002170,"[{'WhPerMile': 400, 'kWhRequested': 8.0, 'milesRequested': 20, 'minutesAvailable': 183, 'modifiedAt': 'Thu, 02 Jan 2020 21:28:36 GMT', 'paymentRequired': True, 'requestedDeparture': 'Fri, 03 Jan 2020 00:31:24 GMT', 'userID': 2170}]",0.43583333333333335,0.3522222222222222,21,Thursday,0,15,14.34
5e23b122f9af8b5fe4b973cb,0039,2020-01-02 22:17:20,2020-01-03 05:05:05,2020-01-02 23:12:44,2.35,2_39_78_363_2020-01-02 22:17:20.170082,0002,CA-320,2-39-78-363,America/Los_Angeles,000001124,"[{'WhPerMile': 400, 'kWhRequested': 8.0, 'milesRequested': 20, 'minutesAvailable': 60, 'modifiedAt': 'Thu, 02 Jan 2020 22:17:38 GMT', 'paymentRequired': True, 'requestedDeparture': 'Thu, 02 Jan 2020 23:17:20 GMT', 'userID': 1124}]",6.795833333333333,0.9233333333333333,22,Thursday,0,15,35.25
5e23b122f9af8b5fe4b973cc,0039,2020-01-02 22:23:55,2020-01-03 00:56:50,2020-01-03 00:56:45,17.075,2_39_139_28_2020-01-02 22:23:55.420890,0002,CA-303,2-39-139-28,America/Los_Angeles,000000710,"[{'WhPerMile': 261, 'kWhRequested': 41.76, 'milesRequested': 160, 'minutesAvailable': 458, 'modifiedAt': 'Thu, 02 Jan 2020 22:24:23 GMT', 'paymentRequired': True, 'requestedDeparture': 'Fri, 03 Jan 2020 06:01:55 GMT', 'userID': 710}]",2.548611111111111,2.547222222222222,22,Thursday,0,15,256.125
5e23b122f9af8b5fe4b973cd,0039,2020-01-03 00:03:03,2020-01-03 01:16:25,2020-01-03 00:33:55,0.913,2_39_89_25_2020-01-03 00:03:03.221895,0002,CA-315,2-39-89-25,America/Los_Angeles,,,1.2227777777777777,0.5144444444444445,0,Friday,0,15,13.695
5e23b122f9af8b5fe4b973ce,0039,2020-01-03 02:50:03,2020-01-03 04:06:03,2020-01-03 04:05:54,8.768,2_39_139_28_2020-01-03 02:50:03.120616,0002,CA-303,2-39-139-28,America/Los_Angeles,000001263,"[{'WhPerMile': 400, 'kWhRequested': 12.0, 'milesRequested': 30, 'minutesAvailable': 115, 'modifiedAt': 'Fri, 03 Jan 2020 02:50:53 GMT', 'paymentRequired': True, 'requestedDeparture': 'Fri, 03 Jan 2020 04:45:03 GMT', 'userID': 1263}]",1.2666666666666666,1.2641666666666667,2,Friday,0,15,131.52
5e2502a2f9af8b63eb5a4de2,0039,2020-01-03 16:14:25,2020-01-04 01:25:30,2020-01-03 19:00:03,10.325,2_39_78_366_2020-01-03 16:14:25.439593,0002,CA-323,2-39-78-366,America/Los_Angeles,000003853,"[{'WhPerMile': 360, 'kWhRequested': 39.6, 'milesRequested': 110, 'minutesAvailable': 490, 'modifiedAt': 'Fri, 03 Jan 2020 16:15:03 GMT', 'paymentRequired': True, 'requestedDeparture': 'Sat, 04 Jan 2020 00:24:25 GMT', 'userID': 3853}]",9.184722222222222,2.7605555555555554,16,Friday,0,15,154.875
5e2502a2f9af8b63eb5a4de3,0039,2020-01-03 16:19:10,2020-01-03 18:08:03,2020-01-03 18:09:02,0.84,2_39_79_380_2020-01-03 16:19:09.581564,0002,CA-489,2-39-79-380,America/Los_Angeles,,,1.8147222222222221,1.8311111111111111,16,Friday,0,15,12.6
5e2502a2f9af8b63eb5a4de4,0039,2020-01-03 16:37:06,2020-01-04 00:47:15,2020-01-03 18:05:49,4.426,2_39_89_25_2020-01-03 16:37:05.609840,0002,CA-315,2-39-89-25,America/Los_Angeles,000000743,"[{'WhPerMile': 400, 'kWhRequested': 8.0, 'milesRequested': 20, 'minutesAvailable': 332, 'modifiedAt': 'Fri, 03 Jan 2020 16:37:26 GMT', 'paymentRequired': True, 'requestedDeparture': 'Fri, 03 Jan 2020 22:09:06 GMT', 'userID': 743}]",8.169166666666667,1.478611111111111,16,Friday,0,15,66.39
5e2502a2f9af8b63eb5a4de5,0039,2020-01-03 17:14:49,2020-01-04 01:38:06,2020-01-03 17:43:15,0.807,2_39_79_379_2020-01-03 17:14:49.150327,0002,CA-327,2-39-79-379,America/Los_Angeles,,,8.388055555555555,0.4738888888888889,17,Friday,0,15,12.105
5e2502a2f9af8b63eb5a4de6,0039,2020-01-03 17:40:31,2020-01-03 19:30:12,2020-01-03 19:30:07,12.489,2_39_139_28_2020-01-03 17:40:30.774361,0002,CA-303,2-39-139-28,America/Los_Angeles,000000798,"[{'WhPerMile': 400, 'kWhRequested': 20.0, 'milesRequested': 50, 'minutesAvailable': 109, 'modifiedAt': 'Fri, 03 Jan 2020 17:41:42 GMT', 'paymentRequired': True, 'requestedDeparture': 'Fri, 03 Jan 2020 19:29:31 GMT', 'userID': 798}]",1.8280555555555555,1.8266666666666667,17,Friday,0,15,187.335
5e2502a2f9af8b63eb5a4de7,0039,2020-01-03 17:48:23,2020-01-03 21:45:39,2020-01-03 21:46:38,0.914,2_39_79_377_2020-01-03 17:48:23.018957,0002,CA-325,2-39-79-377,America/Los_Angeles,,,3.9544444444444444,3.970833333333333,17,Friday,0,15,13.71
5e2502a2f9af8b63eb5a4de8,0039,2020-01-03 17:50:40,2020-01-04 00:52:55,2020-01-03 19:07:54,4.008,2_39_123_23_2020-01-03 17:50:40.207600,0002,CA-313,2-39-123-23,America/Los_Angeles,000002170,"[{'WhPerMile': 400, 'kWhRequested': 8.0, 'milesRequested': 20, 'minutesAvailable': 183, 'modifiedAt': 'Fri, 03 Jan 2020 17:50:48 GMT', 'paymentRequired': True, 'requestedDeparture': 'Fri, 03 Jan 2020 20:53:40 GMT', 'userID': 2170}, {'WhPerMile': 400, 'kWhRequested': 8.0, 'milesRequested': 20, 'minutesAvailable': 183, 'modifiedAt': 'Fri, 03 Jan 2020 17:51:03 GMT', 'paymentRequired': True, 'requestedDeparture': 'Fri, 03 Jan 2020 20:53:40 GMT', 'userID': 2170}]",7.0375,1.2872222222222223,17,Friday,0,15,60.12
5e2502a2f9af8b63eb5a4de9,0039,2020-01-03 18:08:07,2020-01-03 20:14:53,2020-01-03 18:38:11,0.812,2_39_79_380_2020-01-03 18:08:06.946951,0002,CA-489,2-39-79-380,America/Los_Angeles,,,2.1127777777777776,0.5011111111111111,18,Friday,0,15,12.180000000000001
5e2502a2f9af8b63eb5a4dea,0039,2020-01-03 18:23:45,2020-01-03 21:19:46,2020-01-03 19:36:30,3.713,2_39_92_442_2020-01-03 18:23:44.761404,0002,CA-498,2-39-92-442,America/Los_Angeles,000003447,"[{'WhPerMile': 375, 'kWhRequested': 15.0, 'milesRequested': 40, 'minutesAvailable': 219, 'modifiedAt': 'Fri, 03 Jan 2020 18:24:02 GMT', 'paymentRequired': True, 'requestedDeparture': 'Fri, 03 Jan 2020 22:02:45 GMT', 'userID': 3447}]",2.933611111111111,1.2125,18,Friday,0,15,55.695
5e2502a2f9af8b63eb5a4deb,0039,2020-01-03 18:40:29,2020-01-04 03:55:21,2020-01-03 23:08:46,9.566,2_39_126_20_2020-01-03 18:40:28.924098,0002,CA-310,2-39-126-20,America/Los_Angeles,000003270,"[{'WhPerMile': 200, 'kWhRequested': 40.0, 'milesRequested': 200, 'minutesAvailable': 466, 'modifiedAt': 'Fri, 03 Jan 2020 18:40:45 GMT', 'paymentRequired': True, 'requestedDeparture': 'Sat, 04 Jan 2020 02:26:29 GMT', 'userID': 3270}]",9.247777777777777,4.471388888888889,18,Friday,0,15,143.49
5e2502a2f9af8b63eb5a4dec,0039,2020-01-03 19:04:18,2020-01-04 01:50:00,2020-01-03 20:11:41,3.695,2_39_131_30_2020-01-03 19:04:18.163790,0002,CA-305,2-39-131-30,America/Los_Angeles,000000567,"[{'WhPerMile': 400, 'kWhRequested': 8.0, 'milesRequested': 20, 'minutesAvailable': 596, 'modifiedAt': 'Fri, 03 Jan 2020 19:04:25 GMT', 'paymentRequired': True, 'requestedDeparture': 'Sat, 04 Jan 2020 05:00:18 GMT', 'userID': 567}, {'WhPerMile': 400, 'kWhRequested': 8.0, 'milesRequested': 20, 'minutesAvailable': 596, 'modifiedAt': 'Fri, 03 Jan 2020 19:04:29 GMT', 'paymentRequired': True, 'requestedDeparture': 'Sat, 04 Jan 2020 05:00:18 GMT', 'userID': 567}]",6.761666666666667,1.1230555555555555,19,Friday,0,15,55.425
5e2502a2f9af8b63eb5a4ded,0039,2020-01-03 19:10:14,2020-01-03 20:00:13,2020-01-03 20:00:09,2.804,2_39_130_31_2020-01-03 19:10:14.392450,0002,CA-306,2-39-130-31,America/Los_Angeles,000000365,"[{'WhPerMile': 333, 'kWhRequested': 9.99, 'milesRequested': 30, 'minutesAvailable': 104, 'modifiedAt': 'Fri, 03 Jan 2020 19:11:47 GMT', 'paymentRequired': True, 'requestedDeparture': 'Fri, 03 Jan 2020 20:54:14 GMT', 'userID': 365}]",0.8330555555555555,0.8319444444444445,19,Friday,0,15,42.059999999999995
5e2502a2f9af8b63eb5a4dee,0039,2020-01-04 00:59:57,2020-01-04 02:29:40,2020-01-04 02:29:35,4.98,2_39_123_23_2020-01-04 00:59:56.797170,0002,CA-313,2-39-123-23,America/Los_Angeles,000001920,"[{'WhPerMile': 400, 'kWhRequested': 8.0, 'milesRequested': 20, 'minutesAvailable': 61, 'modifiedAt': 'Sat, 04 Jan 2020 01:00:23 GMT', 'paymentRequired': True, 'requestedDeparture': 'Sat, 04 Jan 2020 02:00:57 GMT', 'userID': 1920}]",1.4952777777777777,1.4938888888888888,0,Saturday,1,15,74.7
5e2502a2f9af8b63eb5a4def,0039,2020-01-04 02:19:38,2020-01-04 21:09:25,2020-01-04 05:34:17,11.271,2_39_139_28_2020-01-04 02:19:38.310090,0002,CA-303,2-39-139-28,America/Los_Angeles,000000838,"[{'WhPerMile': 600, 'kWhRequested': 36.0, 'milesRequested': 60, 'minutesAvailable': 287, 'modifiedAt': 'Sat, 04 Jan 2020 02:19:53 GMT', 'paymentRequired': True, 'requestedDeparture': 'Sat, 04 Jan 2020 07:06:38 GMT', 'userID': 838}, {'WhPerMile': 600, 'kWhRequested': 36.0, 'milesRequested': 60, 'minutesAvailable': 287, 'modifiedAt': 'Sat, 04 Jan 2020 02:20:03 GMT', 'paymentRequired': True, 'requestedDeparture': 'Sat, 04 Jan 2020 07:06:38 GMT', 'userID': 838}]",18.829722222222223,3.2441666666666666,2,Saturday,1,15,169.065
5e2502a2f9af8b63eb5a4df0,0039,2020-01-04 03:21:06,2020-01-04 03:40:32,2020-01-04 03:41:31,2.127,2_39_131_30_2020-01-04 03:21:05.618565,0002,CA-305,2-39-131-30,America/Los_Angeles,000001238,"[{'WhPerMile': 520, 'kWhRequested': 104.0, 'milesRequested': 200, 'minutesAvailable': 715, 'modifiedAt': 'Sat, 04 Jan 2020 03:21:52 GMT', 'paymentRequired': True, 'requestedDeparture': 'Sat, 04 Jan 2020 15:16:06 GMT', 'userID': 1238}]",0.3238888888888889,0.3402777777777778,3,Saturday,1,15,31.904999999999998
5e26541ef9af8b67acde4c71,0039,2020-01-04 16:03:06,2020-01-05 00:17:36,2020-01-04 16:33:26,0.845,2_39_131_30_2020-01-04 16:03:05.854880,0002,CA-305,2-39-131-30,America/Los_Angeles,,,8.241666666666667,0.5055555555555555,16,Saturday,1,15,12.674999999999999
5e26541ef9af8b67acde4c72,0039,2020-01-04 16:35:51,2020-01-04 17:57:53,2020-01-04 17:57:48,8.696,2_39_129_17_2020-01-04 16:35:50.900297,0002,CA-307,2-39-129-17,America/Los_Angeles,000001938,"[{'WhPerMile': 400, 'kWhRequested': 8.0, 'milesRequested': 20, 'minutesAvailable': 140, 'modifiedAt': 'Sat, 04 Jan 2020 16:35:53 GMT', 'paymentRequired': True, 'requestedDeparture': 'Sat, 04 Jan 2020 18:55:51 GMT', 'userID': 1938}, {'WhPerMile': 400, 'kWhRequested': 16.0, 'milesRequested': 40, 'minutesAvailable': 140, 'modifiedAt': 'Sat, 04 Jan 2020 16:36:07 GMT', 'paymentRequired': True, 'requestedDeparture': 'Sat, 04 Jan 2020 18:55:51 GMT', 'userID': 1938}, {'WhPerMile': 400, 'kWhRequested': 16.0, 'milesRequested': 40, 'minutesAvailable': 140, 'modifiedAt': 'Sat, 04 Jan 2020 17:57:48 GMT', 'paymentRequired': True, 'requestedDeparture': 'Sat, 04 Jan 2020 18:55:51 GMT', 'userID': 1938}]",1.3672222222222221,1.3658333333333332,16,Saturday,1,15,130.44
5e26541ef9af8b67acde4c73,0039,2020-01-04 16:45:48,2020-01-05 01:11:35,2020-01-04 23:48:30,47.386,2_39_79_377_2020-01-04 16:45:48.379080,0002,CA-325,2-39-79-377,America/Los_Angeles,000000248,"[{'WhPerMile': 250, 'kWhRequested': 47.5, 'milesRequested': 190, 'minutesAvailable': 576, 'modifiedAt': 'Sat, 04 Jan 2020 16:46:41 GMT', 'paymentRequired': True, 'requestedDeparture': 'Sun, 05 Jan 2020 02:21:48 GMT', 'userID': 248}]",8.429722222222223,7.045,16,Saturday,1,15,710.7900000000001
5e26541ef9af8b67acde4c74,0039,2020-01-04 17:36:05,2020-01-04 18:44:00,2020-01-04 18:43:52,3.64,2_39_128_18_2020-01-04 17:36:05.318091,0002,CA-308,2-39-128-18,America/Los_Angeles,000000365,"[{'WhPerMile': 333, 'kWhRequested': 9.99, 'milesRequested': 30, 'minutesAvailable': 104, 'modifiedAt': 'Sat, 04 Jan 2020 17:36:23 GMT', 'paymentRequired': True, 'requestedDeparture': 'Sat, 04 Jan 2020 19:20:05 GMT', 'userID': 365}]",1.1319444444444444,1.1297222222222223,17,Saturday,1,15,54.6
5e26541ef9af8b67acde4c75,0039,2020-01-04 19:20:38,2020-01-04 20:16:08,2020-01-04 20:16:00,0.879,2_39_129_17_2020-01-04 19:20:38.030150,0002,CA-307,2-39-129-17,America/Los_Angeles,,,0.925,0.9227777777777778,19,Saturday,1,15,13.185
5e26541ef9af8b67acde4c76,0039,2020-01-04 20:13:10,2020-01-04 22:22:06,2020-01-04 21:07:40,2.505,2_39_125_21_2020-01-04 20:13:09.963739,0002,CA-311,2-39-125-21,America/Los_Angeles,000001920,"[{'WhPerMile': 450, 'kWhRequested': 9.0, 'milesRequested': 20, 'minutesAvailable': 61, 'modifiedAt': 'Sat, 04 Jan 2020 20:17:05 GMT', 'paymentRequired': True, 'requestedDeparture': 'Sat, 04 Jan 2020 21:14:10 GMT', 'userID': 1920}, {'WhPerMile': 450, 'kWhRequested': 9.0, 'milesRequested': 20, 'minutesAvailable': 61, 'modifiedAt': 'Sat, 04 Jan 2020 20:17:15 GMT', 'paymentRequired': True, 'requestedDeparture': 'Sat, 04 Jan 2020 21:14:10 GMT', 'userID': 1920}]",2.148888888888889,0.9083333333333333,20,Saturday,1,15,37.574999999999996
5e26541ef9af8b67acde4c77,0039,2020-01-04 23:36:53,2020-01-05 00:08:53,2020-01-05 00:09:51,0.79,2_39_127_19_2020-01-04 23:36:53.158060,0002,CA-309,2-39-127-19,America/Los_Angeles,,,0.5333333333333333,0.5494444444444444,23,Saturday,1,15,11.850000000000001
5e26541ef9af8b67acde4c78,0039,2020-01-05 00:08:56,2020-01-05 00:42:18,2020-01-05 00:40:59,0.787395277777778,2_39_127_19_2020-01-05 00:08:56.486738,0002,CA-309,2-39-127-19,America/Los_Angeles,,,0.5561111111111111,0.5341666666666667,0,Sunday,1,15,11.81092916666667
5e26541ef9af8b67acde4c79,0039,2020-01-05 00:14:24,2020-01-05 01:49:46,2020-01-05 00:44:33,0.877,2_39_138_29_2020-01-05 00:14:24.357979,0002,CA-304,2-39-138-29,America/Los_Angeles,,,1.5894444444444444,0.5025,0,Sunday,1,15,13.155
5e26541ef9af8b67acde4c7a,0039,2020-01-05 00:42:28,2020-01-05 01:13:52,2020-01-05 01:13:47,0.778,2_39_126_20_2020-01-05 00:42:28.223622,0002,CA-310,2-39-126-20,America/Los_Angeles,,,0.5233333333333333,0.5219444444444444,0,Sunday,1,15,11.67
5e26541ef9af8b67acde4c7b,0039,2020-01-05 02:20:55,2020-01-05 04:51:46,2020-01-05 04:22:40,9.222,2_39_129_17_2020-01-05 02:20:54.531254,0002,CA-307,2-39-129-17,America/Los_Angeles,000001099,"[{'WhPerMile': 400, 'kWhRequested': 24.0, 'milesRequested': 60, 'minutesAvailable': 125, 'modifiedAt': 'Sun, 05 Jan 2020 02:21:33 GMT', 'paymentRequired': True, 'requestedDeparture': 'Sun, 05 Jan 2020 04:25:55 GMT', 'userID': 1099}]",2.5141666666666667,2.029166666666667,2,Sunday,1,15,138.32999999999998
5e26541ef9af8b67acde4c7c,0039,2020-01-05 02:30:56,2020-01-05 04:04:28,2020-01-05 04:04:19,5.423,2_39_89_25_2020-01-05 02:30:56.509870,0002,CA-315,2-39-89-25,America/Los_Angeles,000001091,"[{'WhPerMile': 300, 'kWhRequested': 9.0, 'milesRequested': 30, 'minutesAvailable': 90, 'modifiedAt': 'Sun, 05 Jan 2020 02:31:16 GMT', 'paymentRequired': True, 'requestedDeparture': 'Sun, 05 Jan 2020 04:00:56 GMT', 'userID': 1091}]",1.558888888888889,1.5563888888888888,2,Sunday,1,15,81.345
5e27a59cf9af8b6b6627addc,0039,2020-01-05 17:22:55,2020-01-05 19:08:24,2020-01-05 18:56:41,4.689,2_39_89_25_2020-01-05 17:22:54.865827,0002,CA-315,2-39-89-25,America/Los_Angeles,000000743,"[{'WhPerMile': 400, 'kWhRequested': 8.0, 'milesRequested': 20, 'minutesAvailable': 79, 'modifiedAt': 'Sun, 05 Jan 2020 17:23:02 GMT', 'paymentRequired': True, 'requestedDeparture': 'Sun, 05 Jan 2020 18:41:55 GMT', 'userID': 743}]",1.7580555555555555,1.5627777777777778,17,Sunday,1,15,70.33500000000001
5e27a59cf9af8b6b6627addd,0039,2020-01-05 19:52:59,2020-01-05 22:11:46,2020-01-05 20:30:24,1.441,2_39_79_380_2020-01-05 19:52:58.995281,0002,CA-489,2-39-79-380,America/Los_Angeles,000003389,"[{'WhPerMile': 400, 'kWhRequested': 4.0, 'milesRequested': 10, 'minutesAvailable': 190, 'modifiedAt': 'Sun, 05 Jan 2020 19:54:34 GMT', 'paymentRequired': True, 'requestedDeparture': 'Sun, 05 Jan 2020 23:02:59 GMT', 'userID': 3389}]",2.3130555555555556,0.6236111111111111,19,Sunday,1,15,21.615000000000002
5e27a59cf9af8b6b6627adde,0039,2020-01-05 20:31:11,2020-01-06 01:33:54,2020-01-06 00:14:21,12.918,2_39_139_28_2020-01-05 20:31:11.005412,0002,CA-303,2-39-139-28,America/Los_Angeles,000000838,"[{'WhPerMile': 600, 'kWhRequested': 36.0, 'milesRequested': 60, 'minutesAvailable': 287, 'modifiedAt': 'Sun, 05 Jan 2020 20:31:45 GMT', 'paymentRequired': True, 'requestedDeparture': 'Mon, 06 Jan 2020 01:18:11 GMT', 'userID': 838}, {'WhPerMile': 600, 'kWhRequested': 36.0, 'milesRequested': 60, 'minutesAvailable': 287, 'modifiedAt': 'Sun, 05 Jan 2020 20:31:53 GMT', 'paymentRequired': True, 'requestedDeparture': 'Mon, 06 Jan 2020 01:18:11 GMT', 'userID': 838}]",5.045277777777778,3.7194444444444446,20,Sunday,1,15,193.76999999999998
5e27a59cf9af8b6b6627addf,0039,2020-01-05 20:31:59,2020-01-06 01:33:31,2020-01-06 01:33:46,0.994,2_39_131_30_2020-01-05 20:31:58.947706,0002,CA-305,2-39-131-30,America/Los_Angeles,,,5.025555555555556,5.029722222222222,20,Sunday,1,15,14.91
5e27a59cf9af8b6b6627ade0,0039,2020-01-05 23:06:45,2020-01-06 00:09:17,2020-01-05 23:50:21,2.077,2_39_127_19_2020-01-05 23:06:45.211244,0002,CA-309,2-39-127-19,America/Los_Angeles,000001920,"[{'WhPerMile': 450, 'kWhRequested': 9.0, 'milesRequested': 20, 'minutesAvailable': 61, 'modifiedAt': 'Sun, 05 Jan 2020 23:07:12 GMT', 'paymentRequired': True, 'requestedDeparture': 'Mon, 06 Jan 2020 00:07:45 GMT', 'userID': 1920}, {'WhPerMile': 450, 'kWhRequested': 9.0, 'milesRequested': 20, 'minutesAvailable': 61, 'modifiedAt': 'Sun, 05 Jan 2020 23:07:33 GMT', 'paymentRequired': True, 'requestedDeparture': 'Mon, 06 Jan 2020 00:07:45 GMT', 'userID': 1920}]",1.0422222222222222,0.7266666666666667,23,Sunday,1,15,31.155
5e27a59cf9af8b6b6627ade1,0039,2020-01-05 23:27:46,2020-01-06 00:33:19,2020-01-05 23:58:26,0.85,2_39_79_379_2020-01-05 23:27:45.925246,0002,CA-327,2-39-79-379,America/Los_Angeles,,,1.0925,0.5111111111111111,23,Sunday,1,15,12.75
5e28f72af9af8b70ebc91c7e,0039,2020-01-06 15:54:03,2020-01-07 01:08:11,2020-01-06 20:45:22,24.261,2_39_78_366_2020-01-06 15:54:03.422821,0002,CA-323,2-39-78-366,America/Los_Angeles,000003853,"[{'WhPerMile': 360, 'kWhRequested': 28.8, 'milesRequested': 80, 'minutesAvailable': 490, 'modifiedAt': 'Mon, 06 Jan 2020 15:54:11 GMT', 'paymentRequired': True, 'requestedDeparture': 'Tue, 07 Jan 2020 00:04:03 GMT', 'userID': 3853}]",9.235555555555555,4.855277777777777,15,Monday,0,15,363.91499999999996
5e28f72af9af8b70ebc91c7f,0039,2020-01-06 15:58:50,2020-01-06 16:32:28,2020-01-06 16:29:06,0.831,2_39_79_380_2020-01-06 15:58:49.622769,0002,CA-489,2-39-79-380,America/Los_Angeles,,,0.5605555555555556,0.5044444444444445,15,Monday,0,15,12.465
5e28f72af9af8b70ebc91c80,0039,2020-01-06 16:07:15,2020-01-07 03:16:11,2020-01-07 03:15:59,16.006,2_39_79_379_2020-01-06 16:07:15.399027,0002,CA-327,2-39-79-379,America/Los_Angeles,000000676,"[{'WhPerMile': 400, 'kWhRequested': 24.0, 'milesRequested': 60, 'minutesAvailable': 629, 'modifiedAt': 'Mon, 06 Jan 2020 16:07:19 GMT', 'paymentRequired': True, 'requestedDeparture': 'Tue, 07 Jan 2020 02:36:15 GMT', 'userID': 676}]",11.148888888888889,11.145555555555555,16,Monday,0,15,240.09
5e28f72af9af8b70ebc91c81,0039,2020-01-06 16:26:31,2020-01-07 01:18:35,2020-01-06 20:48:30,0.964,2_39_139_28_2020-01-06 16:26:31.205980,0002,CA-303,2-39-139-28,America/Los_Angeles,,,8.867777777777778,4.366388888888889,16,Monday,0,15,14.459999999999999
5e28f72af9af8b70ebc91c82,0039,2020-01-06 16:27:34,2020-01-06 21:59:10,2020-01-06 16:48:34,1.296,2_39_79_377_2020-01-06 16:27:33.876128,0002,CA-325,2-39-79-377,America/Los_Angeles,000000751,"[{'WhPerMile': 400, 'kWhRequested': 8.0, 'milesRequested': 20, 'minutesAvailable': 590, 'modifiedAt': 'Mon, 06 Jan 2020 16:27:44 GMT', 'paymentRequired': True, 'requestedDeparture': 'Tue, 07 Jan 2020 02:17:34 GMT', 'userID': 751}]",5.526666666666666,0.35,16,Monday,0,15,19.44
5e28f72af9af8b70ebc91c83,0039,2020-01-06 16:38:10,2020-01-07 00:09:43,2020-01-06 21:11:27,15.822,2_39_131_30_2020-01-06 16:38:10.136068,0002,CA-305,2-39-131-30,America/Los_Angeles,000000712,"[{'WhPerMile': 400, 'kWhRequested': 28.0, 'milesRequested': 70, 'minutesAvailable': 307, 'modifiedAt': 'Mon, 06 Jan 2020 16:38:20 GMT', 'paymentRequired': True, 'requestedDeparture': 'Mon, 06 Jan 2020 21:45:10 GMT', 'userID': 712}]",7.525833333333333,4.554722222222222,16,Monday,0,15,237.32999999999998
5e28f72af9af8b70ebc91c84,0039,2020-01-06 16:38:56,2020-01-06 23:08:17,2020-01-06 20:46:16,0.943,2_39_129_17_2020-01-06 16:38:56.073904,0002,CA-307,2-39-129-17,America/Los_Angeles,,,6.489166666666667,4.122222222222222,16,Monday,0,15,14.145
5e28f72af9af8b70ebc91c85,0039,2020-01-06 16:41:08,2020-01-07 01:43:10,2020-01-06 19:55:16,21.338,2_39_79_382_2020-01-06 16:41:07.846325,0002,CA-491,2-39-79-382,America/Los_Angeles,000001104,"[{'WhPerMile': 250, 'kWhRequested': 37.5, 'milesRequested': 150, 'minutesAvailable': 436, 'modifiedAt': 'Mon, 06 Jan 2020 16:41:55 GMT', 'paymentRequired': True, 'requestedDeparture': 'Mon, 06 Jan 2020 23:57:08 GMT', 'userID': 1104}]",9.033888888888889,3.2355555555555555,16,Monday,0,15,320.07
5e28f72af9af8b70ebc91c86,0039,2020-01-06 16:51:09,2020-01-06 20:27:02,2020-01-06 17:40:40,2.213,2_39_138_29_2020-01-06 16:51:08.856990,0002,CA-304,2-39-138-29,America/Los_Angeles,000001366,"[{'WhPerMile': 400, 'kWhRequested': 8.0, 'milesRequested': 20, 'minutesAvailable': 60, 'modifiedAt': 'Mon, 06 Jan 2020 16:51:32 GMT', 'paymentRequired': True, 'requestedDeparture': 'Mon, 06 Jan 2020 17:51:09 GMT', 'userID': 1366}]",3.5980555555555553,0.8252777777777778,16,Monday,0,15,33.195
5e28f72af9af8b70ebc91c87,0039,2020-01-06 17:08:17,2020-01-07 01:28:22,2020-01-06 18:19:03,3.9,2_39_127_19_2020-01-06 17:08:17.392912,0002,CA-309,2-39-127-19,America/Los_Angeles,000000567,"[{'WhPerMile': 400, 'kWhRequested': 8.0, 'milesRequested': 20, 'minutesAvailable': 596, 'modifiedAt': 'Mon, 06 Jan 2020 17:08:32 GMT', 'paymentRequired': True, 'requestedDeparture': 'Tue, 07 Jan 2020 03:04:17 GMT', 'userID': 567}]",8.334722222222222,1.1794444444444445,17,Monday,0,15,58.5
5e28f72af9af8b70ebc91c88,0039,2020-01-06 17:19:31,2020-01-07 01:59:00,2020-01-06 18:39:39,6.01,2_39_78_365_2020-01-06 17:19:30.632305,0002,CA-321,2-39-78-365,America/Los_Angeles,000000714,"[{'WhPerMile': 400, 'kWhRequested': 24.0, 'milesRequested': 60, 'minutesAvailable': 361, 'modifiedAt': 'Mon, 06 Jan 2020 17:19:44 GMT', 'paymentRequired': True, 'requestedDeparture': 'Mon, 06 Jan 2020 23:20:31 GMT', 'userID': 714}]",8.658055555555556,1.3355555555555556,17,Monday,0,15,90.14999999999999
5e28f72af9af8b70ebc91c89,0039,2020-01-06 17:27:09,2020-01-07 01:38:47,2020-01-06 23:07:07,30.26,2_39_78_363_2020-01-06 17:27:08.774394,0002,CA-320,2-39-78-363,America/Los_Angeles,000001137,"[{'WhPerMile': 400, 'kWhRequested': 40.0, 'milesRequested': 100, 'minutesAvailable': 443, 'modifiedAt': 'Mon, 06 Jan 2020 17:27:43 GMT', 'paymentRequired': True, 'requestedDeparture': 'Tue, 07 Jan 2020 00:50:09 GMT', 'userID': 1137}]",8.193888888888889,5.666111111111111,17,Monday,0,15,453.90000000000003
5e28f72af9af8b70ebc91c8a,0039,2020-01-06 17:31:57,2020-01-06 23:25:49,2020-01-06 20:48:15,0.8,2_39_130_31_2020-01-06 17:31:56.733009,0002,CA-306,2-39-130-31,America/Los_Angeles,,,5.897777777777778,3.2716666666666665,17,Monday,0,15,12.0
5e28f72af9af8b70ebc91c8b,0039,2020-01-06 17:37:05,2020-01-07 02:38:32,2020-01-06 18:24:06,1.411,2_39_89_25_2020-01-06 17:37:05.095406,0002,CA-315,2-39-89-25,America/Los_Angeles,000000324,"[{'WhPerMile': 444, 'kWhRequested': 8.88, 'milesRequested': 20, 'minutesAvailable': 70, 'modifiedAt': 'Mon, 06 Jan 2020 17:37:21 GMT', 'paymentRequired': True, 'requestedDeparture': 'Mon, 06 Jan 2020 18:47:05 GMT', 'userID': 324}]",9.024166666666666,0.7836111111111111,17,Monday,0,15,21.165
5e28f72af9af8b70ebc91c8c,0039,2020-01-06 17:48:33,2020-01-07 02:03:30,2020-01-06 19:43:32,5.961,2_39_95_27_2020-01-06 17:48:33.110861,0002,CA-319,2-39-95-27,America/Los_Angeles,000001222,"[{'WhPerMile': 400, 'kWhRequested': 8.0, 'milesRequested': 20, 'minutesAvailable': 72, 'modifiedAt': 'Mon, 06 Jan 2020 17:48:51 GMT', 'paymentRequired': True, 'requestedDeparture': 'Mon, 06 Jan 2020 19:00:33 GMT', 'userID': 1222}]",8.249166666666667,1.916388888888889,17,Monday,0,15,89.415
5e28f72af9af8b70ebc91c8d,0039,2020-01-06 17:56:31,2020-01-07 01:38:41,2020-01-06 19:24:22,4.293,2_39_90_440_2020-01-06 17:56:30.692525,0002,CA-500,2-39-90-440,America/Los_Angeles,000000743,"[{'WhPerMile': 400, 'kWhRequested': 8.0, 'milesRequested': 20, 'minutesAvailable': 447, 'modifiedAt': 'Mon, 06 Jan 2020 17:56:50 GMT', 'paymentRequired': True, 'requestedDeparture': 'Tue, 07 Jan 2020 01:23:31 GMT', 'userID': 743}]",7.7027777777777775,1.4641666666666666,17,Monday,0,15,64.395
5e28f72af9af8b70ebc91c8e,0039,2020-01-06 18:02:27,2020-01-07 02:17:48,2020-01-06 19:59:13,5.884,2_39_91_437_2020-01-06 18:02:26.750975,0002,CA-317,2-39-91-437,America/Los_Angeles,000000891,"[{'WhPerMile': 400, 'kWhRequested': 8.0, 'milesRequested': 20, 'minutesAvailable': 215, 'modifiedAt': 'Mon, 06 Jan 2020 18:03:16 GMT', 'paymentRequired': True, 'requestedDeparture': 'Mon, 06 Jan 2020 21:37:27 GMT', 'userID': 891}]",8.255833333333333,1.9461111111111111,18,Monday,0,15,88.26
5e28f72af9af8b70ebc91c8f,0039,2020-01-06 18:07:47,2020-01-07 01:17:16,2020-01-06 19:15:34,3.43,2_39_125_21_2020-01-06 18:07:47.364420,0002,CA-311,2-39-125-21,America/Los_Angeles,000002170,"[{'WhPerMile': 400, 'kWhRequested': 8.0, 'milesRequested': 20, 'minutesAvailable': 183, 'modifiedAt': 'Mon, 06 Jan 2020 18:07:53 GMT', 'paymentRequired': True, 'requestedDeparture': 'Mon, 06 Jan 2020 21:10:47 GMT', 'userID': 2170}]",7.158055555555555,1.1297222222222223,18,Monday,0,15,51.45
5e28f72af9af8b70ebc91c90,0039,2020-01-06 18:16:46,2020-01-06 22:13:17,2020-01-06 20:23:59,7.141,2_39_90_26_2020-01-06 18:16:46.074695,0002,CA-316,2-39-90-26,America/Los_Angeles,000000515,"[{'WhPerMile': 400, 'kWhRequested': 12.0, 'milesRequested': 30, 'minutesAvailable': 144, 'modifiedAt': 'Mon, 06 Jan 2020 18:17:32 GMT', 'paymentRequired': True, 'requestedDeparture': 'Mon, 06 Jan 2020 20:40:46 GMT', 'userID': 515}, {'WhPerMile': 400, 'kWhRequested': 12.0, 'milesRequested': 30, 'minutesAvailable': 144, 'modifiedAt': 'Mon, 06 Jan 2020 18:17:54 GMT', 'paymentRequired': True, 'requestedDeparture': 'Mon, 06 Jan 2020 20:40:46 GMT', 'userID': 515}]",3.9419444444444443,2.120277777777778,18,Monday,0,15,107.115
5e28f72af9af8b70ebc91c91,0039,2020-01-06 18:47:05,2020-01-07 01:35:30,2020-01-06 19:17:37,2.471,2_39_78_364_2020-01-06 18:47:04.784079,0002,CA-495,2-39-78-364,America/Los_Angeles,000001095,"[{'WhPerMile': 400, 'kWhRequested': 16.0, 'milesRequested': 40, 'minutesAvailable': 397, 'modifiedAt': 'Mon, 06 Jan 2020 18:47:11 GMT', 'paymentRequired': True, 'requestedDeparture': 'Tue, 07 Jan 2020 01:24:05 GMT', 'userID': 1095}]",6.8069444444444445,0.5088888888888888,18,Monday,0,15,37.065
5e28f72af9af8b70ebc91c92,0039,2020-01-06 19:55:18,2020-01-07 01:18:15,2020-01-06 21:30:43,4.693,2_39_79_383_2020-01-06 19:55:18.081734,0002,CA-492,2-39-79-383,America/Los_Angeles,000003389,"[{'WhPerMile': 400, 'kWhRequested': 8.0, 'milesRequested': 20, 'minutesAvailable': 190, 'modifiedAt': 'Mon, 06 Jan 2020 19:58:03 GMT', 'paymentRequired': True, 'requestedDeparture': 'Mon, 06 Jan 2020 23:05:18 GMT', 'userID': 3389}, {'WhPerMile': 400, 'kWhRequested': 8.0, 'milesRequested': 20, 'minutesAvailable': 190, 'modifiedAt': 'Mon, 06 Jan 2020 19:58:17 GMT', 'paymentRequired': True, 'requestedDeparture': 'Mon, 06 Jan 2020 23:05:18 GMT', 'userID': 3389}]",5.3825,1.5902777777777777,19,Monday,0,15,70.395
5e28f72af9af8b70ebc91c93,0039,2020-01-06 20:39:32,2020-01-06 22:48:48,2020-01-06 22:07:18,3.343,2_39_78_360_2020-01-06 20:39:31.758198,0002,CA-322,2-39-78-360,America/Los_Angeles,000000560,"[{'WhPerMile': 400, 'kWhRequested': 12.0, 'milesRequested': 30, 'minutesAvailable': 297, 'modifiedAt': 'Mon, 06 Jan 2020 20:39:43 GMT', 'paymentRequired': True, 'requestedDeparture': 'Tue, 07 Jan 2020 01:36:32 GMT', 'userID': 560}, {'WhPerMile': 400, 'kWhRequested': 12.0, 'milesRequested': 30, 'minutesAvailable': 194, 'modifiedAt': 'Mon, 06 Jan 2020 20:40:22 GMT', 'paymentRequired': True, 'requestedDeparture': 'Mon, 06 Jan 2020 23:53:32 GMT', 'userID': 560}]",2.1544444444444446,1.4627777777777777,20,Monday,0,15,50.144999999999996
5e28f72af9af8b70ebc91c94,0039,2020-01-06 21:30:35,2020-01-06 23:33:28,2020-01-06 21:50:09,0.591,2_39_92_436_2020-01-06 21:30:35.316299,0002,CA-318,2-39-92-436,America/Los_Angeles,,,2.0480555555555555,0.32611111111111113,21,Monday,0,15,8.865
5e28f72af9af8b70ebc91c95,0039,2020-01-06 23:47:38,2020-01-07 01:50:58,2020-01-07 01:06:53,3.926,2_39_130_31_2020-01-06 23:47:37.619088,0002,CA-306,2-39-130-31,America/Los_Angeles,000001366,"[{'WhPerMile': 400, 'kWhRequested': 8.0, 'milesRequested': 20, 'minutesAvailable': 60, 'modifiedAt': 'Mon, 06 Jan 2020 23:48:27 GMT', 'paymentRequired': True, 'requestedDeparture': 'Tue, 07 Jan 2020 00:47:38 GMT', 'userID': 1366}]",2.0555555555555554,1.3208333333333333,23,Monday,0,15,58.89
5e28f72af9af8b70ebc91c96,0039,2020-01-06 23:54:11,2020-01-07 03:10:18,2020-01-07 00:24:36,0.846,2_39_129_17_2020-01-06 23:54:11.010552,0002,CA-307,2-39-129-17,America/Los_Angeles,,,3.268611111111111,0.5069444444444444,23,Monday,0,15,12.69
5e28f72af9af8b70ebc91c97,0039,2020-01-07 00:51:33,2020-01-07 02:26:51,2020-01-07 01:21:53,0.888,2_39_131_30_2020-01-07 00:51:32.520469,0002,CA-305,2-39-131-30,America/Los_Angeles,,,1.5883333333333334,0.5055555555555555,0,Tuesday,0,15,13.32
5e2a48adf9af8b75aed8e908,0039,2020-01-07 16:02:34,2020-01-08 00:31:30,2020-01-07 20:40:06,1.381,2_39_79_380_2020-01-07 16:02:33.756969,0002,CA-489,2-39-79-380,America/Los_Angeles,,,8.482222222222223,4.625555555555556,16,Tuesday,0,15,20.715
5e2a48adf9af8b75aed8e909,0039,2020-01-07 16:08:38,2020-01-08 00:24:17,2020-01-07 16:46:03,3.158,2_39_79_377_2020-01-07 16:08:26.985548,0002,CA-325,2-39-79-377,America/Los_Angeles,000002461,"[{'WhPerMile': 400, 'kWhRequested': 8.0, 'milesRequested': 20, 'minutesAvailable': 273, 'modifiedAt': 'Tue, 07 Jan 2020 16:08:37 GMT', 'paymentRequired': True, 'requestedDeparture': 'Tue, 07 Jan 2020 20:41:38 GMT', 'userID': 2461}]",8.260833333333334,0.6236111111111111,16,Tuesday,0,15,47.37
5e2a48adf9af8b75aed8e90a,0039,2020-01-07 16:14:25,2020-01-08 01:00:27,2020-01-07 23:20:00,11.31,2_39_139_28_2020-01-07 16:14:11.372907,0002,CA-303,2-39-139-28,America/Los_Angeles,000004947,"[{'WhPerMile': 380, 'kWhRequested': 11.4, 'milesRequested': 30, 'minutesAvailable': 478, 'modifiedAt': 'Tue, 07 Jan 2020 16:14:25 GMT', 'paymentRequired': True, 'requestedDeparture': 'Wed, 08 Jan 2020 00:12:25 GMT', 'userID': 4947}]",8.767222222222221,7.093055555555556,16,Tuesday,0,15,169.65
5e2a48adf9af8b75aed8e90b,0039,2020-01-07 16:18:25,2020-01-07 16:27:22,2020-01-07 16:27:21,0.812,2_39_78_366_2020-01-07 16:18:24.813262,0002,CA-323,2-39-78-366,America/Los_Angeles,000003853,"[{'WhPerMile': 360, 'kWhRequested': 14.4, 'milesRequested': 40, 'minutesAvailable': 490, 'modifiedAt': 'Tue, 07 Jan 2020 16:18:32 GMT', 'paymentRequired': True, 'requestedDeparture': 'Wed, 08 Jan 2020 00:28:25 GMT', 'userID': 3853}, {'WhPerMile': 360, 'kWhRequested': 7.2, 'milesRequested': 20, 'minutesAvailable': 490, 'modifiedAt': 'Tue, 07 Jan 2020 16:18:42 GMT', 'paymentRequired': True, 'requestedDeparture': 'Wed, 08 Jan 2020 00:28:25 GMT', 'userID': 3853}]",0.14916666666666667,0.14888888888888888,16,Tuesday,0,15,12.180000000000001
5e2a48adf9af8b75aed8e90c,0039,2020-01-07 16:34:12,2020-01-08 00:44:57,2020-01-08 00:11:23,28.575,2_39_78_367_2020-01-07 16:34:11.592579,0002,CA-494,2-39-78-367,America/Los_Angeles,000001470,"[{'WhPerMile': 292, 'kWhRequested': 29.2, 'milesRequested': 100, 'minutesAvailable': 311, 'modifiedAt': 'Tue, 07 Jan 2020 16:34:20 GMT', 'paymentRequired': True, 'requestedDeparture': 'Tue, 07 Jan 2020 21:45:12 GMT', 'userID': 1470}]",8.179166666666667,7.619722222222222,16,Tuesday,0,15,428.625
5e2a48adf9af8b75aed8e90d,0039,2020-01-07 16:41:45,2020-01-08 02:47:35,2020-01-07 23:20:45,0.99,2_39_124_558_2020-01-07 16:41:45.476338,0002,CA-504,2-39-124-558,America/Los_Angeles,,,10.097222222222221,6.65,16,Tuesday,0,15,14.85
5e2a48adf9af8b75aed8e90e,0039,2020-01-07 16:44:45,2020-01-08 02:07:44,2020-01-07 23:11:26,0.852,2_39_78_366_2020-01-07 16:44:44.889177,0002,CA-323,2-39-78-366,America/Los_Angeles,,,9.383055555555556,6.4447222222222225,16,Tuesday,0,15,12.78
5e2a48adf9af8b75aed8e90f,0039,2020-01-07 16:48:17,2020-01-08 01:57:37,2020-01-07 19:54:01,20.334,2_39_79_379_2020-01-07 16:48:17.302526,0002,CA-327,2-39-79-379,America/Los_Angeles,000001104,"[{'WhPerMile': 250, 'kWhRequested': 37.5, 'milesRequested': 150, 'minutesAvailable': 436, 'modifiedAt': 'Tue, 07 Jan 2020 16:49:00 GMT', 'paymentRequired': True, 'requestedDeparture': 'Wed, 08 Jan 2020 00:04:17 GMT', 'userID': 1104}]",9.155555555555555,3.0955555555555554,16,Tuesday,0,15,305.01
5e2a48adf9af8b75aed8e910,0039,2020-01-07 17:07:19,2020-01-08 00:12:31,2020-01-07 18:29:48,4.073,2_39_89_25_2020-01-07 17:07:19.306022,0002,CA-315,2-39-89-25,America/Los_Angeles,000000743,"[{'WhPerMile': 400, 'kWhRequested': 8.0, 'milesRequested': 20, 'minutesAvailable': 447, 'modifiedAt': 'Tue, 07 Jan 2020 17:07:37 GMT', 'paymentRequired': True, 'requestedDeparture': 'Wed, 08 Jan 2020 00:34:19 GMT', 'userID': 743}, {'WhPerMile': 400, 'kWhRequested': 8.0, 'milesRequested': 20, 'minutesAvailable': 447, 'modifiedAt': 'Tue, 07 Jan 2020 17:08:02 GMT', 'paymentRequired': True, 'requestedDeparture': 'Wed, 08 Jan 2020 00:34:19 GMT', 'userID': 743}]",7.086666666666667,1.3747222222222222,17,Tuesday,0,15,61.095000000000006
5e2a48adf9af8b75aed8e911,0039,2020-01-07 17:09:37,2020-01-08 01:28:57,2020-01-07 19:30:28,8.983,2_39_78_360_2020-01-07 17:09:37.198411,0002,CA-322,2-39-78-360,America/Los_Angeles,000001137,"[{'WhPerMile': 400, 'kWhRequested': 20.0, 'milesRequested': 50, 'minutesAvailable': 460, 'modifiedAt': 'Tue, 07 Jan 2020 17:10:25 GMT', 'paymentRequired': True, 'requestedDeparture': 'Wed, 08 Jan 2020 00:49:37 GMT', 'userID': 1137}]",8.322222222222223,2.3475,17,Tuesday,0,15,134.745
5e2a48adf9af8b75aed8e912,0039,2020-01-07 17:18:08,2020-01-08 01:56:09,2020-01-07 18:50:28,10.451,2_39_95_27_2020-01-07 17:18:08.277614,0002,CA-319,2-39-95-27,America/Los_Angeles,000000714,"[{'WhPerMile': 400, 'kWhRequested': 24.0, 'milesRequested': 60, 'minutesAvailable': 361, 'modifiedAt': 'Tue, 07 Jan 2020 17:18:42 GMT', 'paymentRequired': True, 'requestedDeparture': 'Tue, 07 Jan 2020 23:19:08 GMT', 'userID': 714}]",8.633611111111112,1.538888888888889,17,Tuesday,0,15,156.76500000000001
5e2a48adf9af8b75aed8e913,0039,2020-01-07 17:56:01,2020-01-07 22:44:12,2020-01-07 22:27:53,0.961,2_39_78_363_2020-01-07 17:56:00.645488,0002,CA-320,2-39-78-363,America/Los_Angeles,,,4.803055555555556,4.5311111111111115,17,Tuesday,0,15,14.415
5e2a48adf9af8b75aed8e914,0039,2020-01-07 18:01:29,2020-01-08 02:41:04,2020-01-07 20:30:22,17.273,2_39_95_444_2020-01-07 18:01:29.003460,0002,CA-497,2-39-95-444,America/Los_Angeles,000002961,"[{'WhPerMile': 400, 'kWhRequested': 40.0, 'milesRequested': 100, 'minutesAvailable': 60, 'modifiedAt': 'Tue, 07 Jan 2020 18:01:42 GMT', 'paymentRequired': True, 'requestedDeparture': 'Tue, 07 Jan 2020 19:01:29 GMT', 'userID': 2961}]",8.659722222222221,2.481388888888889,18,Tuesday,0,15,259.09499999999997
5e2a48adf9af8b75aed8e915,0039,2020-01-07 18:02:14,2020-01-07 18:39:58,2020-01-07 18:33:18,0.992,2_39_78_361_2020-01-07 18:02:14.215729,0002,CA-493,2-39-78-361,America/Los_Angeles,,,0.6288888888888889,0.5177777777777778,18,Tuesday,0,15,14.879999999999999
5e2a48adf9af8b75aed8e916,0039,2020-01-07 18:18:52,2020-01-08 02:06:18,2020-01-07 20:18:11,12.102,2_39_91_437_2020-01-07 18:18:52.016000,0002,CA-317,2-39-91-437,America/Los_Angeles,000001095,"[{'WhPerMile': 400, 'kWhRequested': 16.0, 'milesRequested': 40, 'minutesAvailable': 397, 'modifiedAt': 'Tue, 07 Jan 2020 18:19:04 GMT', 'paymentRequired': True, 'requestedDeparture': 'Wed, 08 Jan 2020 00:55:52 GMT', 'userID': 1095}]",7.790555555555556,1.988611111111111,18,Tuesday,0,15,181.53
5e2a48adf9af8b75aed8e917,0039,2020-01-07 18:19:25,2020-01-08 01:20:41,2020-01-07 18:45:57,0.736,2_39_79_376_2020-01-07 18:19:25.324169,0002,CA-324,2-39-79-376,America/Los_Angeles,,,7.021111111111111,0.44222222222222224,18,Tuesday,0,15,11.04
5e2a48adf9af8b75aed8e918,0039,2020-01-07 18:41:44,2020-01-08 00:33:07,2020-01-07 20:23:35,3.346,2_39_79_383_2020-01-07 18:41:44.053230,0002,CA-492,2-39-79-383,America/Los_Angeles,000000634,"[{'WhPerMile': 300, 'kWhRequested': 9.0, 'milesRequested': 30, 'minutesAvailable': 400, 'modifiedAt': 'Tue, 07 Jan 2020 18:42:01 GMT', 'paymentRequired': True, 'requestedDeparture': 'Wed, 08 Jan 2020 01:21:44 GMT', 'userID': 634}, {'WhPerMile': 300, 'kWhRequested': 9.0, 'milesRequested': 30, 'minutesAvailable': 320, 'modifiedAt': 'Tue, 07 Jan 2020 20:17:03 GMT', 'paymentRequired': True, 'requestedDeparture': 'Wed, 08 Jan 2020 00:01:44 GMT', 'userID': 634}]",5.856388888888889,1.6975,18,Tuesday,0,15,50.19
5e2a48adf9af8b75aed8e919,0039,2020-01-07 19:11:32,2020-01-08 01:02:39,2020-01-07 20:23:22,3.527,2_39_130_31_2020-01-07 19:11:31.617969,0002,CA-306,2-39-130-31,America/Los_Angeles,000001366,"[{'WhPerMile': 400, 'kWhRequested': 8.0, 'milesRequested': 20, 'minutesAvailable': 60, 'modifiedAt': 'Tue, 07 Jan 2020 19:11:44 GMT', 'paymentRequired': True, 'requestedDeparture': 'Tue, 07 Jan 2020 20:11:32 GMT', 'userID': 1366}]",5.851944444444444,1.1972222222222222,19,Tuesday,0,15,52.905
5e2a48adf9af8b75aed8e91a,0039,2020-01-07 19:18:22,2020-01-08 00:38:00,2020-01-07 21:50:45,15.039,2_39_78_361_2020-01-07 19:18:22.250952,0002,CA-493,2-39-78-361,America/Los_Angeles,000000069,"[{'WhPerMile': 400, 'kWhRequested': 40.0, 'milesRequested': 100, 'minutesAvailable': 363, 'modifiedAt': 'Tue, 07 Jan 2020 19:18:39 GMT', 'paymentRequired': True, 'requestedDeparture': 'Wed, 08 Jan 2020 01:21:22 GMT', 'userID': 69}]",5.327222222222222,2.539722222222222,19,Tuesday,0,15,225.585
5e2a48adf9af8b75aed8e91b,0039,2020-01-07 20:11:49,2020-01-08 03:27:20,2020-01-08 00:14:00,22.382,2_39_123_23_2020-01-07 20:11:49.110350,0002,CA-313,2-39-123-23,America/Los_Angeles,000004011,"[{'WhPerMile': 375, 'kWhRequested': 22.5, 'milesRequested': 60, 'minutesAvailable': 462, 'modifiedAt': 'Tue, 07 Jan 2020 20:12:56 GMT', 'paymentRequired': True, 'requestedDeparture': 'Wed, 08 Jan 2020 03:53:49 GMT', 'userID': 4011}, {'WhPerMile': 375, 'kWhRequested': 22.5, 'milesRequested': 60, 'minutesAvailable': 462, 'modifiedAt': 'Wed, 08 Jan 2020 03:27:15 GMT', 'paymentRequired': True, 'requestedDeparture': 'Wed, 08 Jan 2020 03:53:49 GMT', 'userID': 4011}]",7.258611111111111,4.036388888888889,20,Tuesday,0,15,335.73
5e2a48adf9af8b75aed8e91c,0039,2020-01-07 20:19:40,2020-01-08 01:10:06,2020-01-07 21:25:52,3.352,2_39_88_24_2020-01-07 20:19:39.760082,0002,CA-314,2-39-88-24,America/Los_Angeles,000002170,"[{'WhPerMile': 400, 'kWhRequested': 8.0, 'milesRequested': 20, 'minutesAvailable': 183, 'modifiedAt': 'Tue, 07 Jan 2020 20:19:50 GMT', 'paymentRequired': True, 'requestedDeparture': 'Tue, 07 Jan 2020 23:22:40 GMT', 'userID': 2170}]",4.8405555555555555,1.1033333333333333,20,Tuesday,0,15,50.28
5e2a48adf9af8b75aed8e91d,0039,2020-01-07 20:29:34,2020-01-07 21:30:46,2020-01-07 21:30:42,3.436,2_39_79_381_2020-01-07 20:29:14.889944,0002,CA-490,2-39-79-381,America/Los_Angeles,000001093,"[{'WhPerMile': 333, 'kWhRequested': 6.66, 'milesRequested': 20, 'minutesAvailable': 66, 'modifiedAt': 'Tue, 07 Jan 2020 20:29:33 GMT', 'paymentRequired': True, 'requestedDeparture': 'Tue, 07 Jan 2020 21:35:34 GMT', 'userID': 1093}]",1.02,1.018888888888889,20,Tuesday,0,15,51.54
5e2a48adf9af8b75aed8e91e,0039,2020-01-07 20:37:23,2020-01-08 01:26:14,2020-01-07 21:50:13,2.328,2_39_90_26_2020-01-07 20:37:23.109854,0002,CA-316,2-39-90-26,America/Los_Angeles,000001082,"[{'WhPerMile': 400, 'kWhRequested': 8.0, 'milesRequested': 20, 'minutesAvailable': 64, 'modifiedAt': 'Tue, 07 Jan 2020 20:40:40 GMT', 'paymentRequired': True, 'requestedDeparture': 'Tue, 07 Jan 2020 21:41:23 GMT', 'userID': 1082}]",4.814166666666667,1.2138888888888888,20,Tuesday,0,15,34.919999999999995
5e2a48adf9af8b75aed8e91f,0039,2020-01-07 20:44:18,2020-01-08 00:05:37,2020-01-07 22:49:40,13.449,2_39_129_17_2020-01-07 20:44:18.282719,0002,CA-307,2-39-129-17,America/Los_Angeles,000001912,"[{'WhPerMile': 400, 'kWhRequested': 20.0, 'milesRequested': 50, 'minutesAvailable': 196, 'modifiedAt': 'Tue, 07 Jan 2020 20:44:31 GMT', 'paymentRequired': True, 'requestedDeparture': 'Wed, 08 Jan 2020 00:00:18 GMT', 'userID': 1912}]",3.355277777777778,2.0894444444444447,20,Tuesday,0,15,201.73499999999999
5e2a48adf9af8b75aed8e920,0039,2020-01-07 20:55:52,2020-01-07 21:20:38,2020-01-07 21:20:30,0.679,2_39_126_20_2020-01-07 20:55:52.355261,0002,CA-310,2-39-126-20,America/Los_Angeles,,,0.4127777777777778,0.41055555555555556,20,Tuesday,0,15,10.185
5e2a48adf9af8b75aed8e921,0039,2020-01-07 21:18:55,2020-01-07 22:04:06,2020-01-07 22:04:00,1.913,2_39_138_29_2020-01-07 21:18:55.159507,0002,CA-304,2-39-138-29,America/Los_Angeles,000000533,"[{'WhPerMile': 400, 'kWhRequested': 8.0, 'milesRequested': 20, 'minutesAvailable': 65, 'modifiedAt': 'Tue, 07 Jan 2020 21:20:35 GMT', 'paymentRequired': True, 'requestedDeparture': 'Tue, 07 Jan 2020 22:23:55 GMT', 'userID': 533}, {'WhPerMile': 400, 'kWhRequested': 12.0, 'milesRequested': 30, 'minutesAvailable': 109, 'modifiedAt': 'Tue, 07 Jan 2020 21:21:06 GMT', 'paymentRequired': True, 'requestedDeparture': 'Tue, 07 Jan 2020 23:07:55 GMT', 'userID': 533}, {'WhPerMile': 400, 'kWhRequested': 12.0, 'milesRequested': 30, 'minutesAvailable': 109, 'modifiedAt': 'Tue, 07 Jan 2020 21:22:26 GMT', 'paymentRequired': True, 'requestedDeparture': 'Tue, 07 Jan 2020 23:07:55 GMT', 'userID': 533}]",0.7530555555555556,0.7513888888888889,21,Tuesday,0,15,28.695
5e2a48adf9af8b75aed8e922,0039,2020-01-07 21:22:49,2020-01-08 00:36:19,2020-01-08 00:35:56,4.443,2_39_131_30_2020-01-07 21:22:49.291498,0002,CA-305,2-39-131-30,America/Los_Angeles,000000668,"[{'WhPerMile': 425, 'kWhRequested': 4.25, 'milesRequested': 10, 'minutesAvailable': 455, 'modifiedAt': 'Tue, 07 Jan 2020 21:24:47 GMT', 'paymentRequired': True, 'requestedDeparture': 'Wed, 08 Jan 2020 04:57:49 GMT', 'userID': 668}]",3.225,3.218611111111111,21,Tuesday,0,15,66.645
5e2a48adf9af8b75aed8e923,0039,2020-01-08 00:02:24,2020-01-08 02:20:56,2020-01-08 02:01:13,6.083,2_39_127_19_2020-01-08 00:02:24.280980,0002,CA-309,2-39-127-19,America/Los_Angeles,000001920,"[{'WhPerMile': 450, 'kWhRequested': 9.0, 'milesRequested': 20, 'minutesAvailable': 61, 'modifiedAt': 'Wed, 08 Jan 2020 00:02:59 GMT', 'paymentRequired': True, 'requestedDeparture': 'Wed, 08 Jan 2020 01:03:24 GMT', 'userID': 1920}, {'WhPerMile': 450, 'kWhRequested': 9.0, 'milesRequested': 20, 'minutesAvailable': 91, 'modifiedAt': 'Wed, 08 Jan 2020 00:03:16 GMT', 'paymentRequired': True, 'requestedDeparture': 'Wed, 08 Jan 2020 01:33:24 GMT', 'userID': 1920}]",2.3088888888888888,1.9802777777777778,0,Wednesday,0,15,91.245
5e2a48adf9af8b75aed8e924,0039,2020-01-08 00:24:44,2020-01-08 01:14:58,2020-01-08 01:08:55,0.971,2_39_138_29_2020-01-08 00:24:43.948203,0002,CA-304,2-39-138-29,America/Los_Angeles,,,0.8372222222222222,0.7363888888888889,0,Wednesday,0,15,14.565
5e2a48adf9af8b75aed8e925,0039,2020-01-08 01:13:30,2020-01-08 06:01:58,2020-01-08 05:41:28,15.307,2_39_139_28_2020-01-08 01:13:30.507280,0002,CA-303,2-39-139-28,America/Los_Angeles,000000838,"[{'WhPerMile': 600, 'kWhRequested': 36.0, 'milesRequested': 60, 'minutesAvailable': 287, 'modifiedAt': 'Wed, 08 Jan 2020 01:14:00 GMT', 'paymentRequired': True, 'requestedDeparture': 'Wed, 08 Jan 2020 06:00:30 GMT', 'userID': 838}, {'WhPerMile': 600, 'kWhRequested': 36.0, 'milesRequested': 60, 'minutesAvailable': 287, 'modifiedAt': 'Wed, 08 Jan 2020 01:14:06 GMT', 'paymentRequired': True, 'requestedDeparture': 'Wed, 08 Jan 2020 06:00:30 GMT', 'userID': 838}]",4.807777777777778,4.466111111111111,1,Wednesday,0,15,229.60500000000002
5e2a48adf9af8b75aed8e926,0039,2020-01-08 01:18:52,2020-01-08 02:42:05,2020-01-08 01:55:18,1.425,2_39_131_30_2020-01-08 01:18:51.896007,0002,CA-305,2-39-131-30,America/Los_Angeles,000000365,"[{'WhPerMile': 333, 'kWhRequested': 9.99, 'milesRequested': 30, 'minutesAvailable': 104, 'modifiedAt': 'Wed, 08 Jan 2020 01:19:29 GMT', 'paymentRequired': True, 'requestedDeparture': 'Wed, 08 Jan 2020 03:02:52 GMT', 'userID': 365}]",1.3869444444444445,0.6072222222222222,1,Wednesday,0,15,21.375
5e2a48adf9af8b75aed8e927,0039,2020-01-08 03:07:09,2020-01-08 03:39:04,2020-01-08 03:38:05,0.902,2_39_129_17_2020-01-08 03:07:08.706728,0002,CA-307,2-39-129-17,America/Los_Angeles,,,0.5319444444444444,0.5155555555555555,3,Wednesday,0,15,13.530000000000001
5e2a48adf9af8b75aed8e928,0039,2020-01-08 03:34:44,2020-01-08 04:31:52,2020-01-08 04:31:01,1.309,2_39_138_29_2020-01-08 03:34:43.874159,0002,CA-304,2-39-138-29,America/Los_Angeles,,,0.9522222222222222,0.9380555555555555,3,Wednesday,0,15,19.634999999999998
5e2a48adf9af8b75aed8e929,0039,2020-01-08 03:43:10,2020-01-08 06:08:46,2020-01-08 06:08:42,15.08,2_39_128_18_2020-01-08 03:43:09.855899,0002,CA-308,2-39-128-18,America/Los_Angeles,000001099,"[{'WhPerMile': 400, 'kWhRequested': 32.0, 'milesRequested': 80, 'minutesAvailable': 164, 'modifiedAt': 'Wed, 08 Jan 2020 03:44:01 GMT', 'paymentRequired': True, 'requestedDeparture': 'Wed, 08 Jan 2020 06:27:10 GMT', 'userID': 1099}]",2.4266666666666667,2.4255555555555555,3,Wednesday,0,15,226.2
5e2b9a2af9af8b7d745b12e8,0039,2020-01-08 16:01:10,2020-01-08 22:31:22,2020-01-08 21:44:12,0.867,2_39_79_380_2020-01-08 16:01:09.994789,0002,CA-489,2-39-79-380,America/Los_Angeles,,,6.503333333333333,5.717222222222222,16,Wednesday,0,15,13.004999999999999
5e2b9a2af9af8b7d745b12e9,0039,2020-01-08 16:12:49,2020-01-09 01:39:37,2020-01-09 00:24:05,15.141,2_39_78_366_2020-01-08 16:12:48.710988,0002,CA-323,2-39-78-366,America/Los_Angeles,000003853,"[{'WhPerMile': 360, 'kWhRequested': 18.0, 'milesRequested': 50, 'minutesAvailable': 490, 'modifiedAt': 'Wed, 08 Jan 2020 16:13:00 GMT', 'paymentRequired': True, 'requestedDeparture': 'Thu, 09 Jan 2020 00:22:49 GMT', 'userID': 3853}]",9.446666666666667,8.187777777777777,16,Wednesday,0,15,227.115
5e2b9a2af9af8b7d745b12ea,0039,2020-01-08 16:32:07,2020-01-08 19:51:07,2020-01-08 16:58:46,1.609,2_39_79_377_2020-01-08 16:32:07.072408,0002,CA-325,2-39-79-377,America/Los_Angeles,000000751,"[{'WhPerMile': 400, 'kWhRequested': 8.0, 'milesRequested': 20, 'minutesAvailable': 590, 'modifiedAt': 'Wed, 08 Jan 2020 16:32:41 GMT', 'paymentRequired': True, 'requestedDeparture': 'Thu, 09 Jan 2020 02:22:07 GMT', 'userID': 751}]",3.316666666666667,0.44416666666666665,16,Wednesday,0,15,24.134999999999998
5e2b9a2af9af8b7d745b12eb,0039,2020-01-08 16:36:23,2020-01-09 00:42:08,2020-01-08 17:31:36,2.616,2_39_138_29_2020-01-08 16:36:22.541067,0002,CA-304,2-39-138-29,America/Los_Angeles,000001366,"[{'WhPerMile': 400, 'kWhRequested': 8.0, 'milesRequested': 20, 'minutesAvailable': 60, 'modifiedAt': 'Wed, 08 Jan 2020 16:36:31 GMT', 'paymentRequired': True, 'requestedDeparture': 'Wed, 08 Jan 2020 17:36:23 GMT', 'userID': 1366}]",8.095833333333333,0.9202777777777778,16,Wednesday,0,15,39.24
5e2b9a2af9af8b7d745b12ec,0039,2020-01-08 16:41:51,2020-01-09 01:38:50,2020-01-09 01:00:39,1.017,2_39_78_363_2020-01-08 16:41:51.130310,0002,CA-320,2-39-78-363,America/Los_Angeles,,,8.949722222222222,8.313333333333333,16,Wednesday,0,15,15.254999999999999
5e2b9a2af9af8b7d745b12ed,0039,2020-01-08 16:45:11,2020-01-09 01:11:37,2020-01-08 18:43:43,6.326,2_39_79_379_2020-01-08 16:45:10.828203,0002,CA-327,2-39-79-379,America/Los_Angeles,000005368,"[{'WhPerMile': 600, 'kWhRequested': 12.0, 'milesRequested': 20, 'minutesAvailable': 60, 'modifiedAt': 'Wed, 08 Jan 2020 16:48:18 GMT', 'paymentRequired': True, 'requestedDeparture': 'Wed, 08 Jan 2020 17:45:11 GMT', 'userID': 5368}]",8.440555555555555,1.9755555555555555,16,Wednesday,0,15,94.89
5e2b9a2af9af8b7d745b12ee,0039,2020-01-08 16:51:21,2020-01-09 01:30:09,2020-01-08 20:04:14,20.866,2_39_79_382_2020-01-08 16:51:21.322414,0002,CA-491,2-39-79-382,America/Los_Angeles,000001104,"[{'WhPerMile': 250, 'kWhRequested': 37.5, 'milesRequested': 150, 'minutesAvailable': 436, 'modifiedAt': 'Wed, 08 Jan 2020 16:53:24 GMT', 'paymentRequired': True, 'requestedDeparture': 'Thu, 09 Jan 2020 00:07:21 GMT', 'userID': 1104}]",8.646666666666667,3.214722222222222,16,Wednesday,0,15,312.99
5e2b9a2af9af8b7d745b12ef,0039,2020-01-08 17:03:38,2020-01-09 01:22:12,2020-01-08 18:42:21,4.989,2_39_89_25_2020-01-08 17:03:38.145516,0002,CA-315,2-39-89-25,America/Los_Angeles,000000743,"[{'WhPerMile': 400, 'kWhRequested': 8.0, 'milesRequested': 20, 'minutesAvailable': 447, 'modifiedAt': 'Wed, 08 Jan 2020 17:03:56 GMT', 'paymentRequired': True, 'requestedDeparture': 'Thu, 09 Jan 2020 00:30:38 GMT', 'userID': 743}]",8.309444444444445,1.6452777777777778,17,Wednesday,0,15,74.835
5e2b9a2af9af8b7d745b12f0,0039,2020-01-08 17:08:31,2020-01-09 05:30:02,2020-01-08 18:09:17,1.95,2_39_91_437_2020-01-08 17:08:31.235522,0002,CA-317,2-39-91-437,America/Los_Angeles,000000324,"[{'WhPerMile': 444, 'kWhRequested': 8.88, 'milesRequested': 20, 'minutesAvailable': 70, 'modifiedAt': 'Wed, 08 Jan 2020 17:08:46 GMT', 'paymentRequired': True, 'requestedDeparture': 'Wed, 08 Jan 2020 18:18:31 GMT', 'userID': 324}]",12.358611111111111,1.0127777777777778,17,Wednesday,0,15,29.25
5e2b9a2af9af8b7d745b12f1,0039,2020-01-08 17:09:10,2020-01-09 00:25:17,2020-01-08 18:57:16,10.929,2_39_92_436_2020-01-08 17:09:10.502784,0002,CA-318,2-39-92-436,America/Los_Angeles,000001095,"[{'WhPerMile': 400, 'kWhRequested': 16.0, 'milesRequested': 40, 'minutesAvailable': 411, 'modifiedAt': 'Wed, 08 Jan 2020 17:09:20 GMT', 'paymentRequired': True, 'requestedDeparture': 'Thu, 09 Jan 2020 00:00:10 GMT', 'userID': 1095}]",7.268611111111111,1.8016666666666667,17,Wednesday,0,15,163.935
5e2b9a2af9af8b7d745b12f2,0039,2020-01-08 17:16:12,2020-01-08 18:27:46,2020-01-08 18:27:41,3.605,2_39_79_381_2020-01-08 17:16:12.235518,0002,CA-490,2-39-79-381,America/Los_Angeles,000001091,"[{'WhPerMile': 300, 'kWhRequested': 9.0, 'milesRequested': 30, 'minutesAvailable': 90, 'modifiedAt': 'Wed, 08 Jan 2020 17:16:58 GMT', 'paymentRequired': True, 'requestedDeparture': 'Wed, 08 Jan 2020 18:46:12 GMT', 'userID': 1091}]",1.1927777777777777,1.1913888888888888,17,Wednesday,0,15,54.075
5e2b9a2af9af8b7d745b12f3,0039,2020-01-08 17:34:15,2020-01-08 23:36:28,2020-01-08 23:37:25,9.225,2_39_78_362_2020-01-08 17:34:14.763455,0002,CA-496,2-39-78-362,America/Los_Angeles,000001470,"[{'WhPerMile': 292, 'kWhRequested': 11.68, 'milesRequested': 40, 'minutesAvailable': 311, 'modifiedAt': 'Wed, 08 Jan 2020 17:34:23 GMT', 'paymentRequired': True, 'requestedDeparture': 'Wed, 08 Jan 2020 22:45:15 GMT', 'userID': 1470}]",6.036944444444444,6.052777777777778,17,Wednesday,0,15,138.375
5e2b9a2af9af8b7d745b12f4,0039,2020-01-08 17:57:00,2020-01-09 00:04:48,2020-01-08 19:57:38,12.886,2_39_139_28_2020-01-08 17:57:00.106655,0002,CA-303,2-39-139-28,America/Los_Angeles,000001912,"[{'WhPerMile': 400, 'kWhRequested': 20.0, 'milesRequested': 50, 'minutesAvailable': 196, 'modifiedAt': 'Wed, 08 Jan 2020 17:57:07 GMT', 'paymentRequired': True, 'requestedDeparture': 'Wed, 08 Jan 2020 21:13:00 GMT', 'userID': 1912}]",6.13,2.0105555555555554,17,Wednesday,0,15,193.29
5e2b9a2af9af8b7d745b12f5,0039,2020-01-08 18:01:17,2020-01-09 02:05:35,2020-01-08 20:23:20,13.13,2_39_79_376_2020-01-08 18:01:16.918074,0002,CA-324,2-39-79-376,America/Los_Angeles,000000714,"[{'WhPerMile': 400, 'kWhRequested': 24.0, 'milesRequested': 60, 'minutesAvailable': 361, 'modifiedAt': 'Wed, 08 Jan 2020 18:01:39 GMT', 'paymentRequired': True, 'requestedDeparture': 'Thu, 09 Jan 2020 00:02:17 GMT', 'userID': 714}]",8.071666666666667,2.3675,18,Wednesday,0,15,196.95000000000002
5e2b9a2af9af8b7d745b12f6,0039,2020-01-08 19:29:18,2020-01-08 20:59:48,2020-01-08 19:59:38,0.79,2_39_124_22_2020-01-08 19:29:18.415205,0002,CA-312,2-39-124-22,America/Los_Angeles,,,1.5083333333333333,0.5055555555555555,19,Wednesday,0,15,11.850000000000001
5e2b9a2af9af8b7d745b12f7,0039,2020-01-08 19:56:27,2020-01-09 01:33:03,2020-01-08 21:54:48,6.249,2_39_123_23_2020-01-08 19:56:26.883685,0002,CA-313,2-39-123-23,America/Los_Angeles,000002170,"[{'WhPerMile': 400, 'kWhRequested': 8.0, 'milesRequested': 20, 'minutesAvailable': 183, 'modifiedAt': 'Wed, 08 Jan 2020 19:57:15 GMT', 'paymentRequired': True, 'requestedDeparture': 'Wed, 08 Jan 2020 22:59:27 GMT', 'userID': 2170}]",5.61,1.9725,19,Wednesday,0,15,93.735
5e2b9a2af9af8b7d745b12f8,0039,2020-01-08 20:23:19,2020-01-08 22:57:43,2020-01-08 22:40:53,7.41,2_39_92_442_2020-01-08 20:23:02.781043,0002,CA-498,2-39-92-442,America/Los_Angeles,000003711,"[{'WhPerMile': 375, 'kWhRequested': 15.0, 'milesRequested': 40, 'minutesAvailable': 133, 'modifiedAt': 'Wed, 08 Jan 2020 20:23:18 GMT', 'paymentRequired': True, 'requestedDeparture': 'Wed, 08 Jan 2020 22:36:19 GMT', 'userID': 3711}]",2.5733333333333333,2.292777777777778,20,Wednesday,0,15,111.15
5e2b9a2af9af8b7d745b12f9,0039,2020-01-08 20:45:16,2020-01-09 01:18:56,2020-01-08 22:38:18,5.862,2_39_79_383_2020-01-08 20:45:16.393274,0002,CA-492,2-39-79-383,America/Los_Angeles,000001222,"[{'WhPerMile': 400, 'kWhRequested': 8.0, 'milesRequested': 20, 'minutesAvailable': 72, 'modifiedAt': 'Wed, 08 Jan 2020 20:45:32 GMT', 'paymentRequired': True, 'requestedDeparture': 'Wed, 08 Jan 2020 21:57:16 GMT', 'userID': 1222}]",4.561111111111111,1.883888888888889,20,Wednesday,0,15,87.93
5e2b9a2af9af8b7d745b12fa,0039,2020-01-08 20:58:15,2020-01-09 03:39:45,2020-01-09 01:00:36,22.388,2_39_131_30_2020-01-08 20:58:14.811792,0002,CA-305,2-39-131-30,America/Los_Angeles,000004011,"[{'WhPerMile': 375, 'kWhRequested': 22.5, 'milesRequested': 60, 'minutesAvailable': 462, 'modifiedAt': 'Wed, 08 Jan 2020 20:58:25 GMT', 'paymentRequired': True, 'requestedDeparture': 'Thu, 09 Jan 2020 04:40:15 GMT', 'userID': 4011}, {'WhPerMile': 375, 'kWhRequested': 22.5, 'milesRequested': 60, 'minutesAvailable': 462, 'modifiedAt': 'Thu, 09 Jan 2020 03:39:00 GMT', 'paymentRequired': True, 'requestedDeparture': 'Thu, 09 Jan 2020 04:40:15 GMT', 'userID': 4011}]",6.691666666666666,4.039166666666667,20,Wednesday,0,15,335.82000000000005
5e2b9a2af9af8b7d745b12fb,0039,2020-01-08 21:05:17,2020-01-09 00:15:26,2020-01-08 23:02:40,6.756,2_39_78_360_2020-01-08 21:05:16.540896,0002,CA-322,2-39-78-360,America/Los_Angeles,000001091,"[{'WhPerMile': 300, 'kWhRequested': 9.0, 'milesRequested': 30, 'minutesAvailable': 139, 'modifiedAt': 'Wed, 08 Jan 2020 21:05:26 GMT', 'paymentRequired': True, 'requestedDeparture': 'Wed, 08 Jan 2020 23:24:17 GMT', 'userID': 1091}]",3.1691666666666665,1.956388888888889,21,Wednesday,0,15,101.34
5e2b9a2af9af8b7d745b12fc,0039,2020-01-09 02:07:05,2020-01-09 05:25:11,2020-01-09 05:25:02,11.746,2_39_139_28_2020-01-09 02:07:05.333312,0002,CA-303,2-39-139-28,America/Los_Angeles,000000838,"[{'WhPerMile': 600, 'kWhRequested': 36.0, 'milesRequested': 60, 'minutesAvailable': 287, 'modifiedAt': 'Thu, 09 Jan 2020 02:07:18 GMT', 'paymentRequired': True, 'requestedDeparture': 'Thu, 09 Jan 2020 06:54:05 GMT', 'userID': 838}, {'WhPerMile': 600, 'kWhRequested': 36.0, 'milesRequested': 60, 'minutesAvailable': 287, 'modifiedAt': 'Thu, 09 Jan 2020 02:07:28 GMT', 'paymentRequired': True, 'requestedDeparture': 'Thu, 09 Jan 2020 06:54:05 GMT', 'userID': 838}]",3.3016666666666667,3.299166666666667,2,Thursday,0,15,176.19
5e2b9a2af9af8b7d745b12fd,0039,2020-01-09 04:43:48,2020-01-09 06:04:15,2020-01-09 06:03:51,4.627,2_39_126_20_2020-01-09 04:43:47.940850,0002,CA-310,2-39-126-20,America/Los_Angeles,000004622,"[{'WhPerMile': 300, 'kWhRequested': 6.0, 'milesRequested': 20, 'minutesAvailable': 127, 'modifiedAt': 'Thu, 09 Jan 2020 04:44:23 GMT', 'paymentRequired': True, 'requestedDeparture': 'Thu, 09 Jan 2020 06:50:48 GMT', 'userID': 4622}, {'WhPerMile': 300, 'kWhRequested': 6.0, 'milesRequested': 20, 'minutesAvailable': 127, 'modifiedAt': 'Thu, 09 Jan 2020 06:03:48 GMT', 'paymentRequired': True, 'requestedDeparture': 'Thu, 09 Jan 2020 06:50:48 GMT', 'userID': 4622}]",1.3408333333333333,1.3341666666666667,4,Thursday,0,15,69.405
5e2cebb1f9af8b027e9a5811,0039,2020-01-09 16:04:15,2020-01-09 23:29:44,2020-01-09 16:34:35,0.843,2_39_79_380_2020-01-09 16:04:14.830518,0002,CA-489,2-39-79-380,America/Los_Angeles,,,7.424722222222222,0.5055555555555555,16,Thursday,0,15,12.645
5e2cebb1f9af8b027e9a5812,0039,2020-01-09 16:10:47,2020-01-09 23:35:50,2020-01-09 19:59:52,13.202,2_39_139_28_2020-01-09 16:10:37.336926,0002,CA-303,2-39-139-28,America/Los_Angeles,000004947,"[{'WhPerMile': 380, 'kWhRequested': 15.2, 'milesRequested': 40, 'minutesAvailable': 443, 'modifiedAt': 'Thu, 09 Jan 2020 16:10:47 GMT', 'paymentRequired': True, 'requestedDeparture': 'Thu, 09 Jan 2020 23:33:47 GMT', 'userID': 4947}, {'WhPerMile': 380, 'kWhRequested': 15.2, 'milesRequested': 40, 'minutesAvailable': 366, 'modifiedAt': 'Thu, 09 Jan 2020 17:48:26 GMT', 'paymentRequired': True, 'requestedDeparture': 'Thu, 09 Jan 2020 22:16:47 GMT', 'userID': 4947}]",7.4175,3.8180555555555555,16,Thursday,0,15,198.03
5e2cebb1f9af8b027e9a5813,0039,2020-01-09 16:19:20,2020-01-09 21:15:37,2020-01-09 17:48:45,9.424,2_39_78_367_2020-01-09 16:19:20.277716,0002,CA-494,2-39-78-367,America/Los_Angeles,000001470,"[{'WhPerMile': 292, 'kWhRequested': 11.68, 'milesRequested': 40, 'minutesAvailable': 311, 'modifiedAt': 'Thu, 09 Jan 2020 16:19:37 GMT', 'paymentRequired': True, 'requestedDeparture': 'Thu, 09 Jan 2020 21:30:20 GMT', 'userID': 1470}]",4.938055555555556,1.4902777777777778,16,Thursday,0,15,141.35999999999999
5e2cebb1f9af8b027e9a5814,0039,2020-01-09 16:33:21,2020-01-10 01:17:43,2020-01-09 16:56:07,1.369,2_39_79_379_2020-01-09 16:33:21.216720,0002,CA-327,2-39-79-379,America/Los_Angeles,000000751,"[{'WhPerMile': 400, 'kWhRequested': 8.0, 'milesRequested': 20, 'minutesAvailable': 590, 'modifiedAt': 'Thu, 09 Jan 2020 16:34:52 GMT', 'paymentRequired': True, 'requestedDeparture': 'Fri, 10 Jan 2020 02:23:21 GMT', 'userID': 751}]",8.739444444444445,0.3794444444444444,16,Thursday,0,15,20.535
5e2cebb1f9af8b027e9a5815,0039,2020-01-09 16:42:43,2020-01-10 02:13:36,2020-01-09 19:56:08,20.438,2_39_79_376_2020-01-09 16:42:43.172172,0002,CA-324,2-39-79-376,America/Los_Angeles,000001104,"[{'WhPerMile': 250, 'kWhRequested': 37.5, 'milesRequested': 150, 'minutesAvailable': 436, 'modifiedAt': 'Thu, 09 Jan 2020 16:43:01 GMT', 'paymentRequired': True, 'requestedDeparture': 'Thu, 09 Jan 2020 23:58:43 GMT', 'userID': 1104}]",9.514722222222222,3.223611111111111,16,Thursday,0,15,306.57
5e2cebb1f9af8b027e9a5816,0039,2020-01-09 16:46:00,2020-01-10 03:24:12,2020-01-09 19:58:18,9.887,2_39_128_562_2020-01-09 16:46:00.255020,0002,CA-508,2-39-128-562,America/Los_Angeles,000001534,"[{'WhPerMile': 250, 'kWhRequested': 10.0, 'milesRequested': 40, 'minutesAvailable': 404, 'modifiedAt': 'Thu, 09 Jan 2020 16:46:28 GMT', 'paymentRequired': True, 'requestedDeparture': 'Thu, 09 Jan 2020 23:30:00 GMT', 'userID': 1534}]",10.636666666666667,3.205,16,Thursday,0,15,148.305
5e2cebb1f9af8b027e9a5817,0039,2020-01-09 16:48:36,2020-01-10 02:17:35,2020-01-09 18:22:03,4.716,2_39_78_360_2020-01-09 16:48:35.825092,0002,CA-322,2-39-78-360,America/Los_Angeles,000002244,"[{'WhPerMile': 400, 'kWhRequested': 8.0, 'milesRequested': 20, 'minutesAvailable': 60, 'modifiedAt': 'Thu, 09 Jan 2020 16:49:05 GMT', 'paymentRequired': True, 'requestedDeparture': 'Thu, 09 Jan 2020 17:48:36 GMT', 'userID': 2244}]",9.483055555555556,1.5575,16,Thursday,0,15,70.74000000000001
5e2cebb1f9af8b027e9a5818,0039,2020-01-09 16:57:00,2020-01-10 02:12:19,2020-01-10 01:09:35,27.671,2_39_92_442_2020-01-09 16:56:59.771282,0002,CA-498,2-39-92-442,America/Los_Angeles,000000564,"[{'WhPerMile': 231, 'kWhRequested': 27.72, 'milesRequested': 120, 'minutesAvailable': 562, 'modifiedAt': 'Thu, 09 Jan 2020 16:57:14 GMT', 'paymentRequired': True, 'requestedDeparture': 'Fri, 10 Jan 2020 02:19:00 GMT', 'userID': 564}]",9.255277777777778,8.209722222222222,16,Thursday,0,15,415.065
5e2cebb1f9af8b027e9a5819,0039,2020-01-09 17:06:01,2020-01-10 01:28:35,2020-01-09 23:23:51,0.845,2_39_78_366_2020-01-09 17:06:00.694759,0002,CA-323,2-39-78-366,America/Los_Angeles,,,8.376111111111111,6.2972222222222225,17,Thursday,0,15,12.674999999999999
5e2cebb1f9af8b027e9a581a,0039,2020-01-09 17:08:03,2020-01-10 01:07:06,2020-01-09 20:06:33,10.759,2_39_131_30_2020-01-09 17:08:02.638904,0002,CA-305,2-39-131-30,America/Los_Angeles,000000620,"[{'WhPerMile': 400, 'kWhRequested': 12.0, 'milesRequested': 30, 'minutesAvailable': 481, 'modifiedAt': 'Thu, 09 Jan 2020 17:08:14 GMT', 'paymentRequired': True, 'requestedDeparture': 'Fri, 10 Jan 2020 01:09:03 GMT', 'userID': 620}]",7.984166666666667,2.975,17,Thursday,0,15,161.385
5e2cebb1f9af8b027e9a581b,0039,2020-01-09 17:16:07,2020-01-09 22:51:31,2020-01-09 21:08:44,2.744,2_39_78_365_2020-01-09 17:16:07.248740,0002,CA-321,2-39-78-365,America/Los_Angeles,000000634,"[{'WhPerMile': 300, 'kWhRequested': 3.0, 'milesRequested': 10, 'minutesAvailable': 320, 'modifiedAt': 'Thu, 09 Jan 2020 17:16:34 GMT', 'paymentRequired': True, 'requestedDeparture': 'Thu, 09 Jan 2020 22:36:07 GMT', 'userID': 634}]",5.59,3.8769444444444443,17,Thursday,0,15,41.160000000000004
5e2cebb1f9af8b027e9a581c,0039,2020-01-09 17:27:40,2020-01-10 04:43:06,2020-01-09 18:50:13,4.0,2_39_89_25_2020-01-09 17:27:40.035050,0002,CA-315,2-39-89-25,America/Los_Angeles,000000743,"[{'WhPerMile': 400, 'kWhRequested': 8.0, 'milesRequested': 20, 'minutesAvailable': 447, 'modifiedAt': 'Thu, 09 Jan 2020 17:27:50 GMT', 'paymentRequired': True, 'requestedDeparture': 'Fri, 10 Jan 2020 00:54:40 GMT', 'userID': 743}]",11.257222222222222,1.3758333333333332,17,Thursday,0,15,60.0
5e2cebb1f9af8b027e9a581d,0039,2020-01-09 17:51:41,2020-01-10 03:11:43,2020-01-09 19:08:00,7.565,2_39_79_377_2020-01-09 17:51:41.065598,0002,CA-325,2-39-79-377,America/Los_Angeles,000000558,"[{'WhPerMile': 400, 'kWhRequested': 24.0, 'milesRequested': 60, 'minutesAvailable': 60, 'modifiedAt': 'Thu, 09 Jan 2020 17:51:43 GMT', 'paymentRequired': True, 'requestedDeparture': 'Thu, 09 Jan 2020 18:51:41 GMT', 'userID': 558}]",9.33388888888889,1.2719444444444445,17,Thursday,0,15,113.47500000000001
5e2cebb1f9af8b027e9a581e,0039,2020-01-09 18:02:39,2020-01-09 20:50:51,2020-01-09 18:36:04,1.265,2_39_130_31_2020-01-09 18:02:38.602392,0002,CA-306,2-39-130-31,America/Los_Angeles,000001366,"[{'WhPerMile': 400, 'kWhRequested': 8.0, 'milesRequested': 20, 'minutesAvailable': 60, 'modifiedAt': 'Thu, 09 Jan 2020 18:03:34 GMT', 'paymentRequired': True, 'requestedDeparture': 'Thu, 09 Jan 2020 19:02:39 GMT', 'userID': 1366}]",2.8033333333333332,0.5569444444444445,18,Thursday,0,15,18.974999999999998
5e2cebb1f9af8b027e9a581f,0039,2020-01-09 18:10:39,2020-01-10 01:23:36,2020-01-09 19:35:30,4.396,2_39_123_23_2020-01-09 18:10:38.616395,0002,CA-313,2-39-123-23,America/Los_Angeles,000002170,"[{'WhPerMile': 400, 'kWhRequested': 8.0, 'milesRequested': 20, 'minutesAvailable': 183, 'modifiedAt': 'Thu, 09 Jan 2020 18:10:47 GMT', 'paymentRequired': True, 'requestedDeparture': 'Thu, 09 Jan 2020 21:13:39 GMT', 'userID': 2170}]",7.215833333333333,1.4141666666666666,18,Thursday,0,15,65.94
5e2cebb1f9af8b027e9a5820,0039,2020-01-09 18:11:57,2020-01-10 00:25:51,2020-01-09 20:14:18,12.278,2_39_92_436_2020-01-09 18:11:57.104589,0002,CA-318,2-39-92-436,America/Los_Angeles,000001095,"[{'WhPerMile': 400, 'kWhRequested': 16.0, 'milesRequested': 40, 'minutesAvailable': 352, 'modifiedAt': 'Thu, 09 Jan 2020 18:12:10 GMT', 'paymentRequired': True, 'requestedDeparture': 'Fri, 10 Jan 2020 00:03:57 GMT', 'userID': 1095}]",6.2316666666666665,2.0391666666666666,18,Thursday,0,15,184.17000000000002
5e2cebb1f9af8b027e9a5821,0039,2020-01-09 18:16:11,2020-01-10 00:56:22,2020-01-09 20:14:51,5.801,2_39_79_381_2020-01-09 18:16:11.053695,0002,CA-490,2-39-79-381,America/Los_Angeles,000005368,"[{'WhPerMile': 600, 'kWhRequested': 12.0, 'milesRequested': 20, 'minutesAvailable': 60, 'modifiedAt': 'Thu, 09 Jan 2020 18:26:51 GMT', 'paymentRequired': True, 'requestedDeparture': 'Thu, 09 Jan 2020 19:16:11 GMT', 'userID': 5368}, {'WhPerMile': 600, 'kWhRequested': 12.0, 'milesRequested': 20, 'minutesAvailable': 60, 'modifiedAt': 'Thu, 09 Jan 2020 18:48:59 GMT', 'paymentRequired': True, 'requestedDeparture': 'Thu, 09 Jan 2020 19:16:11 GMT', 'userID': 5368}]",6.669722222222222,1.9777777777777779,18,Thursday,0,15,87.015
5e2cebb1f9af8b027e9a5822,0039,2020-01-09 18:37:28,2020-01-09 18:42:47,2020-01-09 18:42:46,0.527,2_39_78_361_2020-01-09 18:37:27.722288,0002,CA-493,2-39-78-361,America/Los_Angeles,000001137,"[{'WhPerMile': 400, 'kWhRequested': 20.0, 'milesRequested': 50, 'minutesAvailable': 514, 'modifiedAt': 'Thu, 09 Jan 2020 18:37:44 GMT', 'paymentRequired': True, 'requestedDeparture': 'Fri, 10 Jan 2020 03:11:28 GMT', 'userID': 1137}]",0.08861111111111111,0.08833333333333333,18,Thursday,0,15,7.905
5e2cebb1f9af8b027e9a5823,0039,2020-01-09 18:38:40,2020-01-10 02:01:28,2020-01-09 19:52:37,8.502,2_39_95_27_2020-01-09 18:38:40.130714,0002,CA-319,2-39-95-27,America/Los_Angeles,000000714,"[{'WhPerMile': 400, 'kWhRequested': 24.0, 'milesRequested': 60, 'minutesAvailable': 361, 'modifiedAt': 'Thu, 09 Jan 2020 18:38:54 GMT', 'paymentRequired': True, 'requestedDeparture': 'Fri, 10 Jan 2020 00:39:40 GMT', 'userID': 714}]",7.38,1.2325,18,Thursday,0,15,127.53000000000002
5e2cebb1f9af8b027e9a5824,0039,2020-01-09 18:40:34,2020-01-09 20:06:36,2020-01-09 19:56:09,6.888,2_39_125_21_2020-01-09 18:40:33.590799,0002,CA-311,2-39-125-21,America/Los_Angeles,000000798,"[{'WhPerMile': 400, 'kWhRequested': 20.0, 'milesRequested': 50, 'minutesAvailable': 93, 'modifiedAt': 'Thu, 09 Jan 2020 18:41:52 GMT', 'paymentRequired': True, 'requestedDeparture': 'Thu, 09 Jan 2020 20:13:34 GMT', 'userID': 798}]",1.433888888888889,1.2597222222222222,18,Thursday,0,15,103.32
5e2cebb1f9af8b027e9a5825,0039,2020-01-09 18:40:58,2020-01-10 00:13:07,2020-01-09 21:19:54,4.134,2_39_129_17_2020-01-09 18:40:57.549588,0002,CA-307,2-39-129-17,America/Los_Angeles,000000668,"[{'WhPerMile': 425, 'kWhRequested': 4.25, 'milesRequested': 10, 'minutesAvailable': 455, 'modifiedAt': 'Thu, 09 Jan 2020 18:41:06 GMT', 'paymentRequired': True, 'requestedDeparture': 'Fri, 10 Jan 2020 02:15:58 GMT', 'userID': 668}]",5.535833333333334,2.648888888888889,18,Thursday,0,15,62.010000000000005
5e2cebb1f9af8b027e9a5826,0039,2020-01-09 18:46:39,2020-01-10 02:51:41,2020-01-09 20:08:20,4.39,2_39_91_437_2020-01-09 18:46:38.522743,0002,CA-317,2-39-91-437,America/Los_Angeles,000000567,"[{'WhPerMile': 400, 'kWhRequested': 8.0, 'milesRequested': 20, 'minutesAvailable': 459, 'modifiedAt': 'Thu, 09 Jan 2020 18:46:51 GMT', 'paymentRequired': True, 'requestedDeparture': 'Fri, 10 Jan 2020 02:25:39 GMT', 'userID': 567}]",8.08388888888889,1.361388888888889,18,Thursday,0,15,65.85
5e2cebb1f9af8b027e9a5827,0039,2020-01-09 18:55:35,2020-01-09 19:15:56,2020-01-09 19:15:52,0.664,2_39_90_26_2020-01-09 18:55:34.735498,0002,CA-316,2-39-90-26,America/Los_Angeles,000001082,"[{'WhPerMile': 400, 'kWhRequested': 8.0, 'milesRequested': 20, 'minutesAvailable': 64, 'modifiedAt': 'Thu, 09 Jan 2020 18:56:02 GMT', 'paymentRequired': True, 'requestedDeparture': 'Thu, 09 Jan 2020 19:59:35 GMT', 'userID': 1082}]",0.33916666666666667,0.33805555555555555,18,Thursday,0,15,9.96
5e2cebb1f9af8b027e9a5828,0039,2020-01-09 19:00:19,2020-01-10 05:14:11,2020-01-09 23:33:32,0.902,2_39_78_361_2020-01-09 19:00:19.495083,0002,CA-493,2-39-78-361,America/Los_Angeles,,,10.231111111111112,4.5536111111111115,19,Thursday,0,15,13.530000000000001
5e2cebb1f9af8b027e9a5829,0039,2020-01-09 19:02:04,2020-01-09 20:19:23,2020-01-09 20:19:18,8.029,2_39_128_18_2020-01-09 19:02:04.205474,0002,CA-308,2-39-128-18,America/Los_Angeles,000001938,"[{'WhPerMile': 400, 'kWhRequested': 16.0, 'milesRequested': 40, 'minutesAvailable': 140, 'modifiedAt': 'Thu, 09 Jan 2020 19:02:15 GMT', 'paymentRequired': True, 'requestedDeparture': 'Thu, 09 Jan 2020 21:22:04 GMT', 'userID': 1938}]",1.2886111111111112,1.2872222222222223,19,Thursday,0,15,120.435
5e2cebb1f9af8b027e9a582a,0039,2020-01-09 19:05:30,2020-01-10 02:10:19,2020-01-09 21:00:50,11.897,2_39_91_441_2020-01-09 19:05:29.623166,0002,CA-499,2-39-91-441,America/Los_Angeles,000000069,"[{'WhPerMile': 400, 'kWhRequested': 40.0, 'milesRequested': 100, 'minutesAvailable': 363, 'modifiedAt': 'Thu, 09 Jan 2020 19:06:10 GMT', 'paymentRequired': True, 'requestedDeparture': 'Fri, 10 Jan 2020 01:08:30 GMT', 'userID': 69}]",7.080277777777778,1.9222222222222223,19,Thursday,0,15,178.455
5e2cebb1f9af8b027e9a582b,0039,2020-01-09 20:33:51,2020-01-10 01:43:28,2020-01-09 21:53:23,2.618,2_39_95_444_2020-01-09 20:33:51.335572,0002,CA-497,2-39-95-444,America/Los_Angeles,000001082,"[{'WhPerMile': 400, 'kWhRequested': 8.0, 'milesRequested': 20, 'minutesAvailable': 64, 'modifiedAt': 'Thu, 09 Jan 2020 20:34:45 GMT', 'paymentRequired': True, 'requestedDeparture': 'Thu, 09 Jan 2020 21:37:51 GMT', 'userID': 1082}]",5.160277777777778,1.3255555555555556,20,Thursday,0,15,39.269999999999996
5e2cebb1f9af8b027e9a582c,0039,2020-01-09 20:37:05,2020-01-09 23:55:01,2020-01-09 21:57:22,2.802,2_39_88_24_2020-01-09 20:37:05.490074,0002,CA-314,2-39-88-24,America/Los_Angeles,000000560,"[{'WhPerMile': 400, 'kWhRequested': 12.0, 'milesRequested': 30, 'minutesAvailable': 194, 'modifiedAt': 'Thu, 09 Jan 2020 20:37:13 GMT', 'paymentRequired': True, 'requestedDeparture': 'Thu, 09 Jan 2020 23:51:05 GMT', 'userID': 560}]",3.298888888888889,1.3380555555555556,20,Thursday,0,15,42.03
5e2cebb1f9af8b027e9a582d,0039,2020-01-09 20:57:53,2020-01-09 22:07:21,2020-01-09 21:28:58,0.901,2_39_78_364_2020-01-09 20:57:52.554476,0002,CA-495,2-39-78-364,America/Los_Angeles,,,1.1577777777777778,0.5180555555555556,20,Thursday,0,15,13.515
5e2cebb1f9af8b027e9a582e,0039,2020-01-09 21:39:01,2020-01-10 02:50:12,2020-01-09 22:25:38,1.972,2_39_125_21_2020-01-09 21:39:00.649715,0002,CA-311,2-39-125-21,America/Los_Angeles,000000891,"[{'WhPerMile': 400, 'kWhRequested': 8.0, 'milesRequested': 20, 'minutesAvailable': 215, 'modifiedAt': 'Thu, 09 Jan 2020 21:39:05 GMT', 'paymentRequired': True, 'requestedDeparture': 'Fri, 10 Jan 2020 01:14:01 GMT', 'userID': 891}]",5.186388888888889,0.7769444444444444,21,Thursday,0,15,29.58
5e2cebb1f9af8b027e9a582f,0039,2020-01-09 21:50:11,2020-01-10 03:26:12,2020-01-10 03:26:07,37.041,2_39_138_29_2020-01-09 21:50:11.200177,0002,CA-304,2-39-138-29,America/Los_Angeles,000003270,"[{'WhPerMile': 200, 'kWhRequested': 40.0, 'milesRequested': 200, 'minutesAvailable': 466, 'modifiedAt': 'Thu, 09 Jan 2020 21:52:02 GMT', 'paymentRequired': True, 'requestedDeparture': 'Fri, 10 Jan 2020 05:36:11 GMT', 'userID': 3270}]",5.6002777777777775,5.598888888888889,21,Thursday,0,15,555.615
5e2cebb1f9af8b027e9a5830,0039,2020-01-09 23:51:08,2020-01-10 04:16:43,2020-01-10 02:23:36,0.923,2_39_78_365_2020-01-09 23:51:07.629784,0002,CA-321,2-39-78-365,America/Los_Angeles,,,4.426388888888889,2.5411111111111113,23,Thursday,0,15,13.845
5e2cebb1f9af8b027e9a5831,0039,2020-01-09 23:59:32,2020-01-10 04:20:56,2020-01-10 01:20:34,3.985,2_39_139_28_2020-01-09 23:59:31.928819,0002,CA-303,2-39-139-28,America/Los_Angeles,000001920,"[{'WhPerMile': 450, 'kWhRequested': 9.0, 'milesRequested': 20, 'minutesAvailable': 154, 'modifiedAt': 'Fri, 10 Jan 2020 00:00:52 GMT', 'paymentRequired': True, 'requestedDeparture': 'Fri, 10 Jan 2020 02:33:32 GMT', 'userID': 1920}, {'WhPerMile': 450, 'kWhRequested': 9.0, 'milesRequested': 20, 'minutesAvailable': 154, 'modifiedAt': 'Fri, 10 Jan 2020 00:00:57 GMT', 'paymentRequired': True, 'requestedDeparture': 'Fri, 10 Jan 2020 02:33:32 GMT', 'userID': 1920}, {'WhPerMile': 450, 'kWhRequested': 13.5, 'milesRequested': 30, 'minutesAvailable': 154, 'modifiedAt': 'Fri, 10 Jan 2020 00:01:15 GMT', 'paymentRequired': True, 'requestedDeparture': 'Fri, 10 Jan 2020 02:33:32 GMT', 'userID': 1920}, {'WhPerMile': 450, 'kWhRequested': 13.5, 'milesRequested': 30, 'minutesAvailable': 154, 'modifiedAt': 'Fri, 10 Jan 2020 00:01:22 GMT', 'paymentRequired': True, 'requestedDeparture': 'Fri, 10 Jan 2020 02:33:32 GMT', 'userID': 1920}]",4.3566666666666665,1.3505555555555555,23,Thursday,0,15,59.775
5e2cebb1f9af8b027e9a5832,0039,2020-01-10 01:54:40,2020-01-10 06:11:28,2020-01-10 06:11:19,15.375,2_39_123_23_2020-01-10 01:54:39.609365,0002,CA-313,2-39-123-23,America/Los_Angeles,000001108,"[{'WhPerMile': 400, 'kWhRequested': 20.0, 'milesRequested': 50, 'minutesAvailable': 278, 'modifiedAt': 'Fri, 10 Jan 2020 01:54:45 GMT', 'paymentRequired': True, 'requestedDeparture': 'Fri, 10 Jan 2020 06:32:40 GMT', 'userID': 1108}]",4.28,4.2775,1,Friday,0,15,230.625
5e2cebb1f9af8b027e9a5833,0039,2020-01-10 02:04:19,2020-01-10 03:22:13,2020-01-10 03:13:56,3.204,2_39_128_18_2020-01-10 02:04:19.319550,0002,CA-308,2-39-128-18,America/Los_Angeles,000004622,"[{'WhPerMile': 300, 'kWhRequested': 6.0, 'milesRequested': 20, 'minutesAvailable': 127, 'modifiedAt': 'Fri, 10 Jan 2020 02:04:35 GMT', 'paymentRequired': True, 'requestedDeparture': 'Fri, 10 Jan 2020 04:11:19 GMT', 'userID': 4622}, {'WhPerMile': 300, 'kWhRequested': 6.0, 'milesRequested': 20, 'minutesAvailable': 127, 'modifiedAt': 'Fri, 10 Jan 2020 03:21:43 GMT', 'paymentRequired': True, 'requestedDeparture': 'Fri, 10 Jan 2020 04:11:19 GMT', 'userID': 4622}]",1.2983333333333333,1.1602777777777777,2,Friday,0,15,48.06
5e2cebb1f9af8b027e9a5834,0039,2020-01-10 02:18:52,2020-01-10 02:41:44,2020-01-10 02:41:39,0.657,2_39_129_17_2020-01-10 02:18:52.455484,0002,CA-307,2-39-129-17,America/Los_Angeles,,,0.3811111111111111,0.37972222222222224,2,Friday,0,15,9.855
5e2cebb1f9af8b027e9a5835,0039,2020-01-10 02:42:40,2020-01-10 03:27:28,2020-01-10 03:27:23,1.632,2_39_131_30_2020-01-10 02:42:40.156450,0002,CA-305,2-39-131-30,America/Los_Angeles,000001539,"[{'WhPerMile': 400, 'kWhRequested': 4.0, 'milesRequested': 10, 'minutesAvailable': 60, 'modifiedAt': 'Fri, 10 Jan 2020 02:42:50 GMT', 'paymentRequired': True, 'requestedDeparture': 'Fri, 10 Jan 2020 03:42:40 GMT', 'userID': 1539}]",0.7466666666666667,0.7452777777777778,2,Friday,0,15,24.479999999999997
5e2cebb1f9af8b027e9a5836,0039,2020-01-10 03:34:05,2020-01-10 06:28:47,2020-01-10 06:07:30,15.866,2_39_129_17_2020-01-10 03:34:04.636200,0002,CA-307,2-39-129-17,America/Los_Angeles,000001099,"[{'WhPerMile': 400, 'kWhRequested': 28.0, 'milesRequested': 70, 'minutesAvailable': 139, 'modifiedAt': 'Fri, 10 Jan 2020 03:35:04 GMT', 'paymentRequired': True, 'requestedDeparture': 'Fri, 10 Jan 2020 05:53:05 GMT', 'userID': 1099}]",2.9116666666666666,2.5569444444444445,3,Friday,0,15,237.99
5e2cebb1f9af8b027e9a5837,0039,2020-01-10 04:20:04,2020-01-10 05:40:51,2020-01-10 05:40:46,9.097,2_39_138_29_2020-01-10 04:20:03.729404,0002,CA-304,2-39-138-29,America/Los_Angeles,000001263,"[{'WhPerMile': 400, 'kWhRequested': 12.0, 'milesRequested': 30, 'minutesAvailable': 115, 'modifiedAt': 'Fri, 10 Jan 2020 04:21:33 GMT', 'paymentRequired': True, 'requestedDeparture': 'Fri, 10 Jan 2020 06:15:04 GMT', 'userID': 1263}]",1.3463888888888889,1.345,4,Friday,0,15,136.45499999999998
5e2e3d2ef9af8b066b3749ab,0039,2020-01-10 12:22:21,2020-01-10 13:34:40,2020-01-10 13:34:35,7.329,2_39_128_18_2020-01-10 12:22:21.415749,0002,CA-308,2-39-128-18,America/Los_Angeles,000000300,"[{'WhPerMile': 400, 'kWhRequested': 28.0, 'milesRequested': 70, 'minutesAvailable': 360, 'modifiedAt': 'Fri, 10 Jan 2020 12:22:48 GMT', 'paymentRequired': True, 'requestedDeparture': 'Fri, 10 Jan 2020 18:22:21 GMT', 'userID': 300}, {'WhPerMile': 400, 'kWhRequested': 28.0, 'milesRequested': 70, 'minutesAvailable': 362, 'modifiedAt': 'Fri, 10 Jan 2020 12:37:14 GMT', 'paymentRequired': True, 'requestedDeparture': 'Fri, 10 Jan 2020 18:24:21 GMT', 'userID': 300}, {'WhPerMile': 400, 'kWhRequested': 12.0, 'milesRequested': 30, 'minutesAvailable': 374, 'modifiedAt': 'Fri, 10 Jan 2020 12:37:37 GMT', 'paymentRequired': True, 'requestedDeparture': 'Fri, 10 Jan 2020 18:36:21 GMT', 'userID': 300}, {'WhPerMile': 400, 'kWhRequested': 12.0, 'milesRequested': 30, 'minutesAvailable': 119, 'modifiedAt': 'Fri, 10 Jan 2020 13:22:07 GMT', 'paymentRequired': True, 'requestedDeparture': 'Fri, 10 Jan 2020 14:21:21 GMT', 'userID': 300}]",1.2052777777777777,1.2038888888888888,12,Friday,0,15,109.935
5e2e3d2ef9af8b066b3749ac,0039,2020-01-10 15:02:11,2020-01-10 22:54:35,2020-01-10 20:21:36,13.725,2_39_78_365_2020-01-10 15:02:10.722596,0002,CA-321,2-39-78-365,America/Los_Angeles,000004913,"[{'WhPerMile': 400, 'kWhRequested': 20.0, 'milesRequested': 50, 'minutesAvailable': 575, 'modifiedAt': 'Fri, 10 Jan 2020 15:02:44 GMT', 'paymentRequired': True, 'requestedDeparture': 'Sat, 11 Jan 2020 00:37:11 GMT', 'userID': 4913}]",7.873333333333333,5.323611111111111,15,Friday,0,15,205.875
5e2e3d2ef9af8b066b3749ad,0039,2020-01-10 15:07:14,2020-01-10 17:01:03,2020-01-10 16:44:13,4.895,2_39_89_25_2020-01-10 15:07:13.698290,0002,CA-315,2-39-89-25,America/Los_Angeles,000000743,"[{'WhPerMile': 400, 'kWhRequested': 8.0, 'milesRequested': 20, 'minutesAvailable': 53, 'modifiedAt': 'Fri, 10 Jan 2020 15:07:36 GMT', 'paymentRequired': True, 'requestedDeparture': 'Fri, 10 Jan 2020 16:00:14 GMT', 'userID': 743}]",1.8969444444444445,1.6163888888888889,15,Friday,0,15,73.425
5e2e3d2ef9af8b066b3749ae,0039,2020-01-10 15:37:25,2020-01-11 00:22:34,2020-01-10 18:07:17,9.301,2_39_139_28_2020-01-10 15:37:24.641066,0002,CA-303,2-39-139-28,America/Los_Angeles,000001564,"[{'WhPerMile': 300, 'kWhRequested': 12.0, 'milesRequested': 40, 'minutesAvailable': 185, 'modifiedAt': 'Fri, 10 Jan 2020 15:37:41 GMT', 'paymentRequired': True, 'requestedDeparture': 'Fri, 10 Jan 2020 18:42:25 GMT', 'userID': 1564}]",8.7525,2.497777777777778,15,Friday,0,15,139.51500000000001
5e2e3d2ef9af8b066b3749af,0039,2020-01-10 15:59:42,2020-01-11 01:42:20,2020-01-10 19:30:56,3.727,2_39_79_382_2020-01-10 15:59:42.282278,0002,CA-491,2-39-79-382,America/Los_Angeles,000004701,"[{'WhPerMile': 300, 'kWhRequested': 12.0, 'milesRequested': 40, 'minutesAvailable': 400, 'modifiedAt': 'Fri, 10 Jan 2020 17:44:34 GMT', 'paymentRequired': True, 'requestedDeparture': 'Fri, 10 Jan 2020 22:39:42 GMT', 'userID': 4701}]",9.710555555555555,3.5205555555555557,15,Friday,0,15,55.905
5e2e3d2ef9af8b066b3749b0,0039,2020-01-10 16:03:23,2020-01-10 18:56:58,2020-01-10 18:57:56,0.874,2_39_79_380_2020-01-10 16:03:22.748851,0002,CA-489,2-39-79-380,America/Los_Angeles,,,2.8930555555555557,2.9091666666666667,16,Friday,0,15,13.11
5e2e3d2ef9af8b066b3749b1,0039,2020-01-10 16:13:39,2020-01-11 01:37:51,2020-01-11 00:32:52,16.885,2_39_78_366_2020-01-10 16:13:39.004329,0002,CA-323,2-39-78-366,America/Los_Angeles,000003853,"[{'WhPerMile': 360, 'kWhRequested': 36.0, 'milesRequested': 100, 'minutesAvailable': 490, 'modifiedAt': 'Fri, 10 Jan 2020 16:13:46 GMT', 'paymentRequired': True, 'requestedDeparture': 'Sat, 11 Jan 2020 00:23:39 GMT', 'userID': 3853}]",9.403333333333334,8.320277777777777,16,Friday,0,15,253.27500000000003
5e2e3d2ef9af8b066b3749b2,0039,2020-01-10 16:29:21,2020-01-10 18:33:53,2020-01-10 17:09:42,2.389,2_39_78_363_2020-01-10 16:29:20.664199,0002,CA-320,2-39-78-363,America/Los_Angeles,000001091,"[{'WhPerMile': 300, 'kWhRequested': 9.0, 'milesRequested': 30, 'minutesAvailable': 139, 'modifiedAt': 'Fri, 10 Jan 2020 16:29:35 GMT', 'paymentRequired': True, 'requestedDeparture': 'Fri, 10 Jan 2020 18:48:21 GMT', 'userID': 1091}]",2.0755555555555554,0.6725,16,Friday,0,15,35.834999999999994
5e2e3d2ef9af8b066b3749b3,0039,2020-01-10 16:34:02,2020-01-10 20:16:37,2020-01-10 20:16:36,9.525,2_39_78_367_2020-01-10 16:34:01.669780,0002,CA-494,2-39-78-367,America/Los_Angeles,000001470,"[{'WhPerMile': 292, 'kWhRequested': 17.52, 'milesRequested': 60, 'minutesAvailable': 313, 'modifiedAt': 'Fri, 10 Jan 2020 16:34:19 GMT', 'paymentRequired': True, 'requestedDeparture': 'Fri, 10 Jan 2020 21:47:02 GMT', 'userID': 1470}]",3.709722222222222,3.7094444444444443,16,Friday,0,15,142.875
5e2e3d2ef9af8b066b3749b4,0039,2020-01-10 16:34:55,2020-01-11 01:15:12,2020-01-10 17:05:38,0.872,2_39_79_379_2020-01-10 16:34:54.672609,0002,CA-327,2-39-79-379,America/Los_Angeles,,,8.671388888888888,0.5119444444444444,16,Friday,0,15,13.08
5e2e3d2ef9af8b066b3749b5,0039,2020-01-10 16:43:53,2020-01-10 20:16:10,2020-01-10 20:17:08,2.054,2_39_91_437_2020-01-10 16:43:53.295588,0002,CA-317,2-39-91-437,America/Los_Angeles,000000324,"[{'WhPerMile': 444, 'kWhRequested': 8.88, 'milesRequested': 20, 'minutesAvailable': 70, 'modifiedAt': 'Fri, 10 Jan 2020 16:44:02 GMT', 'paymentRequired': True, 'requestedDeparture': 'Fri, 10 Jan 2020 17:53:53 GMT', 'userID': 324}]",3.5380555555555557,3.5541666666666667,16,Friday,0,15,30.81
5e2e3d2ef9af8b066b3749b6,0039,2020-01-10 17:13:02,2020-01-11 03:49:04,2020-01-10 18:22:47,3.797,2_39_131_30_2020-01-10 17:13:02.232231,0002,CA-305,2-39-131-30,America/Los_Angeles,000000567,"[{'WhPerMile': 400, 'kWhRequested': 8.0, 'milesRequested': 20, 'minutesAvailable': 459, 'modifiedAt': 'Fri, 10 Jan 2020 17:13:11 GMT', 'paymentRequired': True, 'requestedDeparture': 'Sat, 11 Jan 2020 00:52:02 GMT', 'userID': 567}, {'WhPerMile': 400, 'kWhRequested': 8.0, 'milesRequested': 20, 'minutesAvailable': 459, 'modifiedAt': 'Fri, 10 Jan 2020 17:13:15 GMT', 'paymentRequired': True, 'requestedDeparture': 'Sat, 11 Jan 2020 00:52:02 GMT', 'userID': 567}]",10.600555555555555,1.1625,17,Friday,0,15,56.955000000000005
5e2e3d2ef9af8b066b3749b7,0039,2020-01-10 17:32:30,2020-01-11 02:04:48,2020-01-10 19:49:11,15.847,2_39_89_25_2020-01-10 17:32:20.995510,0002,CA-315,2-39-89-25,America/Los_Angeles,000002961,"[{'WhPerMile': 400, 'kWhRequested': 40.0, 'milesRequested': 100, 'minutesAvailable': 60, 'modifiedAt': 'Fri, 10 Jan 2020 17:32:30 GMT', 'paymentRequired': True, 'requestedDeparture': 'Fri, 10 Jan 2020 18:32:30 GMT', 'userID': 2961}]",8.538333333333334,2.2780555555555555,17,Friday,0,15,237.70499999999998
5e2e3d2ef9af8b066b3749b8,0039,2020-01-10 17:38:36,2020-01-11 03:14:28,2020-01-10 19:31:41,11.41,2_39_79_376_2020-01-10 17:38:35.889025,0002,CA-324,2-39-79-376,America/Los_Angeles,000000558,"[{'WhPerMile': 400, 'kWhRequested': 28.0, 'milesRequested': 70, 'minutesAvailable': 60, 'modifiedAt': 'Fri, 10 Jan 2020 17:38:38 GMT', 'paymentRequired': True, 'requestedDeparture': 'Fri, 10 Jan 2020 18:38:36 GMT', 'userID': 558}]",9.597777777777777,1.8847222222222222,17,Friday,0,15,171.15
5e2e3d2ef9af8b066b3749b9,0039,2020-01-10 17:40:16,2020-01-11 02:20:19,2020-01-10 19:47:37,14.174,2_39_95_27_2020-01-10 17:40:16.253899,0002,CA-319,2-39-95-27,America/Los_Angeles,000000714,"[{'WhPerMile': 400, 'kWhRequested': 24.0, 'milesRequested': 60, 'minutesAvailable': 361, 'modifiedAt': 'Fri, 10 Jan 2020 17:40:29 GMT', 'paymentRequired': True, 'requestedDeparture': 'Fri, 10 Jan 2020 23:41:16 GMT', 'userID': 714}]",8.6675,2.1225,17,Friday,0,15,212.60999999999999
5e2e3d2ef9af8b066b3749ba,0039,2020-01-10 17:46:03,2020-01-11 00:21:07,2020-01-10 19:49:47,13.308,2_39_129_17_2020-01-10 17:46:03.453731,0002,CA-307,2-39-129-17,America/Los_Angeles,000001912,"[{'WhPerMile': 400, 'kWhRequested': 20.0, 'milesRequested': 50, 'minutesAvailable': 196, 'modifiedAt': 'Fri, 10 Jan 2020 17:46:25 GMT', 'paymentRequired': True, 'requestedDeparture': 'Fri, 10 Jan 2020 21:02:03 GMT', 'userID': 1912}]",6.584444444444444,2.062222222222222,17,Friday,0,15,199.62
5e2e3d2ef9af8b066b3749bb,0039,2020-01-10 17:47:55,2020-01-10 21:10:54,2020-01-10 19:53:16,7.029,2_39_78_360_2020-01-10 17:47:54.975387,0002,CA-322,2-39-78-360,America/Los_Angeles,000000515,"[{'WhPerMile': 400, 'kWhRequested': 12.0, 'milesRequested': 30, 'minutesAvailable': 144, 'modifiedAt': 'Fri, 10 Jan 2020 17:48:14 GMT', 'paymentRequired': True, 'requestedDeparture': 'Fri, 10 Jan 2020 20:11:55 GMT', 'userID': 515}]",3.3830555555555555,2.089166666666667,17,Friday,0,15,105.435
5e2e3d2ef9af8b066b3749bc,0039,2020-01-10 18:03:26,2020-01-11 00:29:05,2020-01-10 20:08:01,12.25,2_39_79_383_2020-01-10 18:03:25.631999,0002,CA-492,2-39-79-383,America/Los_Angeles,000001095,"[{'WhPerMile': 400, 'kWhRequested': 16.0, 'milesRequested': 40, 'minutesAvailable': 352, 'modifiedAt': 'Fri, 10 Jan 2020 18:03:41 GMT', 'paymentRequired': True, 'requestedDeparture': 'Fri, 10 Jan 2020 23:55:26 GMT', 'userID': 1095}]",6.4275,2.076388888888889,18,Friday,0,15,183.75
5e2e3d2ef9af8b066b3749bd,0039,2020-01-10 18:07:54,2020-01-10 19:44:07,2020-01-10 18:39:13,0.895,2_39_128_18_2020-01-10 18:07:53.783300,0002,CA-308,2-39-128-18,America/Los_Angeles,,,1.603611111111111,0.5219444444444444,18,Friday,0,15,13.425
5e2e3d2ef9af8b066b3749be,0039,2020-01-10 18:09:41,2020-01-11 02:07:41,2020-01-10 18:41:39,1.206,2_39_130_31_2020-01-10 18:09:40.535964,0002,CA-306,2-39-130-31,America/Los_Angeles,000001366,"[{'WhPerMile': 400, 'kWhRequested': 8.0, 'milesRequested': 20, 'minutesAvailable': 60, 'modifiedAt': 'Fri, 10 Jan 2020 18:10:24 GMT', 'paymentRequired': True, 'requestedDeparture': 'Fri, 10 Jan 2020 19:09:41 GMT', 'userID': 1366}]",7.966666666666667,0.5327777777777778,18,Friday,0,15,18.09
5e2e3d2ef9af8b066b3749bf,0039,2020-01-10 18:19:00,2020-01-10 20:18:13,2020-01-10 18:49:44,0.758,2_39_91_441_2020-01-10 18:19:00.127170,0002,CA-499,2-39-91-441,America/Los_Angeles,,,1.9869444444444444,0.5122222222222222,18,Friday,0,15,11.370000000000001
5e2e3d2ef9af8b066b3749c0,0039,2020-01-10 18:29:28,2020-01-11 01:10:06,2020-01-10 20:55:03,7.667,2_39_125_21_2020-01-10 18:29:27.536902,0002,CA-311,2-39-125-21,America/Los_Angeles,000002170,"[{'WhPerMile': 400, 'kWhRequested': 8.0, 'milesRequested': 20, 'minutesAvailable': 183, 'modifiedAt': 'Fri, 10 Jan 2020 18:29:36 GMT', 'paymentRequired': True, 'requestedDeparture': 'Fri, 10 Jan 2020 21:32:28 GMT', 'userID': 2170}]",6.677222222222222,2.426388888888889,18,Friday,0,15,115.005
5e2e3d2ef9af8b066b3749c1,0039,2020-01-10 18:34:50,2020-01-11 00:46:46,2020-01-10 19:38:24,4.116,2_39_127_19_2020-01-10 18:34:49.969865,0002,CA-309,2-39-127-19,America/Los_Angeles,000000668,"[{'WhPerMile': 425, 'kWhRequested': 4.25, 'milesRequested': 10, 'minutesAvailable': 455, 'modifiedAt': 'Fri, 10 Jan 2020 18:34:56 GMT', 'paymentRequired': True, 'requestedDeparture': 'Sat, 11 Jan 2020 02:09:50 GMT', 'userID': 668}]",6.198888888888889,1.0594444444444444,18,Friday,0,15,61.739999999999995
5e2e3d2ef9af8b066b3749c2,0039,2020-01-10 18:55:09,2020-01-11 00:39:39,2020-01-10 20:14:25,3.903,2_39_89_439_2020-01-10 18:55:09.373990,0002,CA-501,2-39-89-439,America/Los_Angeles,000000743,"[{'WhPerMile': 400, 'kWhRequested': 8.0, 'milesRequested': 20, 'minutesAvailable': 327, 'modifiedAt': 'Fri, 10 Jan 2020 18:55:22 GMT', 'paymentRequired': True, 'requestedDeparture': 'Sat, 11 Jan 2020 00:22:09 GMT', 'userID': 743}]",5.741666666666666,1.3211111111111111,18,Friday,0,15,58.545
5e2e3d2ef9af8b066b3749c3,0039,2020-01-10 18:57:02,2020-01-10 19:50:49,2020-01-10 19:27:49,0.788,2_39_79_380_2020-01-10 18:57:01.662057,0002,CA-489,2-39-79-380,America/Los_Angeles,,,0.8963888888888889,0.5130555555555556,18,Friday,0,15,11.82
5e2e3d2ef9af8b066b3749c4,0039,2020-01-10 19:05:07,2020-01-11 04:29:05,2020-01-10 21:31:15,14.7,2_39_78_363_2020-01-10 19:05:06.783940,0002,CA-320,2-39-78-363,America/Los_Angeles,000001274,"[{'WhPerMile': 400, 'kWhRequested': 20.0, 'milesRequested': 50, 'minutesAvailable': 237, 'modifiedAt': 'Fri, 10 Jan 2020 19:05:29 GMT', 'paymentRequired': True, 'requestedDeparture': 'Fri, 10 Jan 2020 23:02:07 GMT', 'userID': 1274}]",9.399444444444445,2.4355555555555557,19,Friday,0,15,220.5
5e2e3d2ef9af8b066b3749c5,0039,2020-01-10 19:26:07,2020-01-10 21:18:17,2020-01-10 21:16:07,0.977,2_39_123_23_2020-01-10 19:26:06.561288,0002,CA-313,2-39-123-23,America/Los_Angeles,,,1.8694444444444445,1.8333333333333333,19,Friday,0,15,14.655
5e2e3d2ef9af8b066b3749c6,0039,2020-01-10 20:08:25,2020-01-10 22:17:37,2020-01-10 21:34:07,4.295,2_39_79_380_2020-01-10 20:08:25.317353,0002,CA-489,2-39-79-380,America/Los_Angeles,000001864,"[{'WhPerMile': 400, 'kWhRequested': 8.0, 'milesRequested': 20, 'minutesAvailable': 126, 'modifiedAt': 'Fri, 10 Jan 2020 20:08:28 GMT', 'paymentRequired': True, 'requestedDeparture': 'Fri, 10 Jan 2020 22:14:25 GMT', 'userID': 1864}]",2.1533333333333333,1.4283333333333332,20,Friday,0,15,64.425
5e2e3d2ef9af8b066b3749c7,0039,2020-01-10 20:17:01,2020-01-10 23:57:38,2020-01-10 21:44:18,3.387,2_39_91_437_2020-01-10 20:17:01.025315,0002,CA-317,2-39-91-437,America/Los_Angeles,000000560,"[{'WhPerMile': 400, 'kWhRequested': 12.0, 'milesRequested': 30, 'minutesAvailable': 194, 'modifiedAt': 'Fri, 10 Jan 2020 20:17:10 GMT', 'paymentRequired': True, 'requestedDeparture': 'Fri, 10 Jan 2020 23:31:01 GMT', 'userID': 560}]",3.6769444444444446,1.4547222222222222,20,Friday,0,15,50.805
5e2e3d2ef9af8b066b3749c8,0039,2020-01-10 20:22:59,2020-01-11 03:06:35,2020-01-10 21:45:52,4.697,2_39_128_18_2020-01-10 20:22:59.504137,0002,CA-308,2-39-128-18,America/Los_Angeles,000000712,"[{'WhPerMile': 400, 'kWhRequested': 12.0, 'milesRequested': 30, 'minutesAvailable': 166, 'modifiedAt': 'Fri, 10 Jan 2020 20:23:11 GMT', 'paymentRequired': True, 'requestedDeparture': 'Fri, 10 Jan 2020 23:08:59 GMT', 'userID': 712}]",6.726666666666667,1.381388888888889,20,Friday,0,15,70.455
5e2e3d2ef9af8b066b3749c9,0039,2020-01-10 20:29:21,2020-01-11 00:00:30,2020-01-10 21:45:55,0.85,2_39_79_377_2020-01-10 20:29:20.883269,0002,CA-325,2-39-79-377,America/Los_Angeles,,,3.5191666666666666,1.2761111111111112,20,Friday,0,15,12.75
5e2e3d2ef9af8b066b3749ca,0039,2020-01-10 20:49:34,2020-01-11 04:14:45,2020-01-10 21:49:28,1.933,2_39_126_20_2020-01-10 20:49:34.279646,0002,CA-310,2-39-126-20,America/Los_Angeles,000000324,"[{'WhPerMile': 444, 'kWhRequested': 8.88, 'milesRequested': 20, 'minutesAvailable': 70, 'modifiedAt': 'Fri, 10 Jan 2020 20:49:48 GMT', 'paymentRequired': True, 'requestedDeparture': 'Fri, 10 Jan 2020 21:59:34 GMT', 'userID': 324}, {'WhPerMile': 444, 'kWhRequested': 8.88, 'milesRequested': 20, 'minutesAvailable': 152, 'modifiedAt': 'Fri, 10 Jan 2020 22:12:48 GMT', 'paymentRequired': True, 'requestedDeparture': 'Fri, 10 Jan 2020 23:21:34 GMT', 'userID': 324}]",7.419722222222222,0.9983333333333333,20,Friday,0,15,28.995
5e2e3d2ef9af8b066b3749cb,0039,2020-01-10 20:55:16,2020-01-11 01:07:48,2020-01-10 21:41:00,1.94,2_39_78_367_2020-01-10 20:55:15.719620,0002,CA-494,2-39-78-367,America/Los_Angeles,000000891,"[{'WhPerMile': 400, 'kWhRequested': 8.0, 'milesRequested': 20, 'minutesAvailable': 215, 'modifiedAt': 'Fri, 10 Jan 2020 20:55:24 GMT', 'paymentRequired': True, 'requestedDeparture': 'Sat, 11 Jan 2020 00:30:16 GMT', 'userID': 891}]",4.208888888888889,0.7622222222222222,20,Friday,0,15,29.099999999999998
5e2e3d2ef9af8b066b3749cc,0039,2020-01-10 22:57:12,2020-01-11 01:06:12,2020-01-11 00:07:32,6.545,2_39_123_23_2020-01-10 22:57:12.247786,0002,CA-313,2-39-123-23,America/Los_Angeles,000000431,"[{'WhPerMile': 400, 'kWhRequested': 16.0, 'milesRequested': 40, 'minutesAvailable': 112, 'modifiedAt': 'Fri, 10 Jan 2020 22:57:45 GMT', 'paymentRequired': True, 'requestedDeparture': 'Sat, 11 Jan 2020 00:49:12 GMT', 'userID': 431}]",2.15,1.1722222222222223,22,Friday,0,15,98.175
5e2e3d2ef9af8b066b3749cd,0039,2020-01-10 23:12:17,2020-01-11 01:18:59,2020-01-11 00:26:10,3.687,2_39_90_440_2020-01-10 23:12:17.309494,0002,CA-500,2-39-90-440,America/Los_Angeles,000003447,"[{'WhPerMile': 375, 'kWhRequested': 15.0, 'milesRequested': 40, 'minutesAvailable': 219, 'modifiedAt': 'Fri, 10 Jan 2020 23:12:52 GMT', 'paymentRequired': True, 'requestedDeparture': 'Sat, 11 Jan 2020 02:51:17 GMT', 'userID': 3447}]",2.111666666666667,1.2313888888888889,23,Friday,0,15,55.305
5e2e3d2ef9af8b066b3749ce,0039,2020-01-11 01:13:48,2020-01-11 01:49:20,2020-01-11 01:49:12,2.056,2_39_139_28_2020-01-11 01:13:48.283333,0002,CA-303,2-39-139-28,America/Los_Angeles,000005368,"[{'WhPerMile': 600, 'kWhRequested': 12.0, 'milesRequested': 20, 'minutesAvailable': 60, 'modifiedAt': 'Sat, 11 Jan 2020 01:15:27 GMT', 'paymentRequired': True, 'requestedDeparture': 'Sat, 11 Jan 2020 02:13:48 GMT', 'userID': 5368}]",0.5922222222222222,0.59,1,Saturday,1,15,30.84
5e30e01ff9af8b0f5cf06993,0039,2020-01-12 16:43:29,2020-01-13 16:20:06,2020-01-13 13:50:40,33.232,2_39_131_30_2020-01-12 16:43:28.787116,0002,CA-305,2-39-131-30,America/Los_Angeles,000000489,"[{'WhPerMile': 399, 'kWhRequested': 87.78, 'milesRequested': 220, 'minutesAvailable': 485, 'modifiedAt': 'Sun, 12 Jan 2020 16:43:53 GMT', 'paymentRequired': True, 'requestedDeparture': 'Mon, 13 Jan 2020 00:48:29 GMT', 'userID': 489}, {'WhPerMile': 399, 'kWhRequested': 87.78, 'milesRequested': 220, 'minutesAvailable': 472, 'modifiedAt': 'Sun, 12 Jan 2020 16:44:16 GMT', 'paymentRequired': True, 'requestedDeparture': 'Mon, 13 Jan 2020 00:35:29 GMT', 'userID': 489}, {'WhPerMile': 399, 'kWhRequested': 87.78, 'milesRequested': 220, 'minutesAvailable': 503, 'modifiedAt': 'Sun, 12 Jan 2020 16:46:24 GMT', 'paymentRequired': True, 'requestedDeparture': 'Mon, 13 Jan 2020 01:06:29 GMT', 'userID': 489}, {'WhPerMile': 399, 'kWhRequested': 87.78, 'milesRequested': 220, 'minutesAvailable': 505, 'modifiedAt': 'Sun, 12 Jan 2020 18:18:38 GMT', 'paymentRequired': True, 'requestedDeparture': 'Mon, 13 Jan 2020 01:08:29 GMT', 'userID': 489}]",23.610277777777778,21.119722222222222,16,Sunday,1,15,498.48
5e30e01ff9af8b0f5cf06995,0039,2020-01-12 18:00:07,2020-01-13 02:02:27,2020-01-12 20:12:27,7.883,2_39_129_17_2020-01-12 17:59:55.842623,0002,CA-307,2-39-129-17,America/Los_Angeles,000005471,"[{'WhPerMile': 400, 'kWhRequested': 8.0, 'milesRequested': 20, 'minutesAvailable': 62, 'modifiedAt': 'Sun, 12 Jan 2020 18:00:06 GMT', 'paymentRequired': True, 'requestedDeparture': 'Sun, 12 Jan 2020 19:02:07 GMT', 'userID': 5471}, {'WhPerMile': 400, 'kWhRequested': 8.0, 'milesRequested': 20, 'minutesAvailable': 62, 'modifiedAt': 'Mon, 13 Jan 2020 01:53:47 GMT', 'paymentRequired': True, 'requestedDeparture': 'Sun, 12 Jan 2020 19:02:07 GMT', 'userID': 5471}, {'WhPerMile': 400, 'kWhRequested': 8.0, 'milesRequested': 20, 'minutesAvailable': 534, 'modifiedAt': 'Mon, 13 Jan 2020 01:54:41 GMT', 'paymentRequired': True, 'requestedDeparture': 'Mon, 13 Jan 2020 02:54:07 GMT', 'userID': 5471}]",8.03888888888889,2.2055555555555557,18,Sunday,1,15,118.245
5e30e01ff9af8b0f5cf06996,0039,2020-01-12 20:05:23,2020-01-12 22:03:44,2020-01-12 22:03:40,6.77,2_39_89_25_2020-01-12 20:05:23.222211,0002,CA-315,2-39-89-25,America/Los_Angeles,000001089,"[{'WhPerMile': 400, 'kWhRequested': 8.0, 'milesRequested': 20, 'minutesAvailable': 114, 'modifiedAt': 'Sun, 12 Jan 2020 20:06:56 GMT', 'paymentRequired': True, 'requestedDeparture': 'Sun, 12 Jan 2020 21:59:23 GMT', 'userID': 1089}]",1.9725,1.9713888888888889,20,Sunday,1,15,101.55
5e30e01ff9af8b0f5cf06997,0039,2020-01-13 01:41:22,2020-01-13 02:34:34,2020-01-13 02:23:23,1.791,2_39_139_28_2020-01-13 01:41:21.633908,0002,CA-303,2-39-139-28,America/Los_Angeles,000001366,"[{'WhPerMile': 400, 'kWhRequested': 8.0, 'milesRequested': 20, 'minutesAvailable': 60, 'modifiedAt': 'Mon, 13 Jan 2020 01:41:36 GMT', 'paymentRequired': True, 'requestedDeparture': 'Mon, 13 Jan 2020 02:41:22 GMT', 'userID': 1366}]",0.8866666666666667,0.7002777777777778,1,Monday,0,15,26.865
5e30e01ff9af8b0f5cf06998,0039,2020-01-13 01:41:46,2020-01-13 03:44:59,2020-01-13 03:33:21,5.68,2_39_127_19_2020-01-13 01:41:46.087820,0002,CA-309,2-39-127-19,America/Los_Angeles,000004622,"[{'WhPerMile': 300, 'kWhRequested': 6.0, 'milesRequested': 20, 'minutesAvailable': 127, 'modifiedAt': 'Mon, 13 Jan 2020 01:42:09 GMT', 'paymentRequired': True, 'requestedDeparture': 'Mon, 13 Jan 2020 03:48:46 GMT', 'userID': 4622}]",2.053611111111111,1.8597222222222223,1,Monday,0,15,85.19999999999999
5e30e01ff9af8b0f5cf06999,0039,2020-01-13 02:08:54,2020-01-14 01:24:02,2020-01-13 09:52:50,51.459,2_39_129_17_2020-01-13 02:08:53.683125,0002,CA-307,2-39-129-17,America/Los_Angeles,000000067,"[{'WhPerMile': 250, 'kWhRequested': 60.0, 'milesRequested': 240, 'minutesAvailable': 720, 'modifiedAt': 'Mon, 13 Jan 2020 02:08:58 GMT', 'paymentRequired': True, 'requestedDeparture': 'Mon, 13 Jan 2020 14:08:54 GMT', 'userID': 67}, {'WhPerMile': 250, 'kWhRequested': 60.0, 'milesRequested': 240, 'minutesAvailable': 720, 'modifiedAt': 'Mon, 13 Jan 2020 02:09:11 GMT', 'paymentRequired': True, 'requestedDeparture': 'Mon, 13 Jan 2020 14:08:54 GMT', 'userID': 67}]",23.252222222222223,7.732222222222222,2,Monday,0,15,771.885
5e30e01ff9af8b0f5cf0699a,0039,2020-01-13 02:40:40,2020-01-13 06:03:13,2020-01-13 05:23:13,16.661,2_39_139_28_2020-01-13 02:40:40.200795,0002,CA-303,2-39-139-28,America/Los_Angeles,000001099,"[{'WhPerMile': 400, 'kWhRequested': 32.0, 'milesRequested': 80, 'minutesAvailable': 171, 'modifiedAt': 'Mon, 13 Jan 2020 02:41:53 GMT', 'paymentRequired': True, 'requestedDeparture': 'Mon, 13 Jan 2020 05:31:40 GMT', 'userID': 1099}]",3.3758333333333335,2.7091666666666665,2,Monday,0,15,249.91500000000002
5e3231b6f9af8b13f2ff1387,0039,2020-01-13 14:10:41,2020-01-13 23:55:21,2020-01-13 18:13:26,20.9,2_39_79_379_2020-01-13 14:10:41.235156,0002,CA-327,2-39-79-379,America/Los_Angeles,000001104,"[{'WhPerMile': 250, 'kWhRequested': 37.5, 'milesRequested': 150, 'minutesAvailable': 436, 'modifiedAt': 'Mon, 13 Jan 2020 14:10:52 GMT', 'paymentRequired': True, 'requestedDeparture': 'Mon, 13 Jan 2020 21:26:41 GMT', 'userID': 1104}]",9.744444444444444,4.045833333333333,14,Monday,0,15,313.5
5e3231b6f9af8b13f2ff1388,0039,2020-01-13 14:47:22,2020-01-13 16:19:50,2020-01-13 16:19:46,5.097,2_39_89_25_2020-01-13 14:47:21.928085,0002,CA-315,2-39-89-25,America/Los_Angeles,000000743,"[{'WhPerMile': 400, 'kWhRequested': 8.0, 'milesRequested': 20, 'minutesAvailable': 50, 'modifiedAt': 'Mon, 13 Jan 2020 14:47:53 GMT', 'paymentRequired': True, 'requestedDeparture': 'Mon, 13 Jan 2020 15:37:22 GMT', 'userID': 743}]",1.541111111111111,1.54,14,Monday,0,15,76.45500000000001
5e3231b6f9af8b13f2ff1389,0039,2020-01-13 15:08:49,2020-01-14 22:12:07,2020-01-13 19:50:48,13.753,2_39_95_27_2020-01-13 15:08:49.156069,0002,CA-319,2-39-95-27,America/Los_Angeles,000004913,"[{'WhPerMile': 400, 'kWhRequested': 20.0, 'milesRequested': 50, 'minutesAvailable': 720, 'modifiedAt': 'Mon, 13 Jan 2020 15:09:31 GMT', 'paymentRequired': True, 'requestedDeparture': 'Tue, 14 Jan 2020 03:08:49 GMT', 'userID': 4913}]",31.055,4.699722222222222,15,Monday,0,15,206.29500000000002
5e3231b6f9af8b13f2ff138a,0039,2020-01-13 15:50:09,2020-01-14 02:15:09,2020-01-13 21:08:37,7.886,2_39_138_29_2020-01-13 15:49:48.727469,0002,CA-304,2-39-138-29,America/Los_Angeles,000005471,"[{'WhPerMile': 400, 'kWhRequested': 8.0, 'milesRequested': 20, 'minutesAvailable': 534, 'modifiedAt': 'Mon, 13 Jan 2020 15:50:08 GMT', 'paymentRequired': True, 'requestedDeparture': 'Tue, 14 Jan 2020 00:44:09 GMT', 'userID': 5471}]",10.416666666666666,5.307777777777778,15,Monday,0,15,118.29
5e3231b6f9af8b13f2ff138b,0039,2020-01-13 16:12:36,2020-01-14 01:18:42,2020-01-14 00:37:19,33.701,2_39_79_376_2020-01-13 16:12:35.556842,0002,CA-324,2-39-79-376,America/Los_Angeles,000003853,"[{'WhPerMile': 360, 'kWhRequested': 36.0, 'milesRequested': 100, 'minutesAvailable': 490, 'modifiedAt': 'Mon, 13 Jan 2020 16:13:07 GMT', 'paymentRequired': True, 'requestedDeparture': 'Tue, 14 Jan 2020 00:22:36 GMT', 'userID': 3853}]",9.101666666666667,8.411944444444444,16,Monday,0,15,505.515
5e3231b6f9af8b13f2ff138c,0039,2020-01-13 16:21:09,2020-01-14 01:26:56,2020-01-14 00:59:40,24.591,2_39_79_381_2020-01-13 16:21:09.500980,0002,CA-490,2-39-79-381,America/Los_Angeles,000001154,"[{'WhPerMile': 400, 'kWhRequested': 28.0, 'milesRequested': 70, 'minutesAvailable': 466, 'modifiedAt': 'Mon, 13 Jan 2020 16:21:55 GMT', 'paymentRequired': True, 'requestedDeparture': 'Tue, 14 Jan 2020 00:07:09 GMT', 'userID': 1154}]",9.096388888888889,8.641944444444444,16,Monday,0,15,368.865
5e3231b6f9af8b13f2ff138d,0039,2020-01-13 16:41:22,2020-01-13 23:29:41,2020-01-13 19:34:45,5.22,2_39_79_377_2020-01-13 16:41:22.224840,0002,CA-325,2-39-79-377,America/Los_Angeles,000000751,"[{'WhPerMile': 400, 'kWhRequested': 8.0, 'milesRequested': 20, 'minutesAvailable': 590, 'modifiedAt': 'Mon, 13 Jan 2020 16:41:32 GMT', 'paymentRequired': True, 'requestedDeparture': 'Tue, 14 Jan 2020 02:31:22 GMT', 'userID': 751}]",6.8052777777777775,2.8897222222222223,16,Monday,0,15,78.3
5e3231b6f9af8b13f2ff138e,0039,2020-01-13 16:44:19,2020-01-14 04:12:38,2020-01-13 20:23:06,8.289,2_39_124_558_2020-01-13 16:44:19.002518,0002,CA-504,2-39-124-558,America/Los_Angeles,000001534,"[{'WhPerMile': 250, 'kWhRequested': 10.0, 'milesRequested': 40, 'minutesAvailable': 404, 'modifiedAt': 'Mon, 13 Jan 2020 16:45:48 GMT', 'paymentRequired': True, 'requestedDeparture': 'Mon, 13 Jan 2020 23:28:19 GMT', 'userID': 1534}]",11.471944444444444,3.6463888888888887,16,Monday,0,15,124.335
5e3231b6f9af8b13f2ff138f,0039,2020-01-13 16:45:39,2020-01-14 01:11:15,2020-01-13 23:15:46,39.885,2_39_90_26_2020-01-13 16:45:39.410359,0002,CA-316,2-39-90-26,America/Los_Angeles,000000273,"[{'WhPerMile': 400, 'kWhRequested': 40.0, 'milesRequested': 100, 'minutesAvailable': 454, 'modifiedAt': 'Mon, 13 Jan 2020 16:46:09 GMT', 'paymentRequired': True, 'requestedDeparture': 'Tue, 14 Jan 2020 00:19:39 GMT', 'userID': 273}]",8.426666666666666,6.501944444444445,16,Monday,0,15,598.275
5e3231b6f9af8b13f2ff1390,0039,2020-01-13 16:47:28,2020-01-14 01:12:00,2020-01-13 20:06:08,6.119,2_39_79_378_2020-01-13 16:47:28.380862,0002,CA-326,2-39-79-378,America/Los_Angeles,000005368,"[{'WhPerMile': 400, 'kWhRequested': 8.0, 'milesRequested': 20, 'minutesAvailable': 60, 'modifiedAt': 'Mon, 13 Jan 2020 16:56:13 GMT', 'paymentRequired': True, 'requestedDeparture': 'Mon, 13 Jan 2020 17:47:28 GMT', 'userID': 5368}]",8.408888888888889,3.311111111111111,16,Monday,0,15,91.785
5e3231b6f9af8b13f2ff1391,0039,2020-01-13 16:47:52,2020-01-14 00:26:50,2020-01-14 00:27:50,25.988,2_39_78_362_2020-01-13 16:47:52.309348,0002,CA-496,2-39-78-362,America/Los_Angeles,000001470,"[{'WhPerMile': 292, 'kWhRequested': 29.2, 'milesRequested': 100, 'minutesAvailable': 313, 'modifiedAt': 'Mon, 13 Jan 2020 16:48:47 GMT', 'paymentRequired': True, 'requestedDeparture': 'Mon, 13 Jan 2020 22:00:52 GMT', 'userID': 1470}]",7.649444444444445,7.666111111111111,16,Monday,0,15,389.82
5e3231b6f9af8b13f2ff1392,0039,2020-01-13 16:49:50,2020-01-13 20:57:14,2020-01-13 20:54:32,18.838,2_39_92_436_2020-01-13 16:49:50.299522,0002,CA-318,2-39-92-436,America/Los_Angeles,000001137,"[{'WhPerMile': 400, 'kWhRequested': 24.0, 'milesRequested': 60, 'minutesAvailable': 226, 'modifiedAt': 'Mon, 13 Jan 2020 16:50:14 GMT', 'paymentRequired': True, 'requestedDeparture': 'Mon, 13 Jan 2020 20:35:50 GMT', 'userID': 1137}]",4.123333333333333,4.078333333333333,16,Monday,0,15,282.57
5e3231b6f9af8b13f2ff1393,0039,2020-01-13 16:57:09,2020-01-13 19:42:04,2020-01-13 19:41:59,3.223,2_39_79_383_2020-01-13 16:57:08.906396,0002,CA-492,2-39-79-383,America/Los_Angeles,,,2.748611111111111,2.7472222222222222,16,Monday,0,15,48.345
5e3231b6f9af8b13f2ff1394,0039,2020-01-13 16:59:45,2020-01-13 23:16:02,2020-01-13 18:04:34,2.953,2_39_130_31_2020-01-13 16:59:45.109037,0002,CA-306,2-39-130-31,America/Los_Angeles,000001366,"[{'WhPerMile': 400, 'kWhRequested': 8.0, 'milesRequested': 20, 'minutesAvailable': 60, 'modifiedAt': 'Mon, 13 Jan 2020 17:00:05 GMT', 'paymentRequired': True, 'requestedDeparture': 'Mon, 13 Jan 2020 17:59:45 GMT', 'userID': 1366}]",6.271388888888889,1.0802777777777777,16,Monday,0,15,44.294999999999995
5e3231b6f9af8b13f2ff1395,0039,2020-01-13 17:02:27,2020-01-13 18:21:20,2020-01-13 18:21:15,7.215,2_39_127_19_2020-01-13 17:02:27.072412,0002,CA-309,2-39-127-19,America/Los_Angeles,000001938,"[{'WhPerMile': 400, 'kWhRequested': 16.0, 'milesRequested': 40, 'minutesAvailable': 140, 'modifiedAt': 'Mon, 13 Jan 2020 17:02:31 GMT', 'paymentRequired': True, 'requestedDeparture': 'Mon, 13 Jan 2020 19:22:27 GMT', 'userID': 1938}, {'WhPerMile': 400, 'kWhRequested': 16.0, 'milesRequested': 40, 'minutesAvailable': 140, 'modifiedAt': 'Mon, 13 Jan 2020 17:02:55 GMT', 'paymentRequired': True, 'requestedDeparture': 'Mon, 13 Jan 2020 19:22:27 GMT', 'userID': 1938}, {'WhPerMile': 400, 'kWhRequested': 16.0, 'milesRequested': 40, 'minutesAvailable': 140, 'modifiedAt': 'Mon, 13 Jan 2020 18:21:17 GMT', 'paymentRequired': True, 'requestedDeparture': 'Mon, 13 Jan 2020 19:22:27 GMT', 'userID': 1938}]",1.3147222222222221,1.3133333333333332,17,Monday,0,15,108.225
5e3231b6f9af8b13f2ff1396,0039,2020-01-13 17:06:13,2020-01-14 00:17:32,2020-01-13 22:02:10,21.277,2_39_92_442_2020-01-13 17:06:13.422989,0002,CA-498,2-39-92-442,America/Los_Angeles,000000564,"[{'WhPerMile': 231, 'kWhRequested': 27.72, 'milesRequested': 120, 'minutesAvailable': 562, 'modifiedAt': 'Mon, 13 Jan 2020 17:06:27 GMT', 'paymentRequired': True, 'requestedDeparture': 'Tue, 14 Jan 2020 02:28:13 GMT', 'userID': 564}]",7.188611111111111,4.9325,17,Monday,0,15,319.15500000000003
5e3231b6f9af8b13f2ff1397,0039,2020-01-13 17:07:39,2020-01-14 03:12:45,2020-01-13 18:37:02,4.374,2_39_131_30_2020-01-13 17:07:38.833700,0002,CA-305,2-39-131-30,America/Los_Angeles,000000567,"[{'WhPerMile': 400, 'kWhRequested': 8.0, 'milesRequested': 20, 'minutesAvailable': 459, 'modifiedAt': 'Mon, 13 Jan 2020 17:08:44 GMT', 'paymentRequired': True, 'requestedDeparture': 'Tue, 14 Jan 2020 00:46:39 GMT', 'userID': 567}]",10.085,1.4897222222222222,17,Monday,0,15,65.61
5e3231b6f9af8b13f2ff1398,0039,2020-01-13 17:12:27,2020-01-13 20:45:57,2020-01-13 20:45:53,22.131,2_39_78_365_2020-01-13 17:12:27.297864,0002,CA-321,2-39-78-365,America/Los_Angeles,000000022,"[{'WhPerMile': 400, 'kWhRequested': 84.0, 'milesRequested': 210, 'minutesAvailable': 539, 'modifiedAt': 'Mon, 13 Jan 2020 17:13:54 GMT', 'paymentRequired': True, 'requestedDeparture': 'Tue, 14 Jan 2020 02:11:27 GMT', 'userID': 22}]",3.558333333333333,3.5572222222222223,17,Monday,0,15,331.96500000000003
5e3231b6f9af8b13f2ff1399,0039,2020-01-13 17:13:33,2020-01-14 03:13:03,2020-01-13 22:42:39,11.893,2_39_79_380_2020-01-13 17:13:32.897293,0002,CA-489,2-39-79-380,America/Los_Angeles,000003977,"[{'WhPerMile': 600, 'kWhRequested': 12.0, 'milesRequested': 20, 'minutesAvailable': 168, 'modifiedAt': 'Mon, 13 Jan 2020 17:15:03 GMT', 'paymentRequired': True, 'requestedDeparture': 'Mon, 13 Jan 2020 20:01:33 GMT', 'userID': 3977}]",9.991666666666667,5.485,17,Monday,0,15,178.395
5e3231b6f9af8b13f2ff139a,0039,2020-01-13 17:14:53,2020-01-14 02:10:42,2020-01-13 18:20:34,6.915,2_39_91_437_2020-01-13 17:14:53.229403,0002,CA-317,2-39-91-437,America/Los_Angeles,000000714,"[{'WhPerMile': 400, 'kWhRequested': 24.0, 'milesRequested': 60, 'minutesAvailable': 361, 'modifiedAt': 'Mon, 13 Jan 2020 17:15:22 GMT', 'paymentRequired': True, 'requestedDeparture': 'Mon, 13 Jan 2020 23:15:53 GMT', 'userID': 714}]",8.930277777777778,1.0947222222222222,17,Monday,0,15,103.725
5e3231b6f9af8b13f2ff139b,0039,2020-01-13 17:22:56,2020-01-13 20:27:06,2020-01-13 19:33:38,13.246,2_39_125_21_2020-01-13 17:22:55.679806,0002,CA-311,2-39-125-21,America/Los_Angeles,000001912,"[{'WhPerMile': 400, 'kWhRequested': 20.0, 'milesRequested': 50, 'minutesAvailable': 362, 'modifiedAt': 'Mon, 13 Jan 2020 17:23:12 GMT', 'paymentRequired': True, 'requestedDeparture': 'Mon, 13 Jan 2020 23:24:56 GMT', 'userID': 1912}]",3.0694444444444446,2.1783333333333332,17,Monday,0,15,198.69
5e3231b6f9af8b13f2ff139c,0039,2020-01-13 17:24:26,2020-01-14 01:28:13,2020-01-14 01:11:27,0.918,2_39_78_364_2020-01-13 17:24:26.198237,0002,CA-495,2-39-78-364,America/Los_Angeles,,,8.063055555555556,7.783611111111111,17,Monday,0,15,13.770000000000001
5e3231b6f9af8b13f2ff139d,0039,2020-01-13 17:30:20,2020-01-13 20:38:01,2020-01-13 19:04:57,4.816,2_39_123_23_2020-01-13 17:30:20.307508,0002,CA-313,2-39-123-23,America/Los_Angeles,000000562,"[{'WhPerMile': 325, 'kWhRequested': 6.5, 'milesRequested': 20, 'minutesAvailable': 172, 'modifiedAt': 'Mon, 13 Jan 2020 17:31:29 GMT', 'paymentRequired': True, 'requestedDeparture': 'Mon, 13 Jan 2020 20:22:20 GMT', 'userID': 562}]",3.1280555555555556,1.5769444444444445,17,Monday,0,15,72.24
5e3231b6f9af8b13f2ff139e,0039,2020-01-13 17:34:34,2020-01-14 01:44:08,2020-01-14 01:44:03,14.973,2_39_79_382_2020-01-13 17:34:34.281043,0002,CA-491,2-39-79-382,America/Los_Angeles,000002149,"[{'WhPerMile': 250, 'kWhRequested': 20.0, 'milesRequested': 80, 'minutesAvailable': 457, 'modifiedAt': 'Mon, 13 Jan 2020 17:38:31 GMT', 'paymentRequired': True, 'requestedDeparture': 'Tue, 14 Jan 2020 01:11:34 GMT', 'userID': 2149}]",8.159444444444444,8.158055555555556,17,Monday,0,15,224.595
5e3231b6f9af8b13f2ff139f,0039,2020-01-13 17:47:39,2020-01-13 18:16:52,2020-01-13 18:16:46,0.782,2_39_126_20_2020-01-13 17:47:38.593981,0002,CA-310,2-39-126-20,America/Los_Angeles,,,0.48694444444444446,0.48527777777777775,17,Monday,0,15,11.73
5e3231b6f9af8b13f2ff13a0,0039,2020-01-13 17:49:41,2020-01-14 01:12:37,2020-01-13 22:04:58,13.673,2_39_89_25_2020-01-13 17:49:41.334141,0002,CA-315,2-39-89-25,America/Los_Angeles,000000677,"[{'WhPerMile': 325, 'kWhRequested': 19.5, 'milesRequested': 60, 'minutesAvailable': 366, 'modifiedAt': 'Mon, 13 Jan 2020 17:49:51 GMT', 'paymentRequired': True, 'requestedDeparture': 'Mon, 13 Jan 2020 23:55:41 GMT', 'userID': 677}]",7.3822222222222225,4.254722222222222,17,Monday,0,15,205.095
5e3231b6f9af8b13f2ff13a1,0039,2020-01-13 17:53:53,2020-01-14 01:26:40,2020-01-13 21:00:55,4.88,2_39_90_440_2020-01-13 17:53:53.033495,0002,CA-500,2-39-90-440,America/Los_Angeles,000000743,"[{'WhPerMile': 400, 'kWhRequested': 8.0, 'milesRequested': 20, 'minutesAvailable': 382, 'modifiedAt': 'Mon, 13 Jan 2020 17:54:17 GMT', 'paymentRequired': True, 'requestedDeparture': 'Tue, 14 Jan 2020 00:15:53 GMT', 'userID': 743}]",7.546388888888889,3.1172222222222223,17,Monday,0,15,73.2
5e3231b6f9af8b13f2ff13a2,0039,2020-01-13 17:58:39,2020-01-14 03:11:55,2020-01-13 20:30:33,15.546,2_39_88_438_2020-01-13 17:58:38.876197,0002,CA-502,2-39-88-438,America/Los_Angeles,000000558,"[{'WhPerMile': 400, 'kWhRequested': 36.0, 'milesRequested': 90, 'minutesAvailable': 60, 'modifiedAt': 'Mon, 13 Jan 2020 17:58:51 GMT', 'paymentRequired': True, 'requestedDeparture': 'Mon, 13 Jan 2020 18:58:39 GMT', 'userID': 558}]",9.221111111111112,2.5316666666666667,17,Monday,0,15,233.19
5e3231b6f9af8b13f2ff13a3,0039,2020-01-13 18:11:37,2020-01-14 01:54:02,2020-01-13 22:00:17,12.124,2_39_95_444_2020-01-13 18:11:37.109301,0002,CA-497,2-39-95-444,America/Los_Angeles,000001095,"[{'WhPerMile': 400, 'kWhRequested': 16.0, 'milesRequested': 40, 'minutesAvailable': 444, 'modifiedAt': 'Mon, 13 Jan 2020 18:11:42 GMT', 'paymentRequired': True, 'requestedDeparture': 'Tue, 14 Jan 2020 01:35:37 GMT', 'userID': 1095}]",7.706944444444445,3.811111111111111,18,Monday,0,15,181.86
5e3231b6f9af8b13f2ff13a4,0039,2020-01-13 18:12:58,2020-01-14 02:37:51,2020-01-14 01:49:38,47.727,2_39_91_441_2020-01-13 18:12:50.500061,0002,CA-499,2-39-91-441,America/Los_Angeles,000002743,"[{'WhPerMile': 240, 'kWhRequested': 60.0, 'milesRequested': 250, 'minutesAvailable': 576, 'modifiedAt': 'Mon, 13 Jan 2020 18:12:58 GMT', 'paymentRequired': True, 'requestedDeparture': 'Tue, 14 Jan 2020 03:48:58 GMT', 'userID': 2743}]",8.414722222222222,7.611111111111111,18,Monday,0,15,715.905
5e3231b6f9af8b13f2ff13a5,0039,2020-01-13 18:17:49,2020-01-13 20:01:50,2020-01-13 19:07:42,0.84,2_39_88_24_2020-01-13 18:17:48.713348,0002,CA-314,2-39-88-24,America/Los_Angeles,,,1.7336111111111112,0.8313888888888888,18,Monday,0,15,12.6
5e3231b6f9af8b13f2ff13a6,0039,2020-01-13 18:22:27,2020-01-14 01:23:57,2020-01-13 22:26:53,5.956,2_39_124_22_2020-01-13 18:22:26.618933,0002,CA-312,2-39-124-22,America/Los_Angeles,000002170,"[{'WhPerMile': 400, 'kWhRequested': 8.0, 'milesRequested': 20, 'minutesAvailable': 183, 'modifiedAt': 'Mon, 13 Jan 2020 18:22:39 GMT', 'paymentRequired': True, 'requestedDeparture': 'Mon, 13 Jan 2020 21:25:27 GMT', 'userID': 2170}]",7.025,4.073888888888889,18,Monday,0,15,89.34
5e3231b6f9af8b13f2ff13a7,0039,2020-01-13 18:38:09,2020-01-14 02:47:33,2020-01-13 20:29:12,11.161,2_39_127_19_2020-01-13 18:38:08.833162,0002,CA-309,2-39-127-19,America/Los_Angeles,000000069,"[{'WhPerMile': 400, 'kWhRequested': 40.0, 'milesRequested': 100, 'minutesAvailable': 363, 'modifiedAt': 'Mon, 13 Jan 2020 18:38:22 GMT', 'paymentRequired': True, 'requestedDeparture': 'Tue, 14 Jan 2020 00:41:09 GMT', 'userID': 69}, {'WhPerMile': 400, 'kWhRequested': 40.0, 'milesRequested': 100, 'minutesAvailable': 363, 'modifiedAt': 'Tue, 14 Jan 2020 02:47:27 GMT', 'paymentRequired': True, 'requestedDeparture': 'Tue, 14 Jan 2020 00:41:09 GMT', 'userID': 69}]",8.156666666666666,1.8508333333333333,18,Monday,0,15,167.415
5e3231b6f9af8b13f2ff13a8,0039,2020-01-13 19:26:13,2020-01-13 22:52:33,2020-01-13 22:31:55,4.429,2_39_78_366_2020-01-13 19:26:13.250677,0002,CA-323,2-39-78-366,America/Los_Angeles,000002291,"[{'WhPerMile': 400, 'kWhRequested': 8.0, 'milesRequested': 20, 'minutesAvailable': 408, 'modifiedAt': 'Mon, 13 Jan 2020 19:32:03 GMT', 'paymentRequired': True, 'requestedDeparture': 'Tue, 14 Jan 2020 02:14:13 GMT', 'userID': 2291}]",3.438888888888889,3.095,19,Monday,0,15,66.435
5e3231b6f9af8b13f2ff13a9,0039,2020-01-13 20:23:14,2020-01-14 01:18:44,2020-01-13 22:09:50,4.411,2_39_79_383_2020-01-13 20:23:14.430818,0002,CA-492,2-39-79-383,America/Los_Angeles,000003389,"[{'WhPerMile': 400, 'kWhRequested': 8.0, 'milesRequested': 20, 'minutesAvailable': 190, 'modifiedAt': 'Mon, 13 Jan 2020 20:23:36 GMT', 'paymentRequired': True, 'requestedDeparture': 'Mon, 13 Jan 2020 23:33:14 GMT', 'userID': 3389}]",4.925,1.7766666666666666,20,Monday,0,15,66.16499999999999
5e3231b6f9af8b13f2ff13aa,0039,2020-01-13 20:42:58,2020-01-14 01:50:00,2020-01-13 21:34:46,2.186,2_39_123_23_2020-01-13 20:42:57.625646,0002,CA-313,2-39-123-23,America/Los_Angeles,000000891,"[{'WhPerMile': 400, 'kWhRequested': 8.0, 'milesRequested': 20, 'minutesAvailable': 215, 'modifiedAt': 'Mon, 13 Jan 2020 20:43:01 GMT', 'paymentRequired': True, 'requestedDeparture': 'Tue, 14 Jan 2020 00:17:58 GMT', 'userID': 891}]",5.117222222222222,0.8633333333333333,20,Monday,0,15,32.79
5e3231b6f9af8b13f2ff13ab,0039,2020-01-13 20:43:00,2020-01-14 03:32:47,2020-01-13 22:51:24,6.945,2_39_78_363_2020-01-13 20:43:00.222217,0002,CA-320,2-39-78-363,America/Los_Angeles,000001124,"[{'WhPerMile': 400, 'kWhRequested': 8.0, 'milesRequested': 20, 'minutesAvailable': 60, 'modifiedAt': 'Mon, 13 Jan 2020 20:43:22 GMT', 'paymentRequired': True, 'requestedDeparture': 'Mon, 13 Jan 2020 21:43:00 GMT', 'userID': 1124}]",6.829722222222222,2.14,20,Monday,0,15,104.17500000000001
5e3231b6f9af8b13f2ff13ac,0039,2020-01-13 20:51:37,2020-01-14 02:02:37,2020-01-14 00:39:31,25.851,2_39_126_20_2020-01-13 20:51:37.164904,0002,CA-310,2-39-126-20,America/Los_Angeles,000000022,"[{'WhPerMile': 400, 'kWhRequested': 84.0, 'milesRequested': 210, 'minutesAvailable': 556, 'modifiedAt': 'Mon, 13 Jan 2020 20:51:46 GMT', 'paymentRequired': True, 'requestedDeparture': 'Tue, 14 Jan 2020 06:07:37 GMT', 'userID': 22}]",5.183333333333334,3.7983333333333333,20,Monday,0,15,387.765
5e3231b6f9af8b13f2ff13ad,0039,2020-01-13 20:53:57,2020-01-14 01:50:10,2020-01-13 23:28:21,8.661,2_39_125_21_2020-01-13 20:53:43.885574,0002,CA-311,2-39-125-21,America/Los_Angeles,000004947,"[{'WhPerMile': 380, 'kWhRequested': 11.4, 'milesRequested': 30, 'minutesAvailable': 281, 'modifiedAt': 'Mon, 13 Jan 2020 20:53:57 GMT', 'paymentRequired': True, 'requestedDeparture': 'Tue, 14 Jan 2020 01:34:57 GMT', 'userID': 4947}]",4.936944444444444,2.5733333333333333,20,Monday,0,15,129.915
5e3231b6f9af8b13f2ff13ae,0039,2020-01-13 20:56:47,2020-01-14 02:19:06,2020-01-13 22:42:51,0.912,2_39_78_367_2020-01-13 20:56:46.934073,0002,CA-494,2-39-78-367,America/Los_Angeles,,,5.371944444444445,1.7677777777777777,20,Monday,0,15,13.68
5e3231b6f9af8b13f2ff13af,0039,2020-01-13 21:15:30,2020-01-14 02:42:11,2020-01-13 21:49:35,1.007,2_39_92_436_2020-01-13 21:15:30.359462,0002,CA-318,2-39-92-436,America/Los_Angeles,000000562,"[{'WhPerMile': 325, 'kWhRequested': 3.25, 'milesRequested': 10, 'minutesAvailable': 257, 'modifiedAt': 'Mon, 13 Jan 2020 21:16:12 GMT', 'paymentRequired': True, 'requestedDeparture': 'Tue, 14 Jan 2020 01:32:30 GMT', 'userID': 562}]",5.4447222222222225,0.5680555555555555,21,Monday,0,15,15.104999999999999
5e3231b6f9af8b13f2ff13b0,0039,2020-01-13 23:40:26,2020-01-14 00:57:13,2020-01-14 00:57:08,7.668,2_39_128_18_2020-01-13 23:40:25.690185,0002,CA-308,2-39-128-18,America/Los_Angeles,000002290,"[{'WhPerMile': 600, 'kWhRequested': 12.0, 'milesRequested': 20, 'minutesAvailable': 428, 'modifiedAt': 'Mon, 13 Jan 2020 23:42:39 GMT', 'paymentRequired': True, 'requestedDeparture': 'Tue, 14 Jan 2020 06:48:26 GMT', 'userID': 2290}]",1.2797222222222222,1.2783333333333333,23,Monday,0,15,115.02
5e3231b6f9af8b13f2ff13b1,0039,2020-01-14 01:01:13,2020-01-14 01:37:21,2020-01-14 01:37:16,0.995,2_39_79_379_2020-01-14 01:01:13.446241,0002,CA-327,2-39-79-379,America/Los_Angeles,,,0.6022222222222222,0.6008333333333333,1,Tuesday,0,15,14.925
5e3231b6f9af8b13f2ff13b2,0039,2020-01-14 02:42:39,2020-01-14 03:01:03,2020-01-14 03:00:58,0.571,2_39_129_17_2020-01-14 02:42:39.192967,0002,CA-307,2-39-129-17,America/Los_Angeles,,,0.30666666666666664,0.30527777777777776,2,Tuesday,0,15,8.565
5e338337f9af8b381fd75ba7,0039,2020-01-14 15:18:31,2020-01-15 02:03:44,2020-01-14 19:23:33,21.662,2_39_79_379_2020-01-14 15:18:30.984173,0002,CA-327,2-39-79-379,America/Los_Angeles,000001104,"[{'WhPerMile': 250, 'kWhRequested': 37.5, 'milesRequested': 150, 'minutesAvailable': 436, 'modifiedAt': 'Tue, 14 Jan 2020 15:18:46 GMT', 'paymentRequired': True, 'requestedDeparture': 'Tue, 14 Jan 2020 22:34:31 GMT', 'userID': 1104}]",10.75361111111111,4.083888888888889,15,Tuesday,0,15,324.93
5e338337f9af8b381fd75ba8,0039,2020-01-14 15:42:29,2020-01-15 00:11:33,2020-01-14 17:24:24,4.956,2_39_139_28_2020-01-14 15:42:29.065600,0002,CA-303,2-39-139-28,America/Los_Angeles,000001564,"[{'WhPerMile': 300, 'kWhRequested': 12.0, 'milesRequested': 40, 'minutesAvailable': 185, 'modifiedAt': 'Tue, 14 Jan 2020 15:42:42 GMT', 'paymentRequired': True, 'requestedDeparture': 'Tue, 14 Jan 2020 18:47:29 GMT', 'userID': 1564}]",8.484444444444444,1.698611111111111,15,Tuesday,0,15,74.34
5e338337f9af8b381fd75ba9,0039,2020-01-14 16:04:50,2020-01-14 17:18:43,2020-01-14 16:35:42,0.826,2_39_79_380_2020-01-14 16:04:50.198233,0002,CA-489,2-39-79-380,America/Los_Angeles,,,1.2313888888888889,0.5144444444444445,16,Tuesday,0,15,12.389999999999999
5e338337f9af8b381fd75baa,0039,2020-01-14 16:12:27,2020-01-14 21:30:20,2020-01-14 20:31:40,11.789,2_39_79_377_2020-01-14 16:12:16.937487,0002,CA-325,2-39-79-377,America/Los_Angeles,000002461,"[{'WhPerMile': 400, 'kWhRequested': 12.0, 'milesRequested': 30, 'minutesAvailable': 273, 'modifiedAt': 'Tue, 14 Jan 2020 16:12:26 GMT', 'paymentRequired': True, 'requestedDeparture': 'Tue, 14 Jan 2020 20:45:27 GMT', 'userID': 2461}]",5.298055555555556,4.320277777777778,16,Tuesday,0,15,176.835
5e338337f9af8b381fd75bab,0039,2020-01-14 16:13:43,2020-01-14 22:04:17,2020-01-14 22:03:47,0.853,2_39_78_366_2020-01-14 16:13:43.026367,0002,CA-323,2-39-78-366,America/Los_Angeles,,,5.842777777777778,5.834444444444444,16,Tuesday,0,15,12.795
5e338337f9af8b381fd75bac,0039,2020-01-14 16:16:15,2020-01-15 01:14:15,2020-01-15 01:14:03,5.686,2_39_78_364_2020-01-14 16:16:15.068078,0002,CA-495,2-39-78-364,America/Los_Angeles,000003449,"[{'WhPerMile': 276, 'kWhRequested': 38.64, 'milesRequested': 140, 'minutesAvailable': 261, 'modifiedAt': 'Tue, 14 Jan 2020 18:40:54 GMT', 'paymentRequired': True, 'requestedDeparture': 'Tue, 14 Jan 2020 20:37:15 GMT', 'userID': 3449}]",8.966666666666667,8.963333333333333,16,Tuesday,0,15,85.28999999999999
5e338337f9af8b381fd75bad,0039,2020-01-14 16:33:14,2020-01-15 01:06:43,2020-01-15 00:48:49,7.909,2_39_78_365_2020-01-14 16:33:14.448206,0002,CA-321,2-39-78-365,America/Los_Angeles,000000751,"[{'WhPerMile': 400, 'kWhRequested': 8.0, 'milesRequested': 20, 'minutesAvailable': 590, 'modifiedAt': 'Tue, 14 Jan 2020 16:34:28 GMT', 'paymentRequired': True, 'requestedDeparture': 'Wed, 15 Jan 2020 02:23:14 GMT', 'userID': 751}]",8.558055555555555,8.259722222222223,16,Tuesday,0,15,118.63499999999999
5e338337f9af8b381fd75bae,0039,2020-01-14 16:46:15,2020-01-15 00:36:07,2020-01-15 00:35:41,10.421,2_39_78_367_2020-01-14 16:46:14.913566,0002,CA-494,2-39-78-367,America/Los_Angeles,000001470,"[{'WhPerMile': 292, 'kWhRequested': 11.68, 'milesRequested': 40, 'minutesAvailable': 313, 'modifiedAt': 'Tue, 14 Jan 2020 16:46:24 GMT', 'paymentRequired': True, 'requestedDeparture': 'Tue, 14 Jan 2020 21:59:15 GMT', 'userID': 1470}]",7.831111111111111,7.823888888888889,16,Tuesday,0,15,156.315
5e338337f9af8b381fd75baf,0039,2020-01-14 16:46:57,2020-01-15 02:29:59,2020-01-14 18:45:10,6.035,2_39_90_440_2020-01-14 16:46:57.407896,0002,CA-500,2-39-90-440,America/Los_Angeles,000001534,"[{'WhPerMile': 250, 'kWhRequested': 10.0, 'milesRequested': 40, 'minutesAvailable': 404, 'modifiedAt': 'Tue, 14 Jan 2020 16:47:08 GMT', 'paymentRequired': True, 'requestedDeparture': 'Tue, 14 Jan 2020 23:30:57 GMT', 'userID': 1534}]",9.717222222222222,1.9702777777777778,16,Tuesday,0,15,90.525
5e338337f9af8b381fd75bb0,0039,2020-01-14 16:48:08,2020-01-15 02:51:38,2020-01-15 02:52:37,1.022,2_39_79_381_2020-01-14 16:48:07.932007,0002,CA-490,2-39-79-381,America/Los_Angeles,,,10.058333333333334,10.074722222222222,16,Tuesday,0,15,15.33
5e338337f9af8b381fd75bb1,0039,2020-01-14 16:50:47,2020-01-14 20:08:12,2020-01-14 18:46:53,5.827,2_39_91_437_2020-01-14 16:50:46.879437,0002,CA-317,2-39-91-437,America/Los_Angeles,000001222,"[{'WhPerMile': 400, 'kWhRequested': 8.0, 'milesRequested': 20, 'minutesAvailable': 72, 'modifiedAt': 'Tue, 14 Jan 2020 16:51:21 GMT', 'paymentRequired': True, 'requestedDeparture': 'Tue, 14 Jan 2020 18:02:47 GMT', 'userID': 1222}]",3.290277777777778,1.935,16,Tuesday,0,15,87.405
5e338337f9af8b381fd75bb2,0039,2020-01-14 16:52:03,2020-01-15 01:42:28,2020-01-14 18:51:30,6.086,2_39_79_376_2020-01-14 16:52:02.702407,0002,CA-324,2-39-79-376,America/Los_Angeles,000005368,"[{'WhPerMile': 400, 'kWhRequested': 8.0, 'milesRequested': 20, 'minutesAvailable': 60, 'modifiedAt': 'Tue, 14 Jan 2020 16:57:07 GMT', 'paymentRequired': True, 'requestedDeparture': 'Tue, 14 Jan 2020 17:52:03 GMT', 'userID': 5368}]",8.840277777777779,1.9908333333333332,16,Tuesday,0,15,91.29
5e338337f9af8b381fd75bb3,0039,2020-01-14 17:08:58,2020-01-15 02:48:55,2020-01-14 18:21:04,3.912,2_39_127_19_2020-01-14 17:08:57.914964,0002,CA-309,2-39-127-19,America/Los_Angeles,000000567,"[{'WhPerMile': 400, 'kWhRequested': 8.0, 'milesRequested': 20, 'minutesAvailable': 459, 'modifiedAt': 'Tue, 14 Jan 2020 17:09:25 GMT', 'paymentRequired': True, 'requestedDeparture': 'Wed, 15 Jan 2020 00:47:58 GMT', 'userID': 567}]",9.665833333333333,1.2016666666666667,17,Tuesday,0,15,58.68
5e338337f9af8b381fd75bb4,0039,2020-01-14 17:11:58,2020-01-15 01:52:17,2020-01-14 20:52:07,21.892,2_39_89_25_2020-01-14 17:11:58.288224,0002,CA-315,2-39-89-25,America/Los_Angeles,000000431,"[{'WhPerMile': 400, 'kWhRequested': 32.0, 'milesRequested': 80, 'minutesAvailable': 112, 'modifiedAt': 'Tue, 14 Jan 2020 17:12:25 GMT', 'paymentRequired': True, 'requestedDeparture': 'Tue, 14 Jan 2020 19:03:58 GMT', 'userID': 431}]",8.671944444444444,3.6691666666666665,17,Tuesday,0,15,328.38
5e338337f9af8b381fd75bb5,0039,2020-01-14 17:12:54,2020-01-15 02:40:30,2020-01-14 19:40:24,14.106,2_39_79_383_2020-01-14 17:12:53.948416,0002,CA-492,2-39-79-383,America/Los_Angeles,000002961,"[{'WhPerMile': 400, 'kWhRequested': 40.0, 'milesRequested': 100, 'minutesAvailable': 60, 'modifiedAt': 'Tue, 14 Jan 2020 17:14:07 GMT', 'paymentRequired': True, 'requestedDeparture': 'Tue, 14 Jan 2020 18:12:54 GMT', 'userID': 2961}]",9.46,2.4583333333333335,17,Tuesday,0,15,211.59
5e338337f9af8b381fd75bb6,0039,2020-01-14 17:13:41,2020-01-15 02:15:12,2020-01-14 20:15:28,9.271,2_39_129_17_2020-01-14 17:13:40.832865,0002,CA-307,2-39-129-17,America/Los_Angeles,000000712,"[{'WhPerMile': 400, 'kWhRequested': 12.0, 'milesRequested': 30, 'minutesAvailable': 351, 'modifiedAt': 'Tue, 14 Jan 2020 17:23:21 GMT', 'paymentRequired': True, 'requestedDeparture': 'Tue, 14 Jan 2020 23:04:41 GMT', 'userID': 712}]",9.025277777777777,3.0297222222222224,17,Tuesday,0,15,139.065
5e338337f9af8b381fd75bb7,0039,2020-01-14 17:21:18,2020-01-14 18:38:30,2020-01-14 18:38:26,7.196,2_39_78_363_2020-01-14 17:21:14.825122,0002,CA-320,2-39-78-363,America/Los_Angeles,000003856,"[{'WhPerMile': 400, 'kWhRequested': 40.0, 'milesRequested': 100, 'minutesAvailable': 118, 'modifiedAt': 'Tue, 14 Jan 2020 17:21:18 GMT', 'paymentRequired': True, 'requestedDeparture': 'Tue, 14 Jan 2020 19:19:18 GMT', 'userID': 3856}]",1.2866666666666666,1.2855555555555556,17,Tuesday,0,15,107.94
5e338337f9af8b381fd75bb8,0039,2020-01-14 17:25:10,2020-01-15 01:01:58,2020-01-14 18:52:38,4.197,2_39_91_441_2020-01-14 17:25:09.751477,0002,CA-499,2-39-91-441,America/Los_Angeles,000000743,"[{'WhPerMile': 400, 'kWhRequested': 8.0, 'milesRequested': 20, 'minutesAvailable': 382, 'modifiedAt': 'Tue, 14 Jan 2020 17:25:21 GMT', 'paymentRequired': True, 'requestedDeparture': 'Tue, 14 Jan 2020 23:47:10 GMT', 'userID': 743}]",7.613333333333333,1.4577777777777778,17,Tuesday,0,15,62.955
5e338337f9af8b381fd75bb9,0039,2020-01-14 17:38:56,2020-01-15 02:56:08,2020-01-14 20:26:38,16.914,2_39_78_360_2020-01-14 17:38:56.229672,0002,CA-322,2-39-78-360,America/Los_Angeles,000000714,"[{'WhPerMile': 400, 'kWhRequested': 24.0, 'milesRequested': 60, 'minutesAvailable': 361, 'modifiedAt': 'Tue, 14 Jan 2020 17:39:10 GMT', 'paymentRequired': True, 'requestedDeparture': 'Tue, 14 Jan 2020 23:39:56 GMT', 'userID': 714}]",9.286666666666667,2.795,17,Tuesday,0,15,253.71000000000004
5e338337f9af8b381fd75bba,0039,2020-01-14 17:58:04,2020-01-15 03:13:15,2020-01-14 19:55:41,11.77,2_39_92_436_2020-01-14 17:58:03.902726,0002,CA-318,2-39-92-436,America/Los_Angeles,000000558,"[{'WhPerMile': 400, 'kWhRequested': 28.0, 'milesRequested': 70, 'minutesAvailable': 60, 'modifiedAt': 'Tue, 14 Jan 2020 17:58:07 GMT', 'paymentRequired': True, 'requestedDeparture': 'Tue, 14 Jan 2020 18:58:04 GMT', 'userID': 558}]",9.253055555555555,1.9602777777777778,17,Tuesday,0,15,176.54999999999998
5e338337f9af8b381fd75bbb,0039,2020-01-14 18:03:05,2020-01-15 01:32:39,2020-01-15 01:10:58,0.808,2_39_90_26_2020-01-14 18:03:05.109638,0002,CA-316,2-39-90-26,America/Los_Angeles,,,7.4927777777777775,7.131388888888889,18,Tuesday,0,15,12.120000000000001
5e338337f9af8b381fd75bbc,0039,2020-01-14 18:03:29,2020-01-14 21:47:51,2020-01-14 19:51:47,11.504,2_39_92_442_2020-01-14 18:03:29.304566,0002,CA-498,2-39-92-442,America/Los_Angeles,000001087,"[{'WhPerMile': 400, 'kWhRequested': 28.0, 'milesRequested': 70, 'minutesAvailable': 252, 'modifiedAt': 'Tue, 14 Jan 2020 18:03:40 GMT', 'paymentRequired': True, 'requestedDeparture': 'Tue, 14 Jan 2020 22:15:29 GMT', 'userID': 1087}]",3.7394444444444446,1.805,18,Tuesday,0,15,172.56
5e338337f9af8b381fd75bbd,0039,2020-01-14 18:04:24,2020-01-15 01:38:58,2020-01-14 22:40:58,5.78,2_39_123_23_2020-01-14 18:04:24.211925,0002,CA-313,2-39-123-23,America/Los_Angeles,000002170,"[{'WhPerMile': 400, 'kWhRequested': 8.0, 'milesRequested': 20, 'minutesAvailable': 183, 'modifiedAt': 'Tue, 14 Jan 2020 18:04:31 GMT', 'paymentRequired': True, 'requestedDeparture': 'Tue, 14 Jan 2020 21:07:24 GMT', 'userID': 2170}, {'WhPerMile': 400, 'kWhRequested': 8.0, 'milesRequested': 20, 'minutesAvailable': 183, 'modifiedAt': 'Tue, 14 Jan 2020 18:04:44 GMT', 'paymentRequired': True, 'requestedDeparture': 'Tue, 14 Jan 2020 21:07:24 GMT', 'userID': 2170}]",7.5761111111111115,4.609444444444445,18,Tuesday,0,15,86.7
5e338337f9af8b381fd75bbe,0039,2020-01-14 18:20:54,2020-01-14 20:47:30,2020-01-14 20:47:25,8.355,2_39_128_18_2020-01-14 18:20:54.228524,0002,CA-308,2-39-128-18,America/Los_Angeles,000000668,"[{'WhPerMile': 425, 'kWhRequested': 8.5, 'milesRequested': 20, 'minutesAvailable': 455, 'modifiedAt': 'Tue, 14 Jan 2020 18:21:21 GMT', 'paymentRequired': True, 'requestedDeparture': 'Wed, 15 Jan 2020 01:55:54 GMT', 'userID': 668}]",2.4433333333333334,2.4419444444444443,18,Tuesday,0,15,125.325
5e338337f9af8b381fd75bbf,0039,2020-01-14 18:21:57,2020-01-14 20:23:35,2020-01-14 19:00:02,2.095,2_39_88_438_2020-01-14 18:21:57.448874,0002,CA-502,2-39-88-438,America/Los_Angeles,000003447,"[{'WhPerMile': 375, 'kWhRequested': 15.0, 'milesRequested': 40, 'minutesAvailable': 219, 'modifiedAt': 'Tue, 14 Jan 2020 18:23:12 GMT', 'paymentRequired': True, 'requestedDeparture': 'Tue, 14 Jan 2020 22:00:57 GMT', 'userID': 3447}]",2.027222222222222,0.6347222222222222,18,Tuesday,0,15,31.425000000000004
5e338337f9af8b381fd75bc0,0039,2020-01-14 18:23:07,2020-01-14 20:09:46,2020-01-14 20:09:42,5.502,2_39_88_24_2020-01-14 18:22:55.099175,0002,CA-314,2-39-88-24,America/Los_Angeles,000000562,"[{'WhPerMile': 325, 'kWhRequested': 6.5, 'milesRequested': 20, 'minutesAvailable': 205, 'modifiedAt': 'Tue, 14 Jan 2020 18:23:06 GMT', 'paymentRequired': True, 'requestedDeparture': 'Tue, 14 Jan 2020 21:48:07 GMT', 'userID': 562}, {'WhPerMile': 325, 'kWhRequested': 13.0, 'milesRequested': 40, 'minutesAvailable': 408, 'modifiedAt': 'Tue, 14 Jan 2020 18:40:10 GMT', 'paymentRequired': True, 'requestedDeparture': 'Wed, 15 Jan 2020 01:11:07 GMT', 'userID': 562}]",1.7775,1.7763888888888888,18,Tuesday,0,15,82.53
5e338337f9af8b381fd75bc1,0039,2020-01-14 18:44:31,2020-01-15 03:14:31,2020-01-14 21:37:03,12.961,2_39_130_31_2020-01-14 18:44:30.931641,0002,CA-306,2-39-130-31,America/Los_Angeles,000000958,"[{'WhPerMile': 200, 'kWhRequested': 20.0, 'milesRequested': 100, 'minutesAvailable': 570, 'modifiedAt': 'Tue, 14 Jan 2020 18:44:35 GMT', 'paymentRequired': True, 'requestedDeparture': 'Wed, 15 Jan 2020 04:14:31 GMT', 'userID': 958}]",8.5,2.8755555555555556,18,Tuesday,0,15,194.415
5e338337f9af8b381fd75bc2,0039,2020-01-14 18:45:24,2020-01-15 01:10:57,2020-01-14 19:35:03,1.649,2_39_126_20_2020-01-14 18:45:24.034510,0002,CA-310,2-39-126-20,America/Los_Angeles,000001366,"[{'WhPerMile': 400, 'kWhRequested': 8.0, 'milesRequested': 20, 'minutesAvailable': 60, 'modifiedAt': 'Tue, 14 Jan 2020 18:46:09 GMT', 'paymentRequired': True, 'requestedDeparture': 'Tue, 14 Jan 2020 19:45:24 GMT', 'userID': 1366}]",6.425833333333333,0.8275,18,Tuesday,0,15,24.735
5e338337f9af8b381fd75bc3,0039,2020-01-14 18:45:29,2020-01-14 19:11:44,2020-01-14 19:11:39,1.117,2_39_78_361_2020-01-14 18:45:28.916754,0002,CA-493,2-39-78-361,America/Los_Angeles,000001095,"[{'WhPerMile': 400, 'kWhRequested': 16.0, 'milesRequested': 40, 'minutesAvailable': 444, 'modifiedAt': 'Tue, 14 Jan 2020 18:45:41 GMT', 'paymentRequired': True, 'requestedDeparture': 'Wed, 15 Jan 2020 02:09:29 GMT', 'userID': 1095}]",0.4375,0.4361111111111111,18,Tuesday,0,15,16.755
5e338337f9af8b381fd75bc4,0039,2020-01-14 19:26:08,2020-01-15 02:53:29,2020-01-15 01:21:00,39.881,2_39_124_22_2020-01-14 19:26:08.205980,0002,CA-312,2-39-124-22,America/Los_Angeles,000003270,"[{'WhPerMile': 200, 'kWhRequested': 40.0, 'milesRequested': 200, 'minutesAvailable': 466, 'modifiedAt': 'Tue, 14 Jan 2020 19:26:20 GMT', 'paymentRequired': True, 'requestedDeparture': 'Wed, 15 Jan 2020 03:12:08 GMT', 'userID': 3270}]",7.4558333333333335,5.914444444444444,19,Tuesday,0,15,598.215
5e338337f9af8b381fd75bc5,0039,2020-01-14 19:29:13,2020-01-15 02:06:11,2020-01-14 22:33:44,0.928,2_39_78_361_2020-01-14 19:29:12.681273,0002,CA-493,2-39-78-361,America/Los_Angeles,,,6.6161111111111115,3.075277777777778,19,Tuesday,0,15,13.92
5e338337f9af8b381fd75bc6,0039,2020-01-14 19:40:47,2020-01-15 00:39:34,2020-01-14 22:31:37,11.567,2_39_95_444_2020-01-14 19:40:47.313892,0002,CA-497,2-39-95-444,America/Los_Angeles,000001137,"[{'WhPerMile': 400, 'kWhRequested': 20.0, 'milesRequested': 50, 'minutesAvailable': 299, 'modifiedAt': 'Tue, 14 Jan 2020 19:41:05 GMT', 'paymentRequired': True, 'requestedDeparture': 'Wed, 15 Jan 2020 00:39:47 GMT', 'userID': 1137}]",4.979722222222223,2.8472222222222223,19,Tuesday,0,15,173.505
5e338337f9af8b381fd75bc7,0039,2020-01-14 20:07:01,2020-01-14 23:44:55,2020-01-14 22:34:05,0.82,2_39_78_363_2020-01-14 20:07:00.570283,0002,CA-320,2-39-78-363,America/Los_Angeles,,,3.631666666666667,2.451111111111111,20,Tuesday,0,15,12.299999999999999
5e338337f9af8b381fd75bc8,0039,2020-01-14 20:45:03,2020-01-14 22:06:18,2020-01-14 22:06:14,9.118,2_39_91_437_2020-01-14 20:45:03.090103,0002,CA-317,2-39-91-437,America/Los_Angeles,000001039,"[{'WhPerMile': 400, 'kWhRequested': 80.0, 'milesRequested': 200, 'minutesAvailable': 327, 'modifiedAt': 'Tue, 14 Jan 2020 20:45:39 GMT', 'paymentRequired': True, 'requestedDeparture': 'Wed, 15 Jan 2020 02:12:03 GMT', 'userID': 1039}]",1.3541666666666667,1.3530555555555555,20,Tuesday,0,15,136.77
5e338337f9af8b381fd75bc9,0039,2020-01-14 20:53:03,2020-01-15 02:31:26,2020-01-14 22:50:56,6.412,2_39_88_24_2020-01-14 20:53:03.357260,0002,CA-314,2-39-88-24,America/Los_Angeles,000001124,"[{'WhPerMile': 400, 'kWhRequested': 8.0, 'milesRequested': 20, 'minutesAvailable': 60, 'modifiedAt': 'Tue, 14 Jan 2020 20:54:11 GMT', 'paymentRequired': True, 'requestedDeparture': 'Tue, 14 Jan 2020 21:53:03 GMT', 'userID': 1124}]",5.639722222222222,1.9647222222222223,20,Tuesday,0,15,96.17999999999999
5e338337f9af8b381fd75bca,0039,2020-01-14 21:01:13,2020-01-15 01:14:25,2020-01-14 21:49:25,1.997,2_39_128_18_2020-01-14 21:01:13.394849,0002,CA-308,2-39-128-18,America/Los_Angeles,000000891,"[{'WhPerMile': 400, 'kWhRequested': 8.0, 'milesRequested': 20, 'minutesAvailable': 215, 'modifiedAt': 'Tue, 14 Jan 2020 21:01:57 GMT', 'paymentRequired': True, 'requestedDeparture': 'Wed, 15 Jan 2020 00:36:13 GMT', 'userID': 891}]",4.22,0.8033333333333333,21,Tuesday,0,15,29.955000000000002
5e338337f9af8b381fd75bcb,0039,2020-01-14 22:19:31,2020-01-15 01:55:48,2020-01-14 23:45:11,5.084,2_39_79_378_2020-01-14 22:19:31.301202,0002,CA-326,2-39-79-378,America/Los_Angeles,000000515,"[{'WhPerMile': 400, 'kWhRequested': 12.0, 'milesRequested': 30, 'minutesAvailable': 144, 'modifiedAt': 'Tue, 14 Jan 2020 22:19:58 GMT', 'paymentRequired': True, 'requestedDeparture': 'Wed, 15 Jan 2020 00:43:31 GMT', 'userID': 515}]",3.604722222222222,1.4277777777777778,22,Tuesday,0,15,76.25999999999999
5e338337f9af8b381fd75bcc,0039,2020-01-14 22:21:45,2020-01-15 03:04:35,2020-01-15 01:10:04,0.912,2_39_78_366_2020-01-14 22:21:44.815614,0002,CA-323,2-39-78-366,America/Los_Angeles,,,4.713888888888889,2.805277777777778,22,Tuesday,0,15,13.68
5e338337f9af8b381fd75bcd,0039,2020-01-14 23:19:32,2020-01-15 02:44:27,2020-01-15 01:36:12,7.115,2_39_91_437_2020-01-14 23:19:31.909198,0002,CA-317,2-39-91-437,America/Los_Angeles,000000562,"[{'WhPerMile': 325, 'kWhRequested': 9.75, 'milesRequested': 30, 'minutesAvailable': 179, 'modifiedAt': 'Tue, 14 Jan 2020 23:20:23 GMT', 'paymentRequired': True, 'requestedDeparture': 'Wed, 15 Jan 2020 02:18:32 GMT', 'userID': 562}, {'WhPerMile': 325, 'kWhRequested': 9.75, 'milesRequested': 30, 'minutesAvailable': 282, 'modifiedAt': 'Tue, 14 Jan 2020 23:21:26 GMT', 'paymentRequired': True, 'requestedDeparture': 'Wed, 15 Jan 2020 04:01:32 GMT', 'userID': 562}]",3.415277777777778,2.2777777777777777,23,Tuesday,0,15,106.72500000000001
5e338337f9af8b381fd75bce,0039,2020-01-14 23:47:03,2020-01-15 00:26:36,2020-01-15 00:24:30,0.915,2_39_78_363_2020-01-14 23:47:03.484702,0002,CA-320,2-39-78-363,America/Los_Angeles,,,0.6591666666666667,0.6241666666666666,23,Tuesday,0,15,13.725000000000001
5e338337f9af8b381fd75bcf,0039,2020-01-14 23:52:16,2020-01-15 01:31:03,2020-01-15 01:30:59,5.394,2_39_95_27_2020-01-14 23:52:16.480587,0002,CA-319,2-39-95-27,America/Los_Angeles,000001920,"[{'WhPerMile': 450, 'kWhRequested': 13.5, 'milesRequested': 30, 'minutesAvailable': 202, 'modifiedAt': 'Tue, 14 Jan 2020 23:53:03 GMT', 'paymentRequired': True, 'requestedDeparture': 'Wed, 15 Jan 2020 03:14:16 GMT', 'userID': 1920}, {'WhPerMile': 450, 'kWhRequested': 13.5, 'milesRequested': 30, 'minutesAvailable': 151, 'modifiedAt': 'Tue, 14 Jan 2020 23:53:19 GMT', 'paymentRequired': True, 'requestedDeparture': 'Wed, 15 Jan 2020 02:23:16 GMT', 'userID': 1920}, {'WhPerMile': 450, 'kWhRequested': 13.5, 'milesRequested': 30, 'minutesAvailable': 137, 'modifiedAt': 'Tue, 14 Jan 2020 23:53:36 GMT', 'paymentRequired': True, 'requestedDeparture': 'Wed, 15 Jan 2020 02:09:16 GMT', 'userID': 1920}]",1.646388888888889,1.6452777777777778,23,Tuesday,0,15,80.91
5e338337f9af8b381fd75bd0,0039,2020-01-15 00:12:38,2020-01-15 02:27:32,2020-01-15 02:13:12,12.187,2_39_79_382_2020-01-15 00:12:37.942812,0002,CA-491,2-39-79-382,America/Los_Angeles,000000069,"[{'WhPerMile': 400, 'kWhRequested': 40.0, 'milesRequested': 100, 'minutesAvailable': 363, 'modifiedAt': 'Wed, 15 Jan 2020 00:13:00 GMT', 'paymentRequired': True, 'requestedDeparture': 'Wed, 15 Jan 2020 06:15:38 GMT', 'userID': 69}]",2.2483333333333335,2.0094444444444446,0,Wednesday,0,15,182.80499999999998
5e338337f9af8b381fd75bd1,0039,2020-01-15 02:51:42,2020-01-15 04:23:11,2020-01-15 03:43:22,0.938,2_39_79_381_2020-01-15 02:51:41.886890,0002,CA-490,2-39-79-381,America/Los_Angeles,,,1.5247222222222223,0.8611111111111112,2,Wednesday,0,15,14.069999999999999
5e338337f9af8b381fd75bd2,0039,2020-01-15 02:57:55,2020-01-15 03:34:30,2020-01-15 03:34:21,1.327,2_39_139_28_2020-01-15 02:57:54.910302,0002,CA-303,2-39-139-28,America/Los_Angeles,000001539,"[{'WhPerMile': 400, 'kWhRequested': 4.0, 'milesRequested': 10, 'minutesAvailable': 60, 'modifiedAt': 'Wed, 15 Jan 2020 02:58:25 GMT', 'paymentRequired': True, 'requestedDeparture': 'Wed, 15 Jan 2020 03:57:55 GMT', 'userID': 1539}]",0.6097222222222223,0.6072222222222222,2,Wednesday,0,15,19.905
5e338337f9af8b381fd75bd3,0039,2020-01-15 03:09:17,2020-01-15 05:05:28,2020-01-15 05:05:16,13.406,2_39_79_377_2020-01-15 03:09:17.118897,0002,CA-325,2-39-79-377,America/Los_Angeles,000001943,"[{'WhPerMile': 400, 'kWhRequested': 20.0, 'milesRequested': 50, 'minutesAvailable': 152, 'modifiedAt': 'Wed, 15 Jan 2020 03:09:20 GMT', 'paymentRequired': True, 'requestedDeparture': 'Wed, 15 Jan 2020 05:41:17 GMT', 'userID': 1943}, {'WhPerMile': 400, 'kWhRequested': 20.0, 'milesRequested': 50, 'minutesAvailable': 152, 'modifiedAt': 'Wed, 15 Jan 2020 05:05:14 GMT', 'paymentRequired': True, 'requestedDeparture': 'Wed, 15 Jan 2020 05:41:17 GMT', 'userID': 1943}]",1.936388888888889,1.9330555555555555,3,Wednesday,0,15,201.09
5e338337f9af8b381fd75bd4,0039,2020-01-15 04:19:13,2020-01-15 05:53:09,2020-01-15 05:53:04,10.748,2_39_139_28_2020-01-15 04:19:13.289389,0002,CA-303,2-39-139-28,America/Los_Angeles,000001263,"[{'WhPerMile': 400, 'kWhRequested': 12.0, 'milesRequested': 30, 'minutesAvailable': 115, 'modifiedAt': 'Wed, 15 Jan 2020 04:19:30 GMT', 'paymentRequired': True, 'requestedDeparture': 'Wed, 15 Jan 2020 06:14:13 GMT', 'userID': 1263}]",1.5655555555555556,1.5641666666666667,4,Wednesday,0,15,161.22
5e34d4b6f9af8b3c2f4e430b,0039,2020-01-15 12:16:22,2020-01-15 14:19:47,2020-01-15 14:19:42,12.955,2_39_131_30_2020-01-15 12:16:21.656490,0002,CA-305,2-39-131-30,America/Los_Angeles,000000300,"[{'WhPerMile': 400, 'kWhRequested': 32.0, 'milesRequested': 80, 'minutesAvailable': 638, 'modifiedAt': 'Wed, 15 Jan 2020 12:16:31 GMT', 'paymentRequired': True, 'requestedDeparture': 'Wed, 15 Jan 2020 22:54:22 GMT', 'userID': 300}]",2.0569444444444445,2.0555555555555554,12,Wednesday,0,15,194.325
5e34d4b6f9af8b3c2f4e430c,0039,2020-01-15 14:29:56,2020-01-16 17:18:30,2020-01-15 20:06:00,14.574,2_39_78_365_2020-01-15 14:29:56.013536,0002,CA-321,2-39-78-365,America/Los_Angeles,000004913,"[{'WhPerMile': 400, 'kWhRequested': 20.0, 'milesRequested': 50, 'minutesAvailable': 720, 'modifiedAt': 'Wed, 15 Jan 2020 14:30:24 GMT', 'paymentRequired': True, 'requestedDeparture': 'Thu, 16 Jan 2020 02:29:56 GMT', 'userID': 4913}, {'WhPerMile': 400, 'kWhRequested': 20.0, 'milesRequested': 50, 'minutesAvailable': 1133, 'modifiedAt': 'Wed, 15 Jan 2020 21:24:03 GMT', 'paymentRequired': True, 'requestedDeparture': 'Thu, 16 Jan 2020 09:22:56 GMT', 'userID': 4913}]",26.809444444444445,5.601111111111111,14,Wednesday,0,15,218.60999999999999
5e34d4b6f9af8b3c2f4e430d,0039,2020-01-15 15:59:38,2020-01-15 21:52:55,2020-01-15 17:54:53,0.845,2_39_79_380_2020-01-15 15:59:38.144201,0002,CA-489,2-39-79-380,America/Los_Angeles,,,5.888055555555556,1.9208333333333334,15,Wednesday,0,15,12.674999999999999
5e34d4b6f9af8b3c2f4e430e,0039,2020-01-15 16:11:33,2020-01-16 01:37:32,2020-01-16 00:34:38,17.566,2_39_78_366_2020-01-15 16:11:32.916230,0002,CA-323,2-39-78-366,America/Los_Angeles,000003853,"[{'WhPerMile': 360, 'kWhRequested': 39.6, 'milesRequested': 110, 'minutesAvailable': 490, 'modifiedAt': 'Wed, 15 Jan 2020 16:13:12 GMT', 'paymentRequired': True, 'requestedDeparture': 'Thu, 16 Jan 2020 00:21:33 GMT', 'userID': 3853}]",9.433055555555555,8.384722222222223,16,Wednesday,0,15,263.49
5e34d4b6f9af8b3c2f4e430f,0039,2020-01-15 16:14:17,2020-01-16 01:17:07,2020-01-15 22:53:20,34.699,2_39_79_382_2020-01-15 16:14:17.222888,0002,CA-491,2-39-79-382,America/Los_Angeles,000003449,"[{'WhPerMile': 276, 'kWhRequested': 38.64, 'milesRequested': 140, 'minutesAvailable': 266, 'modifiedAt': 'Wed, 15 Jan 2020 16:14:46 GMT', 'paymentRequired': True, 'requestedDeparture': 'Wed, 15 Jan 2020 20:40:17 GMT', 'userID': 3449}]",9.047222222222222,6.650833333333333,16,Wednesday,0,15,520.485
5e34d4b6f9af8b3c2f4e4310,0039,2020-01-15 16:15:46,2020-01-16 01:37:58,2020-01-16 01:12:56,11.289,2_39_139_28_2020-01-15 16:15:38.720531,0002,CA-303,2-39-139-28,America/Los_Angeles,000004947,"[{'WhPerMile': 380, 'kWhRequested': 11.4, 'milesRequested': 30, 'minutesAvailable': 462, 'modifiedAt': 'Wed, 15 Jan 2020 16:15:46 GMT', 'paymentRequired': True, 'requestedDeparture': 'Wed, 15 Jan 2020 23:57:46 GMT', 'userID': 4947}]",9.37,8.952777777777778,16,Wednesday,0,15,169.335
5e34d4b6f9af8b3c2f4e4311,0039,2020-01-15 16:50:26,2020-01-16 00:49:22,2020-01-15 23:50:17,13.449,2_39_78_364_2020-01-15 16:50:25.707168,0002,CA-495,2-39-78-364,America/Los_Angeles,000001470,"[{'WhPerMile': 292, 'kWhRequested': 20.44, 'milesRequested': 70, 'minutesAvailable': 62, 'modifiedAt': 'Wed, 15 Jan 2020 16:51:23 GMT', 'paymentRequired': True, 'requestedDeparture': 'Wed, 15 Jan 2020 17:52:26 GMT', 'userID': 1470}]",7.982222222222222,6.9975,16,Wednesday,0,15,201.73499999999999
5e34d4b6f9af8b3c2f4e4312,0039,2020-01-15 16:58:30,2020-01-16 02:08:05,2020-01-16 02:08:01,8.717,2_39_125_21_2020-01-15 16:58:29.766074,0002,CA-311,2-39-125-21,America/Los_Angeles,000001364,"[{'WhPerMile': 400, 'kWhRequested': 24.0, 'milesRequested': 60, 'minutesAvailable': 182, 'modifiedAt': 'Wed, 15 Jan 2020 22:56:29 GMT', 'paymentRequired': True, 'requestedDeparture': 'Wed, 15 Jan 2020 20:00:30 GMT', 'userID': 1364}, {'WhPerMile': 400, 'kWhRequested': 24.0, 'milesRequested': 60, 'minutesAvailable': 182, 'modifiedAt': 'Wed, 15 Jan 2020 22:57:00 GMT', 'paymentRequired': True, 'requestedDeparture': 'Wed, 15 Jan 2020 20:00:30 GMT', 'userID': 1364}]",9.159722222222221,9.158611111111112,16,Wednesday,0,15,130.755
5e34d4b6f9af8b3c2f4e4313,0039,2020-01-15 16:59:43,2020-01-16 02:49:37,2020-01-15 19:00:52,6.222,2_39_79_379_2020-01-15 16:59:42.512914,0002,CA-327,2-39-79-379,America/Los_Angeles,000001111,"[{'WhPerMile': 400, 'kWhRequested': 12.0, 'milesRequested': 30, 'minutesAvailable': 99, 'modifiedAt': 'Wed, 15 Jan 2020 17:03:21 GMT', 'paymentRequired': True, 'requestedDeparture': 'Wed, 15 Jan 2020 18:38:43 GMT', 'userID': 1111}]",9.831666666666667,2.0191666666666666,16,Wednesday,0,15,93.33000000000001
5e34d4b6f9af8b3c2f4e4314,0039,2020-01-15 17:02:40,2020-01-16 02:44:23,2020-01-15 19:20:47,5.888,2_39_127_19_2020-01-15 17:02:40.148160,0002,CA-309,2-39-127-19,America/Los_Angeles,000000562,"[{'WhPerMile': 325, 'kWhRequested': 6.5, 'milesRequested': 20, 'minutesAvailable': 181, 'modifiedAt': 'Wed, 15 Jan 2020 17:03:01 GMT', 'paymentRequired': True, 'requestedDeparture': 'Wed, 15 Jan 2020 20:03:40 GMT', 'userID': 562}]",9.695277777777777,2.3019444444444446,17,Wednesday,0,15,88.32
5e34d4b6f9af8b3c2f4e4315,0039,2020-01-15 17:03:38,2020-01-16 00:13:46,2020-01-15 17:58:20,5.682,2_39_129_17_2020-01-15 17:03:38.086308,0002,CA-307,2-39-129-17,America/Los_Angeles,000001912,"[{'WhPerMile': 400, 'kWhRequested': 20.0, 'milesRequested': 50, 'minutesAvailable': 362, 'modifiedAt': 'Wed, 15 Jan 2020 17:03:52 GMT', 'paymentRequired': True, 'requestedDeparture': 'Wed, 15 Jan 2020 23:05:38 GMT', 'userID': 1912}]",7.168888888888889,0.9116666666666666,17,Wednesday,0,15,85.23
5e34d4b6f9af8b3c2f4e4316,0039,2020-01-15 17:08:04,2020-01-15 19:51:03,2020-01-15 19:51:01,5.955,2_39_78_361_2020-01-15 17:08:03.635883,0002,CA-493,2-39-78-361,America/Los_Angeles,000000564,"[{'WhPerMile': 231, 'kWhRequested': 16.17, 'milesRequested': 70, 'minutesAvailable': 562, 'modifiedAt': 'Wed, 15 Jan 2020 17:08:17 GMT', 'paymentRequired': True, 'requestedDeparture': 'Thu, 16 Jan 2020 02:30:04 GMT', 'userID': 564}]",2.716388888888889,2.7158333333333333,17,Wednesday,0,15,89.325
5e34d4b6f9af8b3c2f4e4317,0039,2020-01-15 17:14:08,2020-01-16 00:18:25,2020-01-15 18:50:22,4.571,2_39_89_25_2020-01-15 17:14:07.905052,0002,CA-315,2-39-89-25,America/Los_Angeles,000000743,"[{'WhPerMile': 400, 'kWhRequested': 8.0, 'milesRequested': 20, 'minutesAvailable': 382, 'modifiedAt': 'Wed, 15 Jan 2020 17:14:21 GMT', 'paymentRequired': True, 'requestedDeparture': 'Wed, 15 Jan 2020 23:36:08 GMT', 'userID': 743}]",7.0713888888888885,1.603888888888889,17,Wednesday,0,15,68.565
5e34d4b6f9af8b3c2f4e4318,0039,2020-01-15 17:15:37,2020-01-16 03:52:50,2020-01-15 22:49:27,0.9595605555555556,2_39_79_378_2020-01-15 17:15:37.110160,0002,CA-326,2-39-79-378,America/Los_Angeles,,,10.620277777777778,5.563888888888889,17,Wednesday,0,15,14.393408333333335
5e34d4b6f9af8b3c2f4e4319,0039,2020-01-15 17:24:13,2020-01-16 01:37:43,2020-01-15 19:21:30,6.139,2_39_79_376_2020-01-15 17:24:12.849649,0002,CA-324,2-39-79-376,America/Los_Angeles,000005368,"[{'WhPerMile': 400, 'kWhRequested': 8.0, 'milesRequested': 20, 'minutesAvailable': 60, 'modifiedAt': 'Wed, 15 Jan 2020 17:29:07 GMT', 'paymentRequired': True, 'requestedDeparture': 'Wed, 15 Jan 2020 18:24:13 GMT', 'userID': 5368}]",8.225,1.9547222222222222,17,Wednesday,0,15,92.08500000000001
5e34d4b6f9af8b3c2f4e431a,0039,2020-01-15 17:30:25,2020-01-16 01:11:52,2020-01-15 21:28:02,11.333,2_39_124_22_2020-01-15 17:30:24.798024,0002,CA-312,2-39-124-22,America/Los_Angeles,000000620,"[{'WhPerMile': 400, 'kWhRequested': 12.0, 'milesRequested': 30, 'minutesAvailable': 445, 'modifiedAt': 'Wed, 15 Jan 2020 17:31:12 GMT', 'paymentRequired': True, 'requestedDeparture': 'Thu, 16 Jan 2020 00:55:25 GMT', 'userID': 620}]",7.690833333333333,3.960277777777778,17,Wednesday,0,15,169.995
5e34d4b6f9af8b3c2f4e431b,0039,2020-01-15 17:34:40,2020-01-16 01:34:26,2020-01-16 00:01:38,16.926,2_39_79_381_2020-01-15 17:34:40.208591,0002,CA-490,2-39-79-381,America/Los_Angeles,000001154,"[{'WhPerMile': 400, 'kWhRequested': 20.0, 'milesRequested': 50, 'minutesAvailable': 447, 'modifiedAt': 'Wed, 15 Jan 2020 17:35:52 GMT', 'paymentRequired': True, 'requestedDeparture': 'Thu, 16 Jan 2020 01:01:40 GMT', 'userID': 1154}]",7.996111111111111,6.4494444444444445,17,Wednesday,0,15,253.89
5e34d4b6f9af8b3c2f4e431c,0039,2020-01-15 17:43:16,2020-01-16 02:02:18,2020-01-15 18:52:25,3.624,2_39_123_23_2020-01-15 17:43:15.569289,0002,CA-313,2-39-123-23,America/Los_Angeles,000000567,"[{'WhPerMile': 400, 'kWhRequested': 8.0, 'milesRequested': 20, 'minutesAvailable': 459, 'modifiedAt': 'Wed, 15 Jan 2020 17:43:23 GMT', 'paymentRequired': True, 'requestedDeparture': 'Thu, 16 Jan 2020 01:22:16 GMT', 'userID': 567}, {'WhPerMile': 400, 'kWhRequested': 8.0, 'milesRequested': 20, 'minutesAvailable': 459, 'modifiedAt': 'Wed, 15 Jan 2020 17:43:28 GMT', 'paymentRequired': True, 'requestedDeparture': 'Thu, 16 Jan 2020 01:22:16 GMT', 'userID': 567}]",8.317222222222222,1.1525,17,Wednesday,0,15,54.36
5e34d4b6f9af8b3c2f4e431d,0039,2020-01-15 17:59:55,2020-01-16 02:29:42,2020-01-15 18:59:12,6.72,2_39_95_27_2020-01-15 17:59:54.590592,0002,CA-319,2-39-95-27,America/Los_Angeles,000000714,"[{'WhPerMile': 400, 'kWhRequested': 24.0, 'milesRequested': 60, 'minutesAvailable': 361, 'modifiedAt': 'Wed, 15 Jan 2020 18:00:09 GMT', 'paymentRequired': True, 'requestedDeparture': 'Thu, 16 Jan 2020 00:00:55 GMT', 'userID': 714}]",8.49638888888889,0.9880555555555556,17,Wednesday,0,15,100.8
5e34d4b6f9af8b3c2f4e431e,0039,2020-01-15 18:05:50,2020-01-16 00:15:54,2020-01-15 22:49:27,11.9,2_39_78_363_2020-01-15 18:05:50.228270,0002,CA-320,2-39-78-363,America/Los_Angeles,000001001,"[{'WhPerMile': 600, 'kWhRequested': 12.0, 'milesRequested': 20, 'minutesAvailable': 129, 'modifiedAt': 'Wed, 15 Jan 2020 18:06:16 GMT', 'paymentRequired': True, 'requestedDeparture': 'Wed, 15 Jan 2020 20:14:50 GMT', 'userID': 1001}]",6.167777777777777,4.726944444444444,18,Wednesday,0,15,178.5
5e34d4b6f9af8b3c2f4e431f,0039,2020-01-15 18:09:51,2020-01-16 02:09:46,2020-01-15 20:24:05,12.305,2_39_92_442_2020-01-15 18:09:51.086363,0002,CA-498,2-39-92-442,America/Los_Angeles,000001095,"[{'WhPerMile': 400, 'kWhRequested': 16.0, 'milesRequested': 40, 'minutesAvailable': 444, 'modifiedAt': 'Wed, 15 Jan 2020 18:09:59 GMT', 'paymentRequired': True, 'requestedDeparture': 'Thu, 16 Jan 2020 01:33:51 GMT', 'userID': 1095}]",7.998611111111111,2.237222222222222,18,Wednesday,0,15,184.575
5e34d4b6f9af8b3c2f4e4320,0039,2020-01-15 18:11:35,2020-01-16 03:15:21,2020-01-15 20:05:04,11.474,2_39_92_436_2020-01-15 18:11:35.451295,0002,CA-318,2-39-92-436,America/Los_Angeles,000000558,"[{'WhPerMile': 400, 'kWhRequested': 28.0, 'milesRequested': 70, 'minutesAvailable': 60, 'modifiedAt': 'Wed, 15 Jan 2020 18:11:38 GMT', 'paymentRequired': True, 'requestedDeparture': 'Wed, 15 Jan 2020 19:11:35 GMT', 'userID': 558}]",9.062777777777777,1.8913888888888888,18,Wednesday,0,15,172.11
5e34d4b6f9af8b3c2f4e4321,0039,2020-01-15 18:15:34,2020-01-16 01:13:52,2020-01-15 23:26:24,26.044,2_39_79_377_2020-01-15 18:15:33.952776,0002,CA-325,2-39-79-377,America/Los_Angeles,000000832,"[{'WhPerMile': 400, 'kWhRequested': 32.0, 'milesRequested': 80, 'minutesAvailable': 399, 'modifiedAt': 'Wed, 15 Jan 2020 18:16:06 GMT', 'paymentRequired': True, 'requestedDeparture': 'Thu, 16 Jan 2020 00:54:34 GMT', 'userID': 832}]",6.971666666666667,5.180555555555555,18,Wednesday,0,15,390.66
5e34d4b6f9af8b3c2f4e4322,0039,2020-01-15 18:16:25,2020-01-16 02:09:02,2020-01-15 19:56:47,4.922,2_39_138_29_2020-01-15 18:16:24.924266,0002,CA-304,2-39-138-29,America/Los_Angeles,000001864,"[{'WhPerMile': 400, 'kWhRequested': 12.0, 'milesRequested': 30, 'minutesAvailable': 348, 'modifiedAt': 'Wed, 15 Jan 2020 18:16:49 GMT', 'paymentRequired': True, 'requestedDeparture': 'Thu, 16 Jan 2020 00:04:25 GMT', 'userID': 1864}]",7.876944444444445,1.6727777777777777,18,Wednesday,0,15,73.83
5e34d4b6f9af8b3c2f4e4323,0039,2020-01-15 18:23:12,2020-01-16 01:47:50,2020-01-15 19:48:18,4.243,2_39_91_437_2020-01-15 18:23:11.524557,0002,CA-317,2-39-91-437,America/Los_Angeles,000002170,"[{'WhPerMile': 400, 'kWhRequested': 8.0, 'milesRequested': 20, 'minutesAvailable': 183, 'modifiedAt': 'Wed, 15 Jan 2020 18:23:24 GMT', 'paymentRequired': True, 'requestedDeparture': 'Wed, 15 Jan 2020 21:26:12 GMT', 'userID': 2170}]",7.410555555555556,1.4183333333333332,18,Wednesday,0,15,63.645
5e34d4b6f9af8b3c2f4e4324,0039,2020-01-15 18:29:33,2020-01-15 20:12:44,2020-01-15 20:12:39,6.077,2_39_130_31_2020-01-15 18:29:33.303798,0002,CA-306,2-39-130-31,America/Los_Angeles,000000668,"[{'WhPerMile': 425, 'kWhRequested': 8.5, 'milesRequested': 20, 'minutesAvailable': 455, 'modifiedAt': 'Wed, 15 Jan 2020 18:30:02 GMT', 'paymentRequired': True, 'requestedDeparture': 'Thu, 16 Jan 2020 02:04:33 GMT', 'userID': 668}]",1.7197222222222222,1.7183333333333333,18,Wednesday,0,15,91.155
5e34d4b6f9af8b3c2f4e4325,0039,2020-01-15 18:39:37,2020-01-15 22:48:21,2020-01-15 20:09:04,4.109,2_39_128_18_2020-01-15 18:39:37.394234,0002,CA-308,2-39-128-18,America/Los_Angeles,000001366,"[{'WhPerMile': 400, 'kWhRequested': 8.0, 'milesRequested': 20, 'minutesAvailable': 60, 'modifiedAt': 'Wed, 15 Jan 2020 18:41:30 GMT', 'paymentRequired': True, 'requestedDeparture': 'Wed, 15 Jan 2020 19:39:37 GMT', 'userID': 1366}]",4.145555555555555,1.4908333333333332,18,Wednesday,0,15,61.635
5e34d4b6f9af8b3c2f4e4326,0039,2020-01-15 18:39:44,2020-01-16 01:22:13,2020-01-15 19:35:17,1.794,2_39_90_26_2020-01-15 18:39:43.871578,0002,CA-316,2-39-90-26,America/Los_Angeles,000000891,"[{'WhPerMile': 400, 'kWhRequested': 8.0, 'milesRequested': 20, 'minutesAvailable': 215, 'modifiedAt': 'Wed, 15 Jan 2020 18:39:58 GMT', 'paymentRequired': True, 'requestedDeparture': 'Wed, 15 Jan 2020 22:14:44 GMT', 'userID': 891}]",6.708055555555555,0.9258333333333333,18,Wednesday,0,15,26.91
5e34d4b6f9af8b3c2f4e4327,0039,2020-01-15 19:12:29,2020-01-16 02:52:10,2020-01-15 22:54:08,25.256,2_39_95_444_2020-01-15 19:12:28.924612,0002,CA-497,2-39-95-444,America/Los_Angeles,000003270,"[{'WhPerMile': 200, 'kWhRequested': 40.0, 'milesRequested': 200, 'minutesAvailable': 466, 'modifiedAt': 'Wed, 15 Jan 2020 19:13:12 GMT', 'paymentRequired': True, 'requestedDeparture': 'Thu, 16 Jan 2020 02:58:29 GMT', 'userID': 3270}]",7.661388888888889,3.694166666666667,19,Wednesday,0,15,378.84000000000003
5e34d4b6f9af8b3c2f4e4328,0039,2020-01-15 20:08:28,2020-01-15 20:58:01,2020-01-15 20:57:36,0.905,2_39_78_361_2020-01-15 20:08:28.174839,0002,CA-493,2-39-78-361,America/Los_Angeles,,,0.8258333333333333,0.8188888888888889,20,Wednesday,0,15,13.575000000000001
5e34d4b6f9af8b3c2f4e4329,0039,2020-01-15 20:30:59,2020-01-16 02:11:20,2020-01-16 00:36:29,26.496,2_39_90_440_2020-01-15 20:30:58.930130,0002,CA-500,2-39-90-440,America/Los_Angeles,000001104,"[{'WhPerMile': 250, 'kWhRequested': 37.5, 'milesRequested': 150, 'minutesAvailable': 436, 'modifiedAt': 'Wed, 15 Jan 2020 20:31:11 GMT', 'paymentRequired': True, 'requestedDeparture': 'Thu, 16 Jan 2020 03:46:59 GMT', 'userID': 1104}]",5.6725,4.091666666666667,20,Wednesday,0,15,397.44
5e34d4b6f9af8b3c2f4e432a,0039,2020-01-15 20:42:41,2020-01-16 00:00:30,2020-01-15 21:59:14,2.537,2_39_88_24_2020-01-15 20:42:40.718691,0002,CA-314,2-39-88-24,America/Los_Angeles,000000560,"[{'WhPerMile': 400, 'kWhRequested': 12.0, 'milesRequested': 30, 'minutesAvailable': 194, 'modifiedAt': 'Wed, 15 Jan 2020 20:42:49 GMT', 'paymentRequired': True, 'requestedDeparture': 'Wed, 15 Jan 2020 23:56:41 GMT', 'userID': 560}, {'WhPerMile': 400, 'kWhRequested': 12.0, 'milesRequested': 30, 'minutesAvailable': 194, 'modifiedAt': 'Wed, 15 Jan 2020 20:44:05 GMT', 'paymentRequired': True, 'requestedDeparture': 'Wed, 15 Jan 2020 23:56:41 GMT', 'userID': 560}]",3.2969444444444442,1.2758333333333334,20,Wednesday,0,15,38.055
5e34d4b6f9af8b3c2f4e432b,0039,2020-01-15 20:55:23,2020-01-16 02:42:45,2020-01-15 22:57:08,6.679,2_39_88_438_2020-01-15 20:55:22.621963,0002,CA-502,2-39-88-438,America/Los_Angeles,000001124,"[{'WhPerMile': 400, 'kWhRequested': 8.0, 'milesRequested': 20, 'minutesAvailable': 60, 'modifiedAt': 'Wed, 15 Jan 2020 20:55:52 GMT', 'paymentRequired': True, 'requestedDeparture': 'Wed, 15 Jan 2020 21:55:23 GMT', 'userID': 1124}]",5.789444444444444,2.029166666666667,20,Wednesday,0,15,100.185
5e34d4b6f9af8b3c2f4e432c,0039,2020-01-15 21:09:25,2020-01-16 00:25:24,2020-01-15 22:11:52,3.838,2_39_130_31_2020-01-15 21:09:24.740555,0002,CA-306,2-39-130-31,America/Los_Angeles,000000751,"[{'WhPerMile': 400, 'kWhRequested': 40.0, 'milesRequested': 100, 'minutesAvailable': 590, 'modifiedAt': 'Wed, 15 Jan 2020 21:09:48 GMT', 'paymentRequired': True, 'requestedDeparture': 'Thu, 16 Jan 2020 06:59:25 GMT', 'userID': 751}]",3.266388888888889,1.0408333333333333,21,Wednesday,0,15,57.57
5e34d4b6f9af8b3c2f4e432d,0039,2020-01-15 21:15:15,2020-01-16 02:19:56,2020-01-15 22:48:30,0.871,2_39_78_361_2020-01-15 21:15:15.267466,0002,CA-493,2-39-78-361,America/Los_Angeles,,,5.078055555555555,1.5541666666666667,21,Wednesday,0,15,13.065
5e34d4b6f9af8b3c2f4e432e,0039,2020-01-15 21:55:34,2020-01-16 03:12:09,2020-01-16 03:12:04,32.829,2_39_79_383_2020-01-15 21:55:34.319417,0002,CA-492,2-39-79-383,America/Los_Angeles,000000667,"[{'WhPerMile': 250, 'kWhRequested': 50.0, 'milesRequested': 200, 'minutesAvailable': 433, 'modifiedAt': 'Wed, 15 Jan 2020 21:56:25 GMT', 'paymentRequired': True, 'requestedDeparture': 'Thu, 16 Jan 2020 05:08:34 GMT', 'userID': 667}]",5.276388888888889,5.275,21,Wednesday,0,15,492.435
5e34d4b6f9af8b3c2f4e432f,0039,2020-01-15 22:19:59,2020-01-16 00:03:26,2020-01-15 22:50:19,0.823,2_39_79_380_2020-01-15 22:19:58.599515,0002,CA-489,2-39-79-380,America/Los_Angeles,,,1.7241666666666666,0.5055555555555555,22,Wednesday,0,15,12.344999999999999
5e34d4b6f9af8b3c2f4e4330,0039,2020-01-15 22:59:53,2020-01-16 01:20:07,2020-01-16 00:10:21,7.109,2_39_129_563_2020-01-15 22:59:34.447234,0002,CA-509,2-39-129-563,America/Los_Angeles,000002461,"[{'WhPerMile': 400, 'kWhRequested': 12.0, 'milesRequested': 30, 'minutesAvailable': 273, 'modifiedAt': 'Wed, 15 Jan 2020 22:59:53 GMT', 'paymentRequired': True, 'requestedDeparture': 'Thu, 16 Jan 2020 03:32:53 GMT', 'userID': 2461}]",2.337222222222222,1.1744444444444444,22,Wednesday,0,15,106.635
5e34d4b6f9af8b3c2f4e4331,0039,2020-01-16 00:55:32,2020-01-16 02:13:02,2020-01-16 02:09:40,3.644,2_39_129_17_2020-01-16 00:55:31.913896,0002,CA-307,2-39-129-17,America/Los_Angeles,000001920,"[{'WhPerMile': 450, 'kWhRequested': 13.5, 'milesRequested': 30, 'minutesAvailable': 137, 'modifiedAt': 'Thu, 16 Jan 2020 00:56:19 GMT', 'paymentRequired': True, 'requestedDeparture': 'Thu, 16 Jan 2020 03:12:32 GMT', 'userID': 1920}, {'WhPerMile': 450, 'kWhRequested': 13.5, 'milesRequested': 30, 'minutesAvailable': 136, 'modifiedAt': 'Thu, 16 Jan 2020 00:56:43 GMT', 'paymentRequired': True, 'requestedDeparture': 'Thu, 16 Jan 2020 03:11:32 GMT', 'userID': 1920}, {'WhPerMile': 450, 'kWhRequested': 13.5, 'milesRequested': 30, 'minutesAvailable': 136, 'modifiedAt': 'Thu, 16 Jan 2020 00:57:02 GMT', 'paymentRequired': True, 'requestedDeparture': 'Thu, 16 Jan 2020 03:11:32 GMT', 'userID': 1920}]",1.2916666666666667,1.2355555555555555,0,Thursday,0,15,54.660000000000004
5e34d4b6f9af8b3c2f4e4332,0039,2020-01-16 02:34:40,2020-01-16 04:33:40,2020-01-16 04:12:15,4.953,2_39_138_29_2020-01-16 02:34:39.569534,0002,CA-304,2-39-138-29,America/Los_Angeles,000001564,"[{'WhPerMile': 300, 'kWhRequested': 12.0, 'milesRequested': 40, 'minutesAvailable': 185, 'modifiedAt': 'Thu, 16 Jan 2020 02:35:09 GMT', 'paymentRequired': True, 'requestedDeparture': 'Thu, 16 Jan 2020 05:39:40 GMT', 'userID': 1564}]",1.9833333333333334,1.6263888888888889,2,Thursday,0,15,74.295
5e34d4b6f9af8b3c2f4e4333,0039,2020-01-16 03:41:59,2020-01-16 05:15:07,2020-01-16 05:14:54,5.312,2_39_130_31_2020-01-16 03:41:58.520469,0002,CA-306,2-39-130-31,America/Los_Angeles,000004622,"[{'WhPerMile': 300, 'kWhRequested': 6.0, 'milesRequested': 20, 'minutesAvailable': 127, 'modifiedAt': 'Thu, 16 Jan 2020 03:42:20 GMT', 'paymentRequired': True, 'requestedDeparture': 'Thu, 16 Jan 2020 05:48:59 GMT', 'userID': 4622}]",1.5522222222222222,1.5486111111111112,3,Thursday,0,15,79.68
5e36264cf9af8b400e599118,0039,2020-01-16 15:58:16,2020-01-16 17:27:07,2020-01-16 16:28:35,0.822,2_39_79_380_2020-01-16 15:58:16.023063,0002,CA-489,2-39-79-380,America/Los_Angeles,,,1.4808333333333332,0.5052777777777778,15,Thursday,0,15,12.33
5e36264cf9af8b400e599119,0039,2020-01-16 15:58:18,2020-01-17 02:53:37,2020-01-16 18:33:03,6.567,2_39_78_366_2020-01-16 15:58:17.574243,0002,CA-323,2-39-78-366,America/Los_Angeles,000003853,"[{'WhPerMile': 360, 'kWhRequested': 25.2, 'milesRequested': 70, 'minutesAvailable': 490, 'modifiedAt': 'Thu, 16 Jan 2020 15:59:05 GMT', 'paymentRequired': True, 'requestedDeparture': 'Fri, 17 Jan 2020 00:08:18 GMT', 'userID': 3853}]",10.921944444444444,2.5791666666666666,15,Thursday,0,15,98.505
5e36264cf9af8b400e59911a,0039,2020-01-16 16:12:28,2020-01-16 17:41:19,2020-01-16 17:41:12,8.762,2_39_78_364_2020-01-16 16:12:27.654259,0002,CA-495,2-39-78-364,America/Los_Angeles,000000069,"[{'WhPerMile': 400, 'kWhRequested': 40.0, 'milesRequested': 100, 'minutesAvailable': 363, 'modifiedAt': 'Thu, 16 Jan 2020 16:12:43 GMT', 'paymentRequired': True, 'requestedDeparture': 'Thu, 16 Jan 2020 22:15:28 GMT', 'userID': 69}]",1.4808333333333332,1.478888888888889,16,Thursday,0,15,131.43
5e36264cf9af8b400e59911b,0039,2020-01-16 16:21:28,2020-01-16 21:18:12,2020-01-16 18:22:22,6.945,2_39_139_28_2020-01-16 16:21:27.930521,0002,CA-303,2-39-139-28,America/Los_Angeles,000001564,"[{'WhPerMile': 300, 'kWhRequested': 15.0, 'milesRequested': 50, 'minutesAvailable': 185, 'modifiedAt': 'Thu, 16 Jan 2020 16:21:47 GMT', 'paymentRequired': True, 'requestedDeparture': 'Thu, 16 Jan 2020 19:26:28 GMT', 'userID': 1564}]",4.945555555555556,2.015,16,Thursday,0,15,104.17500000000001
5e36264cf9af8b400e59911c,0039,2020-01-16 16:23:49,2020-01-17 01:22:34,2020-01-16 19:47:48,20.306,2_39_89_25_2020-01-16 16:23:48.824002,0002,CA-315,2-39-89-25,America/Los_Angeles,000000431,"[{'WhPerMile': 400, 'kWhRequested': 28.0, 'milesRequested': 70, 'minutesAvailable': 361, 'modifiedAt': 'Thu, 16 Jan 2020 16:24:09 GMT', 'paymentRequired': True, 'requestedDeparture': 'Thu, 16 Jan 2020 22:24:49 GMT', 'userID': 431}]",8.979166666666666,3.399722222222222,16,Thursday,0,15,304.59000000000003
5e36264cf9af8b400e59911d,0039,2020-01-16 16:30:38,2020-01-17 00:16:10,2020-01-16 23:59:58,10.552,2_39_78_361_2020-01-16 16:30:37.835364,0002,CA-493,2-39-78-361,America/Los_Angeles,000001470,"[{'WhPerMile': 292, 'kWhRequested': 20.44, 'milesRequested': 70, 'minutesAvailable': 337, 'modifiedAt': 'Thu, 16 Jan 2020 16:31:42 GMT', 'paymentRequired': True, 'requestedDeparture': 'Thu, 16 Jan 2020 22:07:38 GMT', 'userID': 1470}]",7.7588888888888885,7.488888888888889,16,Thursday,0,15,158.28
5e36264cf9af8b400e59911e,0039,2020-01-16 16:33:22,2020-01-17 01:19:14,2020-01-16 22:57:14,0.85,2_39_79_379_2020-01-16 16:33:22.018688,0002,CA-327,2-39-79-379,America/Los_Angeles,,,8.764444444444445,6.397777777777778,16,Thursday,0,15,12.75
5e36264cf9af8b400e59911f,0039,2020-01-16 16:37:11,2020-01-17 02:35:56,2020-01-16 18:15:20,4.985,2_39_78_360_2020-01-16 16:37:11.171079,0002,CA-322,2-39-78-360,America/Los_Angeles,000002244,"[{'WhPerMile': 400, 'kWhRequested': 8.0, 'milesRequested': 20, 'minutesAvailable': 60, 'modifiedAt': 'Thu, 16 Jan 2020 16:37:42 GMT', 'paymentRequired': True, 'requestedDeparture': 'Thu, 16 Jan 2020 17:37:11 GMT', 'userID': 2244}]",9.979166666666666,1.6358333333333333,16,Thursday,0,15,74.775
5e36264cf9af8b400e599120,0039,2020-01-16 16:42:58,2020-01-16 17:40:11,2020-01-16 17:13:14,0.832,2_39_124_558_2020-01-16 16:42:58.247242,0002,CA-504,2-39-124-558,America/Los_Angeles,,,0.9536111111111111,0.5044444444444445,16,Thursday,0,15,12.479999999999999
5e36264cf9af8b400e599121,0039,2020-01-16 16:48:22,2020-01-17 02:50:31,2020-01-16 23:57:10,5.85,2_39_127_19_2020-01-16 16:48:21.742318,0002,CA-309,2-39-127-19,America/Los_Angeles,000000562,"[{'WhPerMile': 325, 'kWhRequested': 6.5, 'milesRequested': 20, 'minutesAvailable': 181, 'modifiedAt': 'Thu, 16 Jan 2020 16:49:40 GMT', 'paymentRequired': True, 'requestedDeparture': 'Thu, 16 Jan 2020 19:49:22 GMT', 'userID': 562}]",10.035833333333333,7.1466666666666665,16,Thursday,0,15,87.75
5e36264cf9af8b400e599122,0039,2020-01-16 16:50:14,2020-01-17 03:23:46,2020-01-16 18:16:08,4.812,2_39_129_17_2020-01-16 16:50:13.848926,0002,CA-307,2-39-129-17,America/Los_Angeles,000000712,"[{'WhPerMile': 400, 'kWhRequested': 12.0, 'milesRequested': 30, 'minutesAvailable': 351, 'modifiedAt': 'Thu, 16 Jan 2020 16:50:24 GMT', 'paymentRequired': True, 'requestedDeparture': 'Thu, 16 Jan 2020 22:41:14 GMT', 'userID': 712}]",10.55888888888889,1.4316666666666666,16,Thursday,0,15,72.18
5e36264cf9af8b400e599123,0039,2020-01-16 16:56:45,2020-01-17 03:09:16,2020-01-16 18:52:51,11.757,2_39_79_376_2020-01-16 16:56:44.913953,0002,CA-324,2-39-79-376,America/Los_Angeles,000000558,"[{'WhPerMile': 400, 'kWhRequested': 28.0, 'milesRequested': 70, 'minutesAvailable': 60, 'modifiedAt': 'Thu, 16 Jan 2020 16:56:49 GMT', 'paymentRequired': True, 'requestedDeparture': 'Thu, 16 Jan 2020 17:56:45 GMT', 'userID': 558}]",10.20861111111111,1.935,16,Thursday,0,15,176.355
5e36264cf9af8b400e599124,0039,2020-01-16 17:07:14,2020-01-16 19:38:54,2020-01-16 19:38:48,0.88,2_39_78_367_2020-01-16 17:07:13.770159,0002,CA-494,2-39-78-367,America/Los_Angeles,,,2.5277777777777777,2.526111111111111,17,Thursday,0,15,13.2
5e36264cf9af8b400e599125,0039,2020-01-16 17:13:29,2020-01-17 02:02:58,2020-01-16 18:13:18,6.65,2_39_95_27_2020-01-16 17:13:28.629160,0002,CA-319,2-39-95-27,America/Los_Angeles,000000714,"[{'WhPerMile': 400, 'kWhRequested': 24.0, 'milesRequested': 60, 'minutesAvailable': 361, 'modifiedAt': 'Thu, 16 Jan 2020 17:13:40 GMT', 'paymentRequired': True, 'requestedDeparture': 'Thu, 16 Jan 2020 23:14:29 GMT', 'userID': 714}]",8.824722222222222,0.9969444444444444,17,Thursday,0,15,99.75
5e36264cf9af8b400e599126,0039,2020-01-16 17:14:41,2020-01-17 03:03:29,2020-01-16 21:06:47,25.643,2_39_91_437_2020-01-16 17:14:41.037654,0002,CA-317,2-39-91-437,America/Los_Angeles,000002961,"[{'WhPerMile': 400, 'kWhRequested': 40.0, 'milesRequested': 100, 'minutesAvailable': 60, 'modifiedAt': 'Thu, 16 Jan 2020 17:15:06 GMT', 'paymentRequired': True, 'requestedDeparture': 'Thu, 16 Jan 2020 18:14:41 GMT', 'userID': 2961}]",9.813333333333333,3.868333333333333,17,Thursday,0,15,384.645
5e36264cf9af8b400e599127,0039,2020-01-16 17:19:19,2020-01-16 19:06:03,2020-01-16 17:49:59,0.785,2_39_79_377_2020-01-16 17:19:19.230336,0002,CA-325,2-39-79-377,America/Los_Angeles,,,1.778888888888889,0.5111111111111111,17,Thursday,0,15,11.775
5e36264cf9af8b400e599128,0039,2020-01-16 17:21:01,2020-01-17 01:22:10,2020-01-16 18:48:01,4.124,2_39_89_439_2020-01-16 17:21:00.936109,0002,CA-501,2-39-89-439,America/Los_Angeles,000000743,"[{'WhPerMile': 400, 'kWhRequested': 8.0, 'milesRequested': 20, 'minutesAvailable': 478, 'modifiedAt': 'Thu, 16 Jan 2020 17:21:52 GMT', 'paymentRequired': True, 'requestedDeparture': 'Fri, 17 Jan 2020 01:19:01 GMT', 'userID': 743}]",8.019166666666667,1.45,17,Thursday,0,15,61.85999999999999
5e36264cf9af8b400e599129,0039,2020-01-16 17:27:29,2020-01-16 22:28:41,2020-01-16 22:16:12,18.314,2_39_79_378_2020-01-16 17:27:29.291137,0002,CA-326,2-39-79-378,America/Los_Angeles,000001137,"[{'WhPerMile': 400, 'kWhRequested': 20.0, 'milesRequested': 50, 'minutesAvailable': 299, 'modifiedAt': 'Thu, 16 Jan 2020 17:32:14 GMT', 'paymentRequired': True, 'requestedDeparture': 'Thu, 16 Jan 2020 22:26:29 GMT', 'userID': 1137}]",5.02,4.811944444444444,17,Thursday,0,15,274.71
5e36264cf9af8b400e59912a,0039,2020-01-16 17:28:10,2020-01-16 19:48:05,2020-01-16 19:47:15,3.55,2_39_130_31_2020-01-16 17:28:09.948114,0002,CA-306,2-39-130-31,America/Los_Angeles,000001912,"[{'WhPerMile': 400, 'kWhRequested': 20.0, 'milesRequested': 50, 'minutesAvailable': 362, 'modifiedAt': 'Thu, 16 Jan 2020 17:28:10 GMT', 'paymentRequired': True, 'requestedDeparture': 'Thu, 16 Jan 2020 23:30:10 GMT', 'userID': 1912}, {'WhPerMile': 400, 'kWhRequested': 20.0, 'milesRequested': 50, 'minutesAvailable': 493, 'modifiedAt': 'Thu, 16 Jan 2020 19:39:29 GMT', 'paymentRequired': True, 'requestedDeparture': 'Fri, 17 Jan 2020 01:41:10 GMT', 'userID': 1912}, {'WhPerMile': 400, 'kWhRequested': 20.0, 'milesRequested': 50, 'minutesAvailable': 493, 'modifiedAt': 'Thu, 16 Jan 2020 19:39:41 GMT', 'paymentRequired': True, 'requestedDeparture': 'Fri, 17 Jan 2020 01:41:10 GMT', 'userID': 1912}, {'WhPerMile': 400, 'kWhRequested': 20.0, 'milesRequested': 50, 'minutesAvailable': 493, 'modifiedAt': 'Thu, 16 Jan 2020 19:47:19 GMT', 'paymentRequired': True, 'requestedDeparture': 'Fri, 17 Jan 2020 01:41:10 GMT', 'userID': 1912}]",2.3319444444444444,2.3180555555555555,17,Thursday,0,15,53.25
5e36264cf9af8b400e59912b,0039,2020-01-16 17:30:31,2020-01-17 01:12:29,2020-01-17 01:12:24,13.149,2_39_79_381_2020-01-16 17:30:30.810717,0002,CA-490,2-39-79-381,America/Los_Angeles,000002149,"[{'WhPerMile': 250, 'kWhRequested': 17.5, 'milesRequested': 70, 'minutesAvailable': 409, 'modifiedAt': 'Thu, 16 Jan 2020 17:30:59 GMT', 'paymentRequired': True, 'requestedDeparture': 'Fri, 17 Jan 2020 00:19:31 GMT', 'userID': 2149}]",7.6994444444444445,7.698055555555555,17,Thursday,0,15,197.23499999999999
5e36264cf9af8b400e59912c,0039,2020-01-16 17:52:28,2020-01-16 20:03:49,2020-01-16 19:38:59,0.862,2_39_79_380_2020-01-16 17:52:27.675398,0002,CA-489,2-39-79-380,America/Los_Angeles,,,2.1891666666666665,1.7752777777777777,17,Thursday,0,15,12.93
5e36264cf9af8b400e59912d,0039,2020-01-16 17:53:58,2020-01-17 01:35:12,2020-01-16 18:43:08,2.018,2_39_78_363_2020-01-16 17:53:58.295756,0002,CA-320,2-39-78-363,America/Los_Angeles,000000891,"[{'WhPerMile': 400, 'kWhRequested': 8.0, 'milesRequested': 20, 'minutesAvailable': 215, 'modifiedAt': 'Thu, 16 Jan 2020 17:54:02 GMT', 'paymentRequired': True, 'requestedDeparture': 'Thu, 16 Jan 2020 21:28:58 GMT', 'userID': 891}]",7.687222222222222,0.8194444444444444,17,Thursday,0,15,30.269999999999996
5e36264cf9af8b400e59912e,0039,2020-01-16 18:08:23,2020-01-16 21:58:40,2020-01-16 21:05:59,15.06,2_39_91_441_2020-01-16 18:08:23.375290,0002,CA-499,2-39-91-441,America/Los_Angeles,000000362,"[{'WhPerMile': 400, 'kWhRequested': 24.0, 'milesRequested': 60, 'minutesAvailable': 236, 'modifiedAt': 'Thu, 16 Jan 2020 18:08:55 GMT', 'paymentRequired': True, 'requestedDeparture': 'Thu, 16 Jan 2020 22:04:23 GMT', 'userID': 362}]",3.8380555555555556,2.96,18,Thursday,0,15,225.9
5e36264cf9af8b400e59912f,0039,2020-01-16 18:09:28,2020-01-17 02:23:22,2020-01-16 21:58:44,12.203,2_39_123_23_2020-01-16 18:09:28.048109,0002,CA-313,2-39-123-23,America/Los_Angeles,000002170,"[{'WhPerMile': 400, 'kWhRequested': 16.0, 'milesRequested': 40, 'minutesAvailable': 183, 'modifiedAt': 'Thu, 16 Jan 2020 18:09:40 GMT', 'paymentRequired': True, 'requestedDeparture': 'Thu, 16 Jan 2020 21:12:28 GMT', 'userID': 2170}]",8.231666666666667,3.821111111111111,18,Thursday,0,15,183.045
5e36264cf9af8b400e599130,0039,2020-01-16 18:11:37,2020-01-16 22:09:15,2020-01-16 19:26:09,6.941,2_39_90_26_2020-01-16 18:11:22.059798,0002,CA-316,2-39-90-26,America/Los_Angeles,000002461,"[{'WhPerMile': 400, 'kWhRequested': 8.0, 'milesRequested': 20, 'minutesAvailable': 273, 'modifiedAt': 'Thu, 16 Jan 2020 18:11:37 GMT', 'paymentRequired': True, 'requestedDeparture': 'Thu, 16 Jan 2020 22:44:37 GMT', 'userID': 2461}]",3.9605555555555556,1.2422222222222221,18,Thursday,0,15,104.115
5e36264cf9af8b400e599131,0039,2020-01-16 18:31:58,2020-01-17 00:40:13,2020-01-16 20:27:37,5.11,2_39_79_383_2020-01-16 18:31:58.271901,0002,CA-492,2-39-79-383,America/Los_Angeles,000003389,"[{'WhPerMile': 400, 'kWhRequested': 8.0, 'milesRequested': 20, 'minutesAvailable': 190, 'modifiedAt': 'Thu, 16 Jan 2020 18:32:30 GMT', 'paymentRequired': True, 'requestedDeparture': 'Thu, 16 Jan 2020 21:41:58 GMT', 'userID': 3389}]",6.1375,1.9275,18,Thursday,0,15,76.65
5e36264cf9af8b400e599132,0039,2020-01-16 18:37:57,2020-01-16 20:15:08,2020-01-16 19:08:28,0.854,2_39_78_364_2020-01-16 18:37:56.987575,0002,CA-495,2-39-78-364,America/Los_Angeles,,,1.6197222222222223,0.5086111111111111,18,Thursday,0,15,12.81
5e36264cf9af8b400e599133,0039,2020-01-16 18:41:26,2020-01-16 20:15:29,2020-01-16 19:39:49,0.861,2_39_90_440_2020-01-16 18:41:25.982140,0002,CA-500,2-39-90-440,America/Los_Angeles,,,1.5675,0.9730555555555556,18,Thursday,0,15,12.915
5e36264cf9af8b400e599134,0039,2020-01-16 18:41:57,2020-01-16 22:16:31,2020-01-16 20:35:53,8.389,2_39_88_24_2020-01-16 18:41:56.858985,0002,CA-314,2-39-88-24,America/Los_Angeles,000000668,"[{'WhPerMile': 425, 'kWhRequested': 8.5, 'milesRequested': 20, 'minutesAvailable': 455, 'modifiedAt': 'Thu, 16 Jan 2020 19:09:44 GMT', 'paymentRequired': True, 'requestedDeparture': 'Fri, 17 Jan 2020 02:16:57 GMT', 'userID': 668}]",3.576111111111111,1.8988888888888888,18,Thursday,0,15,125.835
5e36264cf9af8b400e599135,0039,2020-01-16 18:43:27,2020-01-16 19:30:21,2020-01-16 19:30:16,4.881,2_39_124_22_2020-01-16 18:43:26.832538,0002,CA-312,2-39-124-22,America/Los_Angeles,000000300,"[{'WhPerMile': 400, 'kWhRequested': 32.0, 'milesRequested': 80, 'minutesAvailable': 638, 'modifiedAt': 'Thu, 16 Jan 2020 18:44:35 GMT', 'paymentRequired': True, 'requestedDeparture': 'Fri, 17 Jan 2020 05:21:27 GMT', 'userID': 300}]",0.7816666666666666,0.7802777777777777,18,Thursday,0,15,73.215
5e36264cf9af8b400e599136,0039,2020-01-16 18:50:17,2020-01-17 21:00:49,2020-01-17 21:01:47,2.558,2_39_78_362_2020-01-16 18:50:16.594097,0002,CA-496,2-39-78-362,America/Los_Angeles,000004913,"[{'WhPerMile': 400, 'kWhRequested': 20.0, 'milesRequested': 50, 'minutesAvailable': 720, 'modifiedAt': 'Thu, 16 Jan 2020 18:50:43 GMT', 'paymentRequired': True, 'requestedDeparture': 'Fri, 17 Jan 2020 06:50:17 GMT', 'userID': 4913}]",26.175555555555555,26.191666666666666,18,Thursday,0,15,38.37
5e36264cf9af8b400e599137,0039,2020-01-16 18:52:06,2020-01-17 01:24:20,2020-01-16 22:39:21,11.885,2_39_92_436_2020-01-16 18:52:06.508068,0002,CA-318,2-39-92-436,America/Los_Angeles,000001001,"[{'WhPerMile': 600, 'kWhRequested': 12.0, 'milesRequested': 20, 'minutesAvailable': 129, 'modifiedAt': 'Thu, 16 Jan 2020 18:52:09 GMT', 'paymentRequired': True, 'requestedDeparture': 'Thu, 16 Jan 2020 21:01:06 GMT', 'userID': 1001}]",6.537222222222222,3.7875,18,Thursday,0,15,178.275
5e36264cf9af8b400e599138,0039,2020-01-16 19:07:54,2020-01-16 23:19:07,2020-01-16 23:19:02,4.158,2_39_92_442_2020-01-16 19:07:53.964496,0002,CA-498,2-39-92-442,America/Los_Angeles,000000069,"[{'WhPerMile': 400, 'kWhRequested': 40.0, 'milesRequested': 100, 'minutesAvailable': 363, 'modifiedAt': 'Thu, 16 Jan 2020 19:08:04 GMT', 'paymentRequired': True, 'requestedDeparture': 'Fri, 17 Jan 2020 01:10:54 GMT', 'userID': 69}]",4.186944444444444,4.185555555555555,19,Thursday,0,15,62.370000000000005
5e36264cf9af8b400e599139,0039,2020-01-16 19:56:20,2020-01-17 02:27:49,2020-01-16 23:27:55,18.674,2_39_78_367_2020-01-16 19:56:19.957336,0002,CA-494,2-39-78-367,America/Los_Angeles,000000564,"[{'WhPerMile': 231, 'kWhRequested': 27.72, 'milesRequested': 120, 'minutesAvailable': 562, 'modifiedAt': 'Thu, 16 Jan 2020 20:30:32 GMT', 'paymentRequired': True, 'requestedDeparture': 'Fri, 17 Jan 2020 05:18:20 GMT', 'userID': 564}]",6.5247222222222225,3.526388888888889,19,Thursday,0,15,280.11
5e36264cf9af8b400e59913a,0039,2020-01-16 20:06:08,2020-01-16 20:44:37,2020-01-16 20:37:07,0.912,2_39_128_18_2020-01-16 20:06:08.183510,0002,CA-308,2-39-128-18,America/Los_Angeles,,,0.6413888888888889,0.5163888888888889,20,Thursday,0,15,13.68
5e36264cf9af8b400e59913b,0039,2020-01-16 20:31:26,2020-01-17 01:03:30,2020-01-17 01:03:23,1.191,2_39_79_377_2020-01-16 20:31:25.729574,0002,CA-325,2-39-79-377,America/Los_Angeles,,,4.5344444444444445,4.5325,20,Thursday,0,15,17.865000000000002
5e36264cf9af8b400e59913c,0039,2020-01-16 20:56:58,2020-01-17 06:12:52,2020-01-17 06:12:48,18.235,2_39_128_18_2020-01-16 20:56:57.767455,0002,CA-308,2-39-128-18,America/Los_Angeles,000000560,"[{'WhPerMile': 400, 'kWhRequested': 28.0, 'milesRequested': 70, 'minutesAvailable': 258, 'modifiedAt': 'Thu, 16 Jan 2020 20:57:05 GMT', 'paymentRequired': True, 'requestedDeparture': 'Fri, 17 Jan 2020 01:14:58 GMT', 'userID': 560}, {'WhPerMile': 400, 'kWhRequested': 32.0, 'milesRequested': 80, 'minutesAvailable': 258, 'modifiedAt': 'Thu, 16 Jan 2020 20:57:16 GMT', 'paymentRequired': True, 'requestedDeparture': 'Fri, 17 Jan 2020 01:14:58 GMT', 'userID': 560}]",9.265,9.26388888888889,20,Thursday,0,15,273.525
5e36264cf9af8b400e59913d,0039,2020-01-16 21:04:23,2020-01-17 01:06:20,2020-01-16 22:56:52,0.863,2_39_79_380_2020-01-16 21:04:22.726192,0002,CA-489,2-39-79-380,America/Los_Angeles,,,4.0325,1.8747222222222222,21,Thursday,0,15,12.945
5e36264cf9af8b400e59913e,0039,2020-01-16 21:12:10,2020-01-17 00:21:47,2020-01-16 22:37:09,4.862,2_39_90_440_2020-01-16 21:12:09.767097,0002,CA-500,2-39-90-440,America/Los_Angeles,000001091,"[{'WhPerMile': 300, 'kWhRequested': 9.0, 'milesRequested': 30, 'minutesAvailable': 139, 'modifiedAt': 'Thu, 16 Jan 2020 21:13:20 GMT', 'paymentRequired': True, 'requestedDeparture': 'Thu, 16 Jan 2020 23:31:10 GMT', 'userID': 1091}]",3.160277777777778,1.416388888888889,21,Thursday,0,15,72.93
5e36264cf9af8b400e59913f,0039,2020-01-16 21:21:29,2020-01-17 00:49:14,2020-01-17 00:48:26,21.544,2_39_139_28_2020-01-16 21:21:20.683421,0002,CA-303,2-39-139-28,America/Los_Angeles,000001316,"[{'WhPerMile': 400, 'kWhRequested': 44.0, 'milesRequested': 110, 'minutesAvailable': 210, 'modifiedAt': 'Thu, 16 Jan 2020 21:21:29 GMT', 'paymentRequired': True, 'requestedDeparture': 'Fri, 17 Jan 2020 00:51:29 GMT', 'userID': 1316}]",3.4625,3.4491666666666667,21,Thursday,0,15,323.16
5e36264cf9af8b400e599140,0039,2020-01-16 21:48:46,2020-01-17 01:55:31,2020-01-16 23:16:02,4.837,2_39_138_29_2020-01-16 21:48:45.862202,0002,CA-304,2-39-138-29,America/Los_Angeles,000003556,"[{'WhPerMile': 500, 'kWhRequested': 40.0, 'milesRequested': 80, 'minutesAvailable': 599, 'modifiedAt': 'Thu, 16 Jan 2020 21:49:10 GMT', 'paymentRequired': True, 'requestedDeparture': 'Fri, 17 Jan 2020 07:47:46 GMT', 'userID': 3556}]",4.1125,1.4544444444444444,21,Thursday,0,15,72.55499999999999
5e36264cf9af8b400e599141,0039,2020-01-16 22:15:01,2020-01-17 00:30:42,2020-01-16 22:56:59,0.932,2_39_91_441_2020-01-16 22:15:00.958045,0002,CA-499,2-39-91-441,America/Los_Angeles,,,2.261388888888889,0.6994444444444444,22,Thursday,0,15,13.98
5e36264cf9af8b400e599142,0039,2020-01-16 22:24:03,2020-01-17 00:07:03,2020-01-16 23:42:32,8.183,2_39_124_22_2020-01-16 22:24:03.432790,0002,CA-312,2-39-124-22,America/Los_Angeles,000001912,"[{'WhPerMile': 400, 'kWhRequested': 20.0, 'milesRequested': 50, 'minutesAvailable': 493, 'modifiedAt': 'Thu, 16 Jan 2020 22:24:05 GMT', 'paymentRequired': True, 'requestedDeparture': 'Fri, 17 Jan 2020 06:37:03 GMT', 'userID': 1912}, {'WhPerMile': 400, 'kWhRequested': 20.0, 'milesRequested': 50, 'minutesAvailable': 145, 'modifiedAt': 'Thu, 16 Jan 2020 22:24:35 GMT', 'paymentRequired': True, 'requestedDeparture': 'Fri, 17 Jan 2020 00:49:03 GMT', 'userID': 1912}]",1.7166666666666666,1.3080555555555555,22,Thursday,0,15,122.745
5e36264cf9af8b400e599143,0039,2020-01-16 22:35:18,2020-01-17 01:45:34,2020-01-16 23:57:55,4.021,2_39_88_24_2020-01-16 22:35:18.438334,0002,CA-314,2-39-88-24,America/Los_Angeles,000001366,"[{'WhPerMile': 400, 'kWhRequested': 8.0, 'milesRequested': 20, 'minutesAvailable': 60, 'modifiedAt': 'Thu, 16 Jan 2020 22:35:35 GMT', 'paymentRequired': True, 'requestedDeparture': 'Thu, 16 Jan 2020 23:35:18 GMT', 'userID': 1366}]",3.171111111111111,1.3769444444444445,22,Thursday,0,15,60.315
5e36264cf9af8b400e599144,0039,2020-01-16 23:56:18,2020-01-17 04:10:21,2020-01-17 01:11:18,3.739,2_39_90_26_2020-01-16 23:56:17.704534,0002,CA-316,2-39-90-26,America/Los_Angeles,000001920,"[{'WhPerMile': 450, 'kWhRequested': 13.5, 'milesRequested': 30, 'minutesAvailable': 136, 'modifiedAt': 'Thu, 16 Jan 2020 23:56:49 GMT', 'paymentRequired': True, 'requestedDeparture': 'Fri, 17 Jan 2020 02:12:18 GMT', 'userID': 1920}, {'WhPerMile': 450, 'kWhRequested': 13.5, 'milesRequested': 30, 'minutesAvailable': 136, 'modifiedAt': 'Thu, 16 Jan 2020 23:57:04 GMT', 'paymentRequired': True, 'requestedDeparture': 'Fri, 17 Jan 2020 02:12:18 GMT', 'userID': 1920}, {'WhPerMile': 450, 'kWhRequested': 13.5, 'milesRequested': 30, 'minutesAvailable': 155, 'modifiedAt': 'Thu, 16 Jan 2020 23:57:13 GMT', 'paymentRequired': True, 'requestedDeparture': 'Fri, 17 Jan 2020 02:31:18 GMT', 'userID': 1920}]",4.234166666666667,1.25,23,Thursday,0,15,56.085
5e36264cf9af8b400e599145,0039,2020-01-17 00:40:35,2020-01-17 01:51:11,2020-01-17 01:51:03,7.716,2_39_130_31_2020-01-17 00:40:34.588954,0002,CA-306,2-39-130-31,America/Los_Angeles,000004011,"[{'WhPerMile': 375, 'kWhRequested': 15.0, 'milesRequested': 40, 'minutesAvailable': 151, 'modifiedAt': 'Fri, 17 Jan 2020 00:41:47 GMT', 'paymentRequired': True, 'requestedDeparture': 'Fri, 17 Jan 2020 03:11:35 GMT', 'userID': 4011}, {'WhPerMile': 375, 'kWhRequested': 15.0, 'milesRequested': 40, 'minutesAvailable': 151, 'modifiedAt': 'Fri, 17 Jan 2020 01:50:50 GMT', 'paymentRequired': True, 'requestedDeparture': 'Fri, 17 Jan 2020 03:11:35 GMT', 'userID': 4011}]",1.1766666666666667,1.1744444444444444,0,Friday,0,15,115.74000000000001
5e36264cf9af8b400e599146,0039,2020-01-17 01:22:32,2020-01-17 04:29:31,2020-01-17 02:39:21,4.128,2_39_139_28_2020-01-17 01:22:31.740797,0002,CA-303,2-39-139-28,America/Los_Angeles,000000567,"[{'WhPerMile': 400, 'kWhRequested': 8.0, 'milesRequested': 20, 'minutesAvailable': 459, 'modifiedAt': 'Fri, 17 Jan 2020 01:22:32 GMT', 'paymentRequired': True, 'requestedDeparture': 'Fri, 17 Jan 2020 09:01:32 GMT', 'userID': 567}, {'WhPerMile': 400, 'kWhRequested': 8.0, 'milesRequested': 20, 'minutesAvailable': 100, 'modifiedAt': 'Fri, 17 Jan 2020 01:22:49 GMT', 'paymentRequired': True, 'requestedDeparture': 'Fri, 17 Jan 2020 03:02:32 GMT', 'userID': 567}]",3.116388888888889,1.2802777777777778,1,Friday,0,15,61.92
5e36264cf9af8b400e599147,0039,2020-01-17 01:46:17,2020-01-17 03:01:49,2020-01-17 02:31:32,3.883,2_39_125_21_2020-01-17 01:46:17.215199,0002,CA-311,2-39-125-21,America/Los_Angeles,000003123,"[{'WhPerMile': 400, 'kWhRequested': 4.0, 'milesRequested': 10, 'minutesAvailable': 154, 'modifiedAt': 'Fri, 17 Jan 2020 01:46:21 GMT', 'paymentRequired': True, 'requestedDeparture': 'Fri, 17 Jan 2020 04:20:17 GMT', 'userID': 3123}]",1.258888888888889,0.7541666666666667,1,Friday,0,15,58.245
5e36264cf9af8b400e599148,0039,2020-01-17 02:13:46,2020-01-17 06:09:09,2020-01-17 06:09:04,13.85,2_39_131_30_2020-01-17 02:13:45.606637,0002,CA-305,2-39-131-30,America/Los_Angeles,000001108,"[{'WhPerMile': 400, 'kWhRequested': 20.0, 'milesRequested': 50, 'minutesAvailable': 258, 'modifiedAt': 'Fri, 17 Jan 2020 02:13:53 GMT', 'paymentRequired': True, 'requestedDeparture': 'Fri, 17 Jan 2020 06:31:46 GMT', 'userID': 1108}]",3.9230555555555555,3.921666666666667,2,Friday,0,15,207.75
5e36264cf9af8b400e599149,0039,2020-01-17 04:21:19,2020-01-17 05:44:44,2020-01-17 05:44:39,9.503,2_39_138_29_2020-01-17 04:21:19.496669,0002,CA-304,2-39-138-29,America/Los_Angeles,000001263,"[{'WhPerMile': 400, 'kWhRequested': 12.0, 'milesRequested': 30, 'minutesAvailable': 115, 'modifiedAt': 'Fri, 17 Jan 2020 04:22:04 GMT', 'paymentRequired': True, 'requestedDeparture': 'Fri, 17 Jan 2020 06:16:19 GMT', 'userID': 1263}]",1.3902777777777777,1.3888888888888888,4,Friday,0,15,142.54500000000002
5e36264cf9af8b400e59914a,0039,2020-01-17 06:20:54,2020-01-17 23:49:27,2020-01-17 13:50:00,48.767,2_39_139_28_2020-01-17 06:20:54.028270,0002,CA-303,2-39-139-28,America/Los_Angeles,000000067,"[{'WhPerMile': 250, 'kWhRequested': 60.0, 'milesRequested': 240, 'minutesAvailable': 720, 'modifiedAt': 'Fri, 17 Jan 2020 06:21:12 GMT', 'paymentRequired': True, 'requestedDeparture': 'Fri, 17 Jan 2020 18:20:54 GMT', 'userID': 67}]",17.475833333333334,7.485,6,Friday,0,15,731.505
5e3777b1f9af8b44146ccf73,0039,2020-01-17 14:57:46,2020-01-18 01:00:53,2020-01-17 16:12:37,3.628,2_39_89_25_2020-01-17 14:57:45.725587,0002,CA-315,2-39-89-25,America/Los_Angeles,000000743,"[{'WhPerMile': 400, 'kWhRequested': 8.0, 'milesRequested': 20, 'minutesAvailable': 478, 'modifiedAt': 'Fri, 17 Jan 2020 14:57:58 GMT', 'paymentRequired': True, 'requestedDeparture': 'Fri, 17 Jan 2020 22:55:46 GMT', 'userID': 743}, {'WhPerMile': 400, 'kWhRequested': 8.0, 'milesRequested': 20, 'minutesAvailable': 201, 'modifiedAt': 'Fri, 17 Jan 2020 17:20:03 GMT', 'paymentRequired': True, 'requestedDeparture': 'Fri, 17 Jan 2020 18:18:46 GMT', 'userID': 743}]",10.051944444444445,1.2475,14,Friday,0,15,54.42
5e3777b1f9af8b44146ccf74,0039,2020-01-17 16:12:49,2020-01-17 20:37:18,2020-01-17 20:38:17,0.969,2_39_79_380_2020-01-17 16:12:49.454778,0002,CA-489,2-39-79-380,America/Los_Angeles,,,4.408055555555555,4.424444444444444,16,Friday,0,15,14.535
5e3777b1f9af8b44146ccf75,0039,2020-01-17 16:13:58,2020-01-18 00:58:37,2020-01-17 19:58:28,12.938,2_39_129_17_2020-01-17 16:13:50.917644,0002,CA-307,2-39-129-17,America/Los_Angeles,000004947,"[{'WhPerMile': 380, 'kWhRequested': 15.2, 'milesRequested': 40, 'minutesAvailable': 462, 'modifiedAt': 'Fri, 17 Jan 2020 16:13:58 GMT', 'paymentRequired': True, 'requestedDeparture': 'Fri, 17 Jan 2020 23:55:58 GMT', 'userID': 4947}]",8.744166666666667,3.7416666666666667,16,Friday,0,15,194.07000000000002
5e3777b1f9af8b44146ccf76,0039,2020-01-17 16:16:46,2020-01-18 01:40:29,2020-01-18 00:29:20,24.862,2_39_78_366_2020-01-17 16:16:45.851191,0002,CA-323,2-39-78-366,America/Los_Angeles,000003853,"[{'WhPerMile': 360, 'kWhRequested': 36.0, 'milesRequested': 100, 'minutesAvailable': 490, 'modifiedAt': 'Fri, 17 Jan 2020 16:17:00 GMT', 'paymentRequired': True, 'requestedDeparture': 'Sat, 18 Jan 2020 00:26:46 GMT', 'userID': 3853}]",9.395277777777778,8.209444444444445,16,Friday,0,15,372.92999999999995
5e3777b1f9af8b44146ccf77,0039,2020-01-17 16:25:53,2020-01-17 19:59:17,2020-01-17 17:56:31,8.446,2_39_91_437_2020-01-17 16:25:52.871874,0002,CA-317,2-39-91-437,America/Los_Angeles,000000431,"[{'WhPerMile': 400, 'kWhRequested': 28.0, 'milesRequested': 70, 'minutesAvailable': 361, 'modifiedAt': 'Fri, 17 Jan 2020 16:26:11 GMT', 'paymentRequired': True, 'requestedDeparture': 'Fri, 17 Jan 2020 22:26:53 GMT', 'userID': 431}]",3.5566666666666666,1.5105555555555557,16,Friday,0,15,126.69
5e3777b1f9af8b44146ccf78,0039,2020-01-17 16:31:38,2020-01-18 00:45:18,2020-01-18 00:15:43,5.695,2_39_78_365_2020-01-17 16:31:38.214991,0002,CA-321,2-39-78-365,America/Los_Angeles,000000634,"[{'WhPerMile': 300, 'kWhRequested': 6.0, 'milesRequested': 20, 'minutesAvailable': 454, 'modifiedAt': 'Fri, 17 Jan 2020 16:32:06 GMT', 'paymentRequired': True, 'requestedDeparture': 'Sat, 18 Jan 2020 00:05:38 GMT', 'userID': 634}]",8.227777777777778,7.7347222222222225,16,Friday,0,15,85.42500000000001
5e3777b1f9af8b44146ccf79,0039,2020-01-17 16:32:09,2020-01-18 01:19:09,2020-01-17 16:58:53,1.632,2_39_79_379_2020-01-17 16:32:09.250848,0002,CA-327,2-39-79-379,America/Los_Angeles,000000751,"[{'WhPerMile': 400, 'kWhRequested': 40.0, 'milesRequested': 100, 'minutesAvailable': 590, 'modifiedAt': 'Fri, 17 Jan 2020 16:33:02 GMT', 'paymentRequired': True, 'requestedDeparture': 'Sat, 18 Jan 2020 02:22:09 GMT', 'userID': 751}]",8.783333333333333,0.44555555555555554,16,Friday,0,15,24.479999999999997
5e3777b1f9af8b44146ccf7a,0039,2020-01-17 16:34:12,2020-01-17 16:47:24,2020-01-17 16:47:23,1.33,2_39_78_361_2020-01-17 16:34:11.787807,0002,CA-493,2-39-78-361,America/Los_Angeles,000001470,"[{'WhPerMile': 292, 'kWhRequested': 23.36, 'milesRequested': 80, 'minutesAvailable': 418, 'modifiedAt': 'Fri, 17 Jan 2020 16:34:18 GMT', 'paymentRequired': True, 'requestedDeparture': 'Fri, 17 Jan 2020 23:32:12 GMT', 'userID': 1470}]",0.22,0.21972222222222224,16,Friday,0,15,19.950000000000003
5e3777b1f9af8b44146ccf7b,0039,2020-01-17 16:35:25,2020-01-18 02:25:08,2020-01-17 17:17:30,1.782,2_39_138_29_2020-01-17 16:35:24.696274,0002,CA-304,2-39-138-29,America/Los_Angeles,000001366,"[{'WhPerMile': 400, 'kWhRequested': 8.0, 'milesRequested': 20, 'minutesAvailable': 60, 'modifiedAt': 'Fri, 17 Jan 2020 16:35:47 GMT', 'paymentRequired': True, 'requestedDeparture': 'Fri, 17 Jan 2020 17:35:25 GMT', 'userID': 1366}]",9.828611111111112,0.7013888888888888,16,Friday,0,15,26.73
5e3777b1f9af8b44146ccf7c,0039,2020-01-17 16:46:04,2020-01-17 20:13:37,2020-01-17 18:28:51,5.236,2_39_127_19_2020-01-17 16:46:04.378536,0002,CA-309,2-39-127-19,America/Los_Angeles,000000562,"[{'WhPerMile': 325, 'kWhRequested': 6.5, 'milesRequested': 20, 'minutesAvailable': 181, 'modifiedAt': 'Fri, 17 Jan 2020 16:46:45 GMT', 'paymentRequired': True, 'requestedDeparture': 'Fri, 17 Jan 2020 19:47:04 GMT', 'userID': 562}]",3.4591666666666665,1.7130555555555556,16,Friday,0,15,78.53999999999999
5e3777b1f9af8b44146ccf7d,0039,2020-01-17 17:04:51,2020-01-17 22:27:38,2020-01-17 22:28:35,0.905,2_39_78_361_2020-01-17 17:04:51.215510,0002,CA-493,2-39-78-361,America/Los_Angeles,000001470,"[{'WhPerMile': 292, 'kWhRequested': 23.36, 'milesRequested': 80, 'minutesAvailable': 259, 'modifiedAt': 'Fri, 17 Jan 2020 22:27:20 GMT', 'paymentRequired': True, 'requestedDeparture': 'Fri, 17 Jan 2020 21:23:51 GMT', 'userID': 1470}]",5.379722222222222,5.395555555555555,17,Friday,0,15,13.575000000000001
5e3777b1f9af8b44146ccf7e,0039,2020-01-17 17:05:09,2020-01-18 02:23:25,2020-01-17 22:22:53,20.449,2_39_79_378_2020-01-17 17:05:08.685531,0002,CA-326,2-39-79-378,America/Los_Angeles,000000564,"[{'WhPerMile': 231, 'kWhRequested': 20.79, 'milesRequested': 90, 'minutesAvailable': 562, 'modifiedAt': 'Fri, 17 Jan 2020 17:05:40 GMT', 'paymentRequired': True, 'requestedDeparture': 'Sat, 18 Jan 2020 02:27:09 GMT', 'userID': 564}, {'WhPerMile': 231, 'kWhRequested': 27.72, 'milesRequested': 120, 'minutesAvailable': 568, 'modifiedAt': 'Fri, 17 Jan 2020 17:14:00 GMT', 'paymentRequired': True, 'requestedDeparture': 'Sat, 18 Jan 2020 02:33:09 GMT', 'userID': 564}]",9.304444444444444,5.295555555555556,17,Friday,0,15,306.735
5e3777b1f9af8b44146ccf7f,0039,2020-01-17 17:08:12,2020-01-18 01:10:25,2020-01-17 19:38:08,7.747,2_39_126_20_2020-01-17 17:08:12.035271,0002,CA-310,2-39-126-20,America/Los_Angeles,000000620,"[{'WhPerMile': 400, 'kWhRequested': 12.0, 'milesRequested': 30, 'minutesAvailable': 445, 'modifiedAt': 'Fri, 17 Jan 2020 17:08:44 GMT', 'paymentRequired': True, 'requestedDeparture': 'Sat, 18 Jan 2020 00:33:12 GMT', 'userID': 620}]",8.036944444444444,2.4988888888888887,17,Friday,0,15,116.205
5e3777b1f9af8b44146ccf80,0039,2020-01-17 17:14:19,2020-01-18 02:07:06,2020-01-17 22:33:47,15.179,2_39_78_363_2020-01-17 17:14:19.446690,0002,CA-320,2-39-78-363,America/Los_Angeles,000000714,"[{'WhPerMile': 400, 'kWhRequested': 24.0, 'milesRequested': 60, 'minutesAvailable': 361, 'modifiedAt': 'Fri, 17 Jan 2020 17:14:58 GMT', 'paymentRequired': True, 'requestedDeparture': 'Fri, 17 Jan 2020 23:15:19 GMT', 'userID': 714}]",8.879722222222222,5.3244444444444445,17,Friday,0,15,227.685
5e3777b1f9af8b44146ccf81,0039,2020-01-17 17:25:24,2020-01-18 01:31:10,2020-01-17 22:29:33,17.764,2_39_92_436_2020-01-17 17:25:08.610068,0002,CA-318,2-39-92-436,America/Los_Angeles,000002961,"[{'WhPerMile': 400, 'kWhRequested': 40.0, 'milesRequested': 100, 'minutesAvailable': 60, 'modifiedAt': 'Fri, 17 Jan 2020 17:25:24 GMT', 'paymentRequired': True, 'requestedDeparture': 'Fri, 17 Jan 2020 18:25:24 GMT', 'userID': 2961}]",8.096111111111112,5.069166666666667,17,Friday,0,15,266.46
5e3777b1f9af8b44146ccf82,0039,2020-01-17 17:34:47,2020-01-18 01:17:45,2020-01-18 01:17:40,11.171,2_39_79_382_2020-01-17 17:34:47.009518,0002,CA-491,2-39-79-382,America/Los_Angeles,000002149,"[{'WhPerMile': 250, 'kWhRequested': 15.0, 'milesRequested': 60, 'minutesAvailable': 435, 'modifiedAt': 'Fri, 17 Jan 2020 17:35:13 GMT', 'paymentRequired': True, 'requestedDeparture': 'Sat, 18 Jan 2020 00:49:47 GMT', 'userID': 2149}]",7.716111111111111,7.714722222222222,17,Friday,0,15,167.565
5e3777b1f9af8b44146ccf83,0039,2020-01-17 17:44:40,2020-01-18 01:53:34,2020-01-17 19:01:14,3.69,2_39_128_18_2020-01-17 17:44:39.824714,0002,CA-308,2-39-128-18,America/Los_Angeles,000000567,"[{'WhPerMile': 400, 'kWhRequested': 8.0, 'milesRequested': 20, 'minutesAvailable': 100, 'modifiedAt': 'Fri, 17 Jan 2020 17:44:59 GMT', 'paymentRequired': True, 'requestedDeparture': 'Fri, 17 Jan 2020 19:24:40 GMT', 'userID': 567}]",8.148333333333333,1.2761111111111112,17,Friday,0,15,55.35
5e3777b1f9af8b44146ccf84,0039,2020-01-17 17:46:50,2020-01-17 20:47:51,2020-01-17 19:55:41,6.289,2_39_125_21_2020-01-17 17:46:28.873086,0002,CA-311,2-39-125-21,America/Los_Angeles,000005594,"[{'WhPerMile': 360, 'kWhRequested': 9.0, 'milesRequested': 25, 'minutesAvailable': 235, 'modifiedAt': 'Fri, 17 Jan 2020 17:46:49 GMT', 'paymentRequired': True, 'requestedDeparture': 'Fri, 17 Jan 2020 21:41:50 GMT', 'userID': 5594}, {'WhPerMile': 360, 'kWhRequested': 9.0, 'milesRequested': 25, 'minutesAvailable': 235, 'modifiedAt': 'Fri, 17 Jan 2020 17:47:44 GMT', 'paymentRequired': True, 'requestedDeparture': 'Fri, 17 Jan 2020 21:41:50 GMT', 'userID': 5594}, {'WhPerMile': 360, 'kWhRequested': 9.0, 'milesRequested': 25, 'minutesAvailable': 254, 'modifiedAt': 'Fri, 17 Jan 2020 18:08:38 GMT', 'paymentRequired': True, 'requestedDeparture': 'Fri, 17 Jan 2020 22:00:50 GMT', 'userID': 5594}, {'WhPerMile': 360, 'kWhRequested': 9.0, 'milesRequested': 25, 'minutesAvailable': 266, 'modifiedAt': 'Fri, 17 Jan 2020 18:17:39 GMT', 'paymentRequired': True, 'requestedDeparture': 'Fri, 17 Jan 2020 22:12:50 GMT', 'userID': 5594}, {'WhPerMile': 360, 'kWhRequested': 9.0, 'milesRequested': 25, 'minutesAvailable': 277, 'modifiedAt': 'Fri, 17 Jan 2020 18:29:32 GMT', 'paymentRequired': True, 'requestedDeparture': 'Fri, 17 Jan 2020 22:23:50 GMT', 'userID': 5594}, {'WhPerMile': 360, 'kWhRequested': 9.0, 'milesRequested': 25, 'minutesAvailable': 132, 'modifiedAt': 'Fri, 17 Jan 2020 18:59:00 GMT', 'paymentRequired': True, 'requestedDeparture': 'Fri, 17 Jan 2020 19:58:50 GMT', 'userID': 5594}, {'WhPerMile': 360, 'kWhRequested': 9.0, 'milesRequested': 25, 'minutesAvailable': 149, 'modifiedAt': 'Fri, 17 Jan 2020 19:16:20 GMT', 'paymentRequired': True, 'requestedDeparture': 'Fri, 17 Jan 2020 20:15:50 GMT', 'userID': 5594}, {'WhPerMile': 360, 'kWhRequested': 9.0, 'milesRequested': 25, 'minutesAvailable': 156, 'modifiedAt': 'Fri, 17 Jan 2020 19:53:08 GMT', 'paymentRequired': True, 'requestedDeparture': 'Fri, 17 Jan 2020 20:22:50 GMT', 'userID': 5594}, {'WhPerMile': 360, 'kWhRequested': 9.0, 'milesRequested': 25, 'minutesAvailable': 208, 'modifiedAt': 'Fri, 17 Jan 2020 20:15:07 GMT', 'paymentRequired': True, 'requestedDeparture': 'Fri, 17 Jan 2020 21:14:50 GMT', 'userID': 5594}, {'WhPerMile': 360, 'kWhRequested': 9.0, 'milesRequested': 25, 'minutesAvailable': 209, 'modifiedAt': 'Fri, 17 Jan 2020 20:15:43 GMT', 'paymentRequired': True, 'requestedDeparture': 'Fri, 17 Jan 2020 21:15:50 GMT', 'userID': 5594}]",3.0169444444444444,2.1475,17,Friday,0,15,94.335
5e3777b1f9af8b44146ccf85,0039,2020-01-17 17:48:14,2020-01-18 01:20:28,2020-01-17 22:24:38,12.955,2_39_78_364_2020-01-17 17:48:13.929312,0002,CA-495,2-39-78-364,America/Los_Angeles,000000069,"[{'WhPerMile': 400, 'kWhRequested': 40.0, 'milesRequested': 100, 'minutesAvailable': 363, 'modifiedAt': 'Fri, 17 Jan 2020 17:48:32 GMT', 'paymentRequired': True, 'requestedDeparture': 'Fri, 17 Jan 2020 23:51:14 GMT', 'userID': 69}]",7.537222222222222,4.6066666666666665,17,Friday,0,15,194.325
5e3777b1f9af8b44146ccf86,0039,2020-01-17 17:48:19,2020-01-18 03:13:45,2020-01-17 20:11:13,11.834,2_39_78_360_2020-01-17 17:48:18.972821,0002,CA-322,2-39-78-360,America/Los_Angeles,000000558,"[{'WhPerMile': 400, 'kWhRequested': 28.0, 'milesRequested': 70, 'minutesAvailable': 60, 'modifiedAt': 'Fri, 17 Jan 2020 17:48:24 GMT', 'paymentRequired': True, 'requestedDeparture': 'Fri, 17 Jan 2020 18:48:19 GMT', 'userID': 558}]",9.42388888888889,2.381666666666667,17,Friday,0,15,177.51
5e3777b1f9af8b44146ccf87,0039,2020-01-17 17:50:24,2020-01-17 23:50:30,2020-01-17 22:37:03,20.497,2_39_79_376_2020-01-17 17:50:23.780926,0002,CA-324,2-39-79-376,America/Los_Angeles,000000515,"[{'WhPerMile': 400, 'kWhRequested': 32.0, 'milesRequested': 80, 'minutesAvailable': 144, 'modifiedAt': 'Fri, 17 Jan 2020 17:52:14 GMT', 'paymentRequired': True, 'requestedDeparture': 'Fri, 17 Jan 2020 20:14:24 GMT', 'userID': 515}, {'WhPerMile': 400, 'kWhRequested': 32.0, 'milesRequested': 80, 'minutesAvailable': 144, 'modifiedAt': 'Fri, 17 Jan 2020 17:52:33 GMT', 'paymentRequired': True, 'requestedDeparture': 'Fri, 17 Jan 2020 20:14:24 GMT', 'userID': 515}, {'WhPerMile': 400, 'kWhRequested': 32.0, 'milesRequested': 80, 'minutesAvailable': 338, 'modifiedAt': 'Fri, 17 Jan 2020 17:53:35 GMT', 'paymentRequired': True, 'requestedDeparture': 'Fri, 17 Jan 2020 23:28:24 GMT', 'userID': 515}, {'WhPerMile': 400, 'kWhRequested': 32.0, 'milesRequested': 80, 'minutesAvailable': 339, 'modifiedAt': 'Fri, 17 Jan 2020 17:53:59 GMT', 'paymentRequired': True, 'requestedDeparture': 'Fri, 17 Jan 2020 23:29:24 GMT', 'userID': 515}]",6.001666666666667,4.7775,17,Friday,0,15,307.455
5e3777b1f9af8b44146ccf88,0039,2020-01-17 17:50:57,2020-01-18 01:28:47,2020-01-17 19:46:16,11.761,2_39_79_377_2020-01-17 17:50:56.957473,0002,CA-325,2-39-79-377,America/Los_Angeles,000001274,"[{'WhPerMile': 400, 'kWhRequested': 16.0, 'milesRequested': 40, 'minutesAvailable': 171, 'modifiedAt': 'Fri, 17 Jan 2020 17:52:06 GMT', 'paymentRequired': True, 'requestedDeparture': 'Fri, 17 Jan 2020 20:41:57 GMT', 'userID': 1274}]",7.6305555555555555,1.9219444444444445,17,Friday,0,15,176.415
5e3777b1f9af8b44146ccf89,0039,2020-01-17 18:08:23,2020-01-18 01:54:11,2020-01-17 20:41:05,8.062,2_39_95_27_2020-01-17 18:08:23.376343,0002,CA-319,2-39-95-27,America/Los_Angeles,000002170,"[{'WhPerMile': 400, 'kWhRequested': 20.0, 'milesRequested': 50, 'minutesAvailable': 183, 'modifiedAt': 'Fri, 17 Jan 2020 18:08:39 GMT', 'paymentRequired': True, 'requestedDeparture': 'Fri, 17 Jan 2020 21:11:23 GMT', 'userID': 2170}]",7.763333333333334,2.545,18,Friday,0,15,120.92999999999999
5e3777b1f9af8b44146ccf8a,0039,2020-01-17 18:12:48,2020-01-18 01:58:07,2020-01-17 20:17:34,11.874,2_39_92_442_2020-01-17 18:12:47.553393,0002,CA-498,2-39-92-442,America/Los_Angeles,000001095,"[{'WhPerMile': 400, 'kWhRequested': 16.0, 'milesRequested': 40, 'minutesAvailable': 444, 'modifiedAt': 'Fri, 17 Jan 2020 18:13:03 GMT', 'paymentRequired': True, 'requestedDeparture': 'Sat, 18 Jan 2020 01:36:48 GMT', 'userID': 1095}]",7.755277777777778,2.0794444444444444,18,Friday,0,15,178.11
5e3777b1f9af8b44146ccf8b,0039,2020-01-17 18:29:05,2020-01-17 21:53:26,2020-01-17 21:36:23,19.884,2_39_91_441_2020-01-17 18:29:05.043699,0002,CA-499,2-39-91-441,America/Los_Angeles,000000832,"[{'WhPerMile': 400, 'kWhRequested': 20.0, 'milesRequested': 50, 'minutesAvailable': 199, 'modifiedAt': 'Fri, 17 Jan 2020 18:30:00 GMT', 'paymentRequired': True, 'requestedDeparture': 'Fri, 17 Jan 2020 21:48:05 GMT', 'userID': 832}]",3.4058333333333333,3.1216666666666666,18,Friday,0,15,298.26
5e3777b1f9af8b44146ccf8c,0039,2020-01-17 20:37:37,2020-01-17 21:15:51,2020-01-17 21:07:58,0.808,2_39_79_380_2020-01-17 20:37:37.509183,0002,CA-489,2-39-79-380,America/Los_Angeles,,,0.6372222222222222,0.5058333333333334,20,Friday,0,15,12.120000000000001
5e3777b1f9af8b44146ccf8d,0039,2020-01-17 21:07:47,2020-01-17 23:57:38,2020-01-17 22:16:56,1.798,2_39_91_437_2020-01-17 21:07:46.515869,0002,CA-317,2-39-91-437,America/Los_Angeles,000000560,"[{'WhPerMile': 400, 'kWhRequested': 12.0, 'milesRequested': 30, 'minutesAvailable': 258, 'modifiedAt': 'Fri, 17 Jan 2020 21:08:01 GMT', 'paymentRequired': True, 'requestedDeparture': 'Sat, 18 Jan 2020 01:25:47 GMT', 'userID': 560}]",2.8308333333333335,1.1525,21,Friday,0,15,26.97
5e3777b1f9af8b44146ccf8e,0039,2020-01-17 21:10:12,2020-01-18 02:41:21,2020-01-17 23:06:46,6.345,2_39_90_26_2020-01-17 21:10:11.605341,0002,CA-316,2-39-90-26,America/Los_Angeles,000001124,"[{'WhPerMile': 400, 'kWhRequested': 8.0, 'milesRequested': 20, 'minutesAvailable': 60, 'modifiedAt': 'Fri, 17 Jan 2020 21:10:25 GMT', 'paymentRequired': True, 'requestedDeparture': 'Fri, 17 Jan 2020 22:10:12 GMT', 'userID': 1124}]",5.519166666666667,1.9427777777777777,21,Friday,0,15,95.175
5e3777b1f9af8b44146ccf8f,0039,2020-01-17 22:27:43,2020-01-18 00:47:03,2020-01-18 00:30:17,10.541,2_39_78_361_2020-01-17 22:27:42.863588,0002,CA-493,2-39-78-361,America/Los_Angeles,000001470,"[{'WhPerMile': 292, 'kWhRequested': 23.36, 'milesRequested': 80, 'minutesAvailable': 224, 'modifiedAt': 'Fri, 17 Jan 2020 22:28:23 GMT', 'paymentRequired': True, 'requestedDeparture': 'Sat, 18 Jan 2020 02:11:43 GMT', 'userID': 1470}]",2.3222222222222224,2.042777777777778,22,Friday,0,15,158.115
5e3777b1f9af8b44146ccf90,0039,2020-01-18 00:41:20,2020-01-18 02:32:20,2020-01-18 01:12:00,0.896,2_39_139_28_2020-01-18 00:41:20.198903,0002,CA-303,2-39-139-28,America/Los_Angeles,,,1.85,0.5111111111111111,0,Saturday,1,15,13.44
5e3777b1f9af8b44146ccf91,0039,2020-01-18 01:16:25,2020-01-18 01:40:43,2020-01-18 01:40:35,1.39,2_39_129_17_2020-01-18 01:16:25.109731,0002,CA-307,2-39-129-17,America/Los_Angeles,000005368,"[{'WhPerMile': 400, 'kWhRequested': 8.0, 'milesRequested': 20, 'minutesAvailable': 60, 'modifiedAt': 'Sat, 18 Jan 2020 01:18:20 GMT', 'paymentRequired': True, 'requestedDeparture': 'Sat, 18 Jan 2020 02:16:25 GMT', 'userID': 5368}]",0.405,0.4027777777777778,1,Saturday,1,15,20.849999999999998
5e3777b1f9af8b44146ccf92,0039,2020-01-18 01:22:55,2020-01-18 03:09:34,2020-01-18 02:00:48,1.779,2_39_127_19_2020-01-18 01:22:54.568745,0002,CA-309,2-39-127-19,America/Los_Angeles,000000562,"[{'WhPerMile': 325, 'kWhRequested': 3.25, 'milesRequested': 10, 'minutesAvailable': 105, 'modifiedAt': 'Sat, 18 Jan 2020 01:23:32 GMT', 'paymentRequired': True, 'requestedDeparture': 'Sat, 18 Jan 2020 03:07:55 GMT', 'userID': 562}]",1.7775,0.6313888888888889,1,Saturday,1,15,26.685
5e3777b1f9af8b44146ccf93,0039,2020-01-18 03:25:06,2020-01-18 19:28:47,2020-01-18 14:37:10,39.954,2_39_79_377_2020-01-18 03:25:06.143177,0002,CA-325,2-39-79-377,America/Los_Angeles,000001509,"[{'WhPerMile': 400, 'kWhRequested': 40.0, 'milesRequested': 100, 'minutesAvailable': 658, 'modifiedAt': 'Sat, 18 Jan 2020 03:27:46 GMT', 'paymentRequired': True, 'requestedDeparture': 'Sat, 18 Jan 2020 14:23:06 GMT', 'userID': 1509}]",16.06138888888889,11.20111111111111,3,Saturday,1,15,599.3100000000001
5e38c91bf9af8b483237e296,0039,2020-01-18 18:34:03,2020-01-18 18:59:12,2020-01-18 18:58:56,0.64,2_39_128_18_2020-01-18 18:34:02.793274,0002,CA-308,2-39-128-18,America/Los_Angeles,,,0.4191666666666667,0.4147222222222222,18,Saturday,1,15,9.6
5e38c91bf9af8b483237e297,0039,2020-01-18 18:48:29,2020-01-18 21:06:04,2020-01-18 20:09:58,3.959,2_39_89_25_2020-01-18 18:48:29.195003,0002,CA-315,2-39-89-25,America/Los_Angeles,000000743,"[{'WhPerMile': 400, 'kWhRequested': 8.0, 'milesRequested': 20, 'minutesAvailable': 86, 'modifiedAt': 'Sat, 18 Jan 2020 18:48:44 GMT', 'paymentRequired': True, 'requestedDeparture': 'Sat, 18 Jan 2020 20:14:29 GMT', 'userID': 743}]",2.2930555555555556,1.3580555555555556,18,Saturday,1,15,59.385
5e38c91bf9af8b483237e298,0039,2020-01-18 20:19:49,2020-01-18 22:17:14,2020-01-18 22:14:24,5.862,2_39_127_19_2020-01-18 20:19:48.669500,0002,CA-309,2-39-127-19,America/Los_Angeles,000004622,"[{'WhPerMile': 300, 'kWhRequested': 6.0, 'milesRequested': 20, 'minutesAvailable': 129, 'modifiedAt': 'Sat, 18 Jan 2020 20:19:58 GMT', 'paymentRequired': True, 'requestedDeparture': 'Sat, 18 Jan 2020 22:28:49 GMT', 'userID': 4622}, {'WhPerMile': 300, 'kWhRequested': 6.0, 'milesRequested': 20, 'minutesAvailable': 129, 'modifiedAt': 'Sat, 18 Jan 2020 20:20:10 GMT', 'paymentRequired': True, 'requestedDeparture': 'Sat, 18 Jan 2020 22:28:49 GMT', 'userID': 4622}]",1.9569444444444444,1.9097222222222223,20,Saturday,1,15,87.93
5e38c91bf9af8b483237e299,0039,2020-01-18 22:43:59,2020-01-18 23:17:36,2020-01-18 23:14:22,0.903,2_39_127_19_2020-01-18 22:43:58.512562,0002,CA-309,2-39-127-19,America/Los_Angeles,,,0.5602777777777778,0.5063888888888889,22,Saturday,1,15,13.545
5e38c91bf9af8b483237e29a,0039,2020-01-18 23:31:24,2020-01-19 01:41:42,2020-01-19 01:09:58,5.122,2_39_129_17_2020-01-18 23:31:23.843017,0002,CA-307,2-39-129-17,America/Los_Angeles,000001920,"[{'WhPerMile': 450, 'kWhRequested': 13.5, 'milesRequested': 30, 'minutesAvailable': 155, 'modifiedAt': 'Sat, 18 Jan 2020 23:31:57 GMT', 'paymentRequired': True, 'requestedDeparture': 'Sun, 19 Jan 2020 02:06:24 GMT', 'userID': 1920}, {'WhPerMile': 450, 'kWhRequested': 13.5, 'milesRequested': 30, 'minutesAvailable': 155, 'modifiedAt': 'Sat, 18 Jan 2020 23:32:12 GMT', 'paymentRequired': True, 'requestedDeparture': 'Sun, 19 Jan 2020 02:06:24 GMT', 'userID': 1920}]",2.171666666666667,1.6427777777777777,23,Saturday,1,15,76.83
5e3a1a9ef9af8b4c0698288e,0039,2020-01-19 10:00:05,2020-01-19 17:03:51,2020-01-19 11:51:32,5.761,2_39_138_29_2020-01-19 10:00:05.502046,0002,CA-304,2-39-138-29,America/Los_Angeles,000001366,"[{'WhPerMile': 400, 'kWhRequested': 8.0, 'milesRequested': 20, 'minutesAvailable': 60, 'modifiedAt': 'Sun, 19 Jan 2020 10:00:20 GMT', 'paymentRequired': True, 'requestedDeparture': 'Sun, 19 Jan 2020 11:00:05 GMT', 'userID': 1366}]",7.062777777777778,1.8575,10,Sunday,1,15,86.415
5e3a1a9ef9af8b4c0698288f,0039,2020-01-19 18:22:12,2020-01-19 20:06:18,2020-01-19 20:00:07,4.848,2_39_89_25_2020-01-19 18:22:11.650855,0002,CA-315,2-39-89-25,America/Los_Angeles,000000743,"[{'WhPerMile': 400, 'kWhRequested': 8.0, 'milesRequested': 20, 'minutesAvailable': 48, 'modifiedAt': 'Sun, 19 Jan 2020 18:22:55 GMT', 'paymentRequired': True, 'requestedDeparture': 'Sun, 19 Jan 2020 19:10:12 GMT', 'userID': 743}]",1.735,1.6319444444444444,18,Sunday,1,15,72.72
5e3a1a9ef9af8b4c06982890,0039,2020-01-19 20:48:12,2020-01-19 23:33:23,2020-01-19 23:33:18,9.755,2_39_89_25_2020-01-19 20:48:11.876833,0002,CA-315,2-39-89-25,America/Los_Angeles,000001108,"[{'WhPerMile': 400, 'kWhRequested': 20.0, 'milesRequested': 50, 'minutesAvailable': 174, 'modifiedAt': 'Sun, 19 Jan 2020 20:48:16 GMT', 'paymentRequired': True, 'requestedDeparture': 'Sun, 19 Jan 2020 23:42:12 GMT', 'userID': 1108}, {'WhPerMile': 400, 'kWhRequested': 20.0, 'milesRequested': 50, 'minutesAvailable': 204, 'modifiedAt': 'Sun, 19 Jan 2020 23:26:32 GMT', 'paymentRequired': True, 'requestedDeparture': 'Mon, 20 Jan 2020 00:12:12 GMT', 'userID': 1108}]",2.7530555555555556,2.7516666666666665,20,Sunday,1,15,146.32500000000002
5e3a1a9ef9af8b4c06982891,0039,2020-01-19 21:48:01,2020-01-20 01:52:56,2020-01-19 23:53:54,6.491,2_39_95_27_2020-01-19 21:47:19.093548,0002,CA-319,2-39-95-27,America/Los_Angeles,000005594,"[{'WhPerMile': 360, 'kWhRequested': 7.2, 'milesRequested': 20, 'minutesAvailable': 210, 'modifiedAt': 'Sun, 19 Jan 2020 21:48:01 GMT', 'paymentRequired': True, 'requestedDeparture': 'Mon, 20 Jan 2020 01:18:01 GMT', 'userID': 5594}, {'WhPerMile': 360, 'kWhRequested': 7.2, 'milesRequested': 20, 'minutesAvailable': 65, 'modifiedAt': 'Sun, 19 Jan 2020 23:19:59 GMT', 'paymentRequired': True, 'requestedDeparture': 'Sun, 19 Jan 2020 22:53:01 GMT', 'userID': 5594}]",4.081944444444445,2.0980555555555553,21,Sunday,1,15,97.365
5e3a1a9ef9af8b4c06982892,0039,2020-01-20 01:12:18,2020-01-20 02:57:32,2020-01-20 02:57:27,10.846,2_39_126_20_2020-01-20 01:11:58.680907,0002,CA-310,2-39-126-20,America/Los_Angeles,000001099,"[{'WhPerMile': 400, 'kWhRequested': 28.0, 'milesRequested': 70, 'minutesAvailable': 138, 'modifiedAt': 'Mon, 20 Jan 2020 01:12:18 GMT', 'paymentRequired': True, 'requestedDeparture': 'Mon, 20 Jan 2020 03:30:18 GMT', 'userID': 1099}]",1.7538888888888888,1.7525,1,Monday,0,15,162.69
5e3a1a9ef9af8b4c06982893,0039,2020-01-20 02:07:23,2020-01-20 02:38:55,2020-01-20 02:39:53,0.884,2_39_131_30_2020-01-20 02:07:23.012435,0002,CA-305,2-39-131-30,America/Los_Angeles,,,0.5255555555555556,0.5416666666666666,2,Monday,0,15,13.26
5e3a1a9ef9af8b4c06982894,0039,2020-01-20 04:24:19,2020-01-21 01:24:06,2020-01-20 14:53:01,0.989,2_39_131_30_2020-01-20 04:24:19.359783,0002,CA-305,2-39-131-30,America/Los_Angeles,,,20.996388888888887,10.478333333333333,4,Monday,0,15,14.834999999999999
5e3b6c1ef9af8b51c8775738,0039,2020-01-20 17:11:24,2020-01-20 18:33:18,2020-01-20 18:27:58,7.868,2_39_139_28_2020-01-20 17:11:24.084193,0002,CA-303,2-39-139-28,America/Los_Angeles,000000818,"[{'WhPerMile': 400, 'kWhRequested': 8.0, 'milesRequested': 20, 'minutesAvailable': 97, 'modifiedAt': 'Mon, 20 Jan 2020 17:12:43 GMT', 'paymentRequired': True, 'requestedDeparture': 'Mon, 20 Jan 2020 18:48:24 GMT', 'userID': 818}]",1.365,1.2761111111111112,17,Monday,0,15,118.02000000000001
5e3b6c1ef9af8b51c8775739,0039,2020-01-20 17:12:54,2020-01-20 21:03:37,2020-01-20 17:43:21,0.837,2_39_79_379_2020-01-20 17:12:53.559105,0002,CA-327,2-39-79-379,America/Los_Angeles,,,3.8452777777777776,0.5075,17,Monday,0,15,12.555
5e3b6c1ef9af8b51c877573a,0039,2020-01-20 17:29:13,2020-01-21 00:31:47,2020-01-21 00:31:43,47.603,2_39_138_29_2020-01-20 17:29:12.542096,0002,CA-304,2-39-138-29,America/Los_Angeles,000003424,"[{'WhPerMile': 295, 'kWhRequested': 59.0, 'milesRequested': 200, 'minutesAvailable': 484, 'modifiedAt': 'Mon, 20 Jan 2020 17:29:35 GMT', 'paymentRequired': True, 'requestedDeparture': 'Tue, 21 Jan 2020 01:33:13 GMT', 'userID': 3424}]",7.042777777777777,7.041666666666667,17,Monday,0,15,714.0450000000001
5e3b6c1ef9af8b51c877573b,0039,2020-01-20 17:49:24,2020-01-21 01:21:24,2020-01-20 18:19:32,0.823,2_39_83_386_2020-01-20 17:49:23.897339,0002,CA-212,2-39-83-386,America/Los_Angeles,,,7.533333333333333,0.5022222222222222,17,Monday,0,15,12.344999999999999
5e3b6c1ef9af8b51c877573c,0039,2020-01-20 18:01:49,2020-01-20 19:15:58,2020-01-20 18:51:24,4.279,2_39_129_17_2020-01-20 18:01:49.236574,0002,CA-307,2-39-129-17,America/Los_Angeles,000000798,"[{'WhPerMile': 400, 'kWhRequested': 8.0, 'milesRequested': 20, 'minutesAvailable': 78, 'modifiedAt': 'Mon, 20 Jan 2020 18:02:24 GMT', 'paymentRequired': True, 'requestedDeparture': 'Mon, 20 Jan 2020 19:19:49 GMT', 'userID': 798}]",1.2358333333333333,0.8263888888888888,18,Monday,0,15,64.185
5e3b6c1ef9af8b51c877573d,0039,2020-01-20 18:37:18,2020-01-21 00:48:00,2020-01-20 19:07:58,0.846,2_39_127_19_2020-01-20 18:37:18.119888,0002,CA-309,2-39-127-19,America/Los_Angeles,,,6.178333333333334,0.5111111111111111,18,Monday,0,15,12.69
5e3b6c1ef9af8b51c877573e,0039,2020-01-20 18:48:48,2020-01-20 20:45:11,2020-01-20 19:19:16,0.892,2_39_139_28_2020-01-20 18:48:48.090790,0002,CA-303,2-39-139-28,America/Los_Angeles,,,1.9397222222222221,0.5077777777777778,18,Monday,0,15,13.38
5e3b6c1ef9af8b51c877573f,0039,2020-01-21 00:31:02,2020-01-21 02:18:29,2020-01-21 01:37:57,3.287,2_39_129_17_2020-01-21 00:31:02.350701,0002,CA-307,2-39-129-17,America/Los_Angeles,000001920,"[{'WhPerMile': 450, 'kWhRequested': 13.5, 'milesRequested': 30, 'minutesAvailable': 155, 'modifiedAt': 'Tue, 21 Jan 2020 00:31:18 GMT', 'paymentRequired': True, 'requestedDeparture': 'Tue, 21 Jan 2020 03:06:02 GMT', 'userID': 1920}, {'WhPerMile': 450, 'kWhRequested': 13.5, 'milesRequested': 30, 'minutesAvailable': 155, 'modifiedAt': 'Tue, 21 Jan 2020 00:31:26 GMT', 'paymentRequired': True, 'requestedDeparture': 'Tue, 21 Jan 2020 03:06:02 GMT', 'userID': 1920}, {'WhPerMile': 450, 'kWhRequested': 13.5, 'milesRequested': 30, 'minutesAvailable': 130, 'modifiedAt': 'Tue, 21 Jan 2020 00:31:35 GMT', 'paymentRequired': True, 'requestedDeparture': 'Tue, 21 Jan 2020 02:41:02 GMT', 'userID': 1920}]",1.7908333333333333,1.1152777777777778,0,Tuesday,0,15,49.305
5e3b6c1ef9af8b51c8775740,0039,2020-01-21 01:14:58,2020-01-21 03:42:12,2020-01-21 02:28:42,7.32,2_39_125_21_2020-01-21 01:14:57.605548,0002,CA-311,2-39-125-21,America/Los_Angeles,000001099,"[{'WhPerMile': 400, 'kWhRequested': 20.0, 'milesRequested': 50, 'minutesAvailable': 138, 'modifiedAt': 'Tue, 21 Jan 2020 01:16:02 GMT', 'paymentRequired': True, 'requestedDeparture': 'Tue, 21 Jan 2020 03:32:58 GMT', 'userID': 1099}]",2.453888888888889,1.228888888888889,1,Tuesday,0,15,109.80000000000001
5e3b6c1ef9af8b51c8775741,0039,2020-01-21 01:30:05,2020-01-21 02:39:03,2020-01-21 02:39:50,0.848,2_39_139_28_2020-01-21 01:30:05.377986,0002,CA-303,2-39-139-28,America/Los_Angeles,,,1.1494444444444445,1.1625,1,Tuesday,0,15,12.719999999999999
5e3b6c1ef9af8b51c8775742,0039,2020-01-21 02:47:04,2020-01-21 04:32:52,2020-01-21 04:32:48,12.002,2_39_139_28_2020-01-21 02:47:03.823870,0002,CA-303,2-39-139-28,America/Los_Angeles,000000675,"[{'WhPerMile': 400, 'kWhRequested': 24.0, 'milesRequested': 60, 'minutesAvailable': 248, 'modifiedAt': 'Tue, 21 Jan 2020 02:47:29 GMT', 'paymentRequired': True, 'requestedDeparture': 'Tue, 21 Jan 2020 06:55:04 GMT', 'userID': 675}]",1.7633333333333334,1.7622222222222221,2,Tuesday,0,15,180.03
5e3cbdbdf9af8b0661a412f8,0039,2020-01-21 14:51:31,2020-01-21 22:44:56,2020-01-21 16:27:20,10.289,2_39_79_383_2020-01-21 14:51:31.184574,0002,CA-492,2-39-79-383,America/Los_Angeles,000001470,"[{'WhPerMile': 292, 'kWhRequested': 23.36, 'milesRequested': 80, 'minutesAvailable': 224, 'modifiedAt': 'Tue, 21 Jan 2020 14:51:53 GMT', 'paymentRequired': True, 'requestedDeparture': 'Tue, 21 Jan 2020 18:35:31 GMT', 'userID': 1470}]",7.8902777777777775,1.5969444444444445,14,Tuesday,0,15,154.335
5e3cbdbdf9af8b0661a412f9,0039,2020-01-21 14:59:38,2020-01-24 19:55:28,2020-01-24 19:56:26,14.72,2_39_78_362_2020-01-21 14:59:38.176149,0002,CA-496,2-39-78-362,America/Los_Angeles,000004913,"[{'WhPerMile': 400, 'kWhRequested': 20.0, 'milesRequested': 50, 'minutesAvailable': 720, 'modifiedAt': 'Tue, 21 Jan 2020 15:00:14 GMT', 'paymentRequired': True, 'requestedDeparture': 'Wed, 22 Jan 2020 02:59:38 GMT', 'userID': 4913}]",76.93055555555556,76.94666666666667,14,Tuesday,0,15,220.8
5e3cbdbdf9af8b0661a412fa,0039,2020-01-21 15:00:37,2020-01-21 22:03:42,2020-01-21 17:57:40,17.616,2_39_95_27_2020-01-21 15:00:36.512280,0002,CA-319,2-39-95-27,America/Los_Angeles,000000431,"[{'WhPerMile': 400, 'kWhRequested': 28.0, 'milesRequested': 70, 'minutesAvailable': 361, 'modifiedAt': 'Tue, 21 Jan 2020 15:01:15 GMT', 'paymentRequired': True, 'requestedDeparture': 'Tue, 21 Jan 2020 21:01:37 GMT', 'userID': 431}]",7.051388888888889,2.950833333333333,15,Tuesday,0,15,264.24
5e3cbdbdf9af8b0661a412fb,0039,2020-01-21 15:56:21,2020-01-22 01:39:38,2020-01-21 17:49:14,4.775,2_39_79_382_2020-01-21 15:56:20.563765,0002,CA-491,2-39-79-382,America/Los_Angeles,000004701,"[{'WhPerMile': 300, 'kWhRequested': 12.0, 'milesRequested': 40, 'minutesAvailable': 400, 'modifiedAt': 'Tue, 21 Jan 2020 15:56:21 GMT', 'paymentRequired': True, 'requestedDeparture': 'Tue, 21 Jan 2020 22:36:21 GMT', 'userID': 4701}]",9.721388888888889,1.881388888888889,15,Tuesday,0,15,71.625
5e3cbdbdf9af8b0661a412fc,0039,2020-01-21 16:01:21,2020-01-21 16:26:50,2020-01-21 16:26:45,0.671,2_39_79_380_2020-01-21 16:01:20.776546,0002,CA-489,2-39-79-380,America/Los_Angeles,,,0.4247222222222222,0.42333333333333334,16,Tuesday,0,15,10.065000000000001
5e3cbdbdf9af8b0661a412fd,0039,2020-01-21 16:16:30,2020-01-21 16:25:59,2020-01-21 16:25:57,1.013,2_39_78_366_2020-01-21 16:16:29.614528,0002,CA-323,2-39-78-366,America/Los_Angeles,000003853,"[{'WhPerMile': 360, 'kWhRequested': 54.0, 'milesRequested': 150, 'minutesAvailable': 523, 'modifiedAt': 'Tue, 21 Jan 2020 16:16:48 GMT', 'paymentRequired': True, 'requestedDeparture': 'Wed, 22 Jan 2020 00:59:30 GMT', 'userID': 3853}]",0.15805555555555556,0.1575,16,Tuesday,0,15,15.194999999999999
5e3cbdbdf9af8b0661a412fe,0039,2020-01-21 16:19:59,2020-01-22 01:26:17,2020-01-21 20:25:22,13.565,2_39_79_378_2020-01-21 16:19:41.392970,0002,CA-326,2-39-79-378,America/Los_Angeles,000002461,"[{'WhPerMile': 400, 'kWhRequested': 20.0, 'milesRequested': 50, 'minutesAvailable': 273, 'modifiedAt': 'Tue, 21 Jan 2020 16:19:58 GMT', 'paymentRequired': True, 'requestedDeparture': 'Tue, 21 Jan 2020 20:52:59 GMT', 'userID': 2461}]",9.105,4.089722222222222,16,Tuesday,0,15,203.475
5e3cbdbdf9af8b0661a412ff,0039,2020-01-21 16:33:48,2020-01-22 01:15:21,2020-01-21 17:00:55,1.604,2_39_79_379_2020-01-21 16:33:47.733761,0002,CA-327,2-39-79-379,America/Los_Angeles,000000751,"[{'WhPerMile': 400, 'kWhRequested': 40.0, 'milesRequested': 100, 'minutesAvailable': 590, 'modifiedAt': 'Tue, 21 Jan 2020 16:35:46 GMT', 'paymentRequired': True, 'requestedDeparture': 'Wed, 22 Jan 2020 02:23:48 GMT', 'userID': 751}]",8.6925,0.4519444444444444,16,Tuesday,0,15,24.060000000000002
5e3cbdbdf9af8b0661a41300,0039,2020-01-21 16:43:44,2020-01-22 01:50:23,2020-01-21 23:06:42,0.858,2_39_78_366_2020-01-21 16:43:43.676674,0002,CA-323,2-39-78-366,America/Los_Angeles,,,9.110833333333334,6.382777777777778,16,Tuesday,0,15,12.87
5e3cbdbdf9af8b0661a41301,0039,2020-01-21 16:48:52,2020-01-21 17:13:50,2020-01-21 17:13:45,2.572,2_39_78_360_2020-01-21 16:48:52.073627,0002,CA-322,2-39-78-360,America/Los_Angeles,000000171,"[{'WhPerMile': 400, 'kWhRequested': 20.0, 'milesRequested': 50, 'minutesAvailable': 435, 'modifiedAt': 'Tue, 21 Jan 2020 16:49:15 GMT', 'paymentRequired': True, 'requestedDeparture': 'Wed, 22 Jan 2020 00:03:52 GMT', 'userID': 171}, {'WhPerMile': 400, 'kWhRequested': 20.0, 'milesRequested': 50, 'minutesAvailable': 436, 'modifiedAt': 'Tue, 21 Jan 2020 16:51:12 GMT', 'paymentRequired': True, 'requestedDeparture': 'Wed, 22 Jan 2020 00:04:52 GMT', 'userID': 171}]",0.4161111111111111,0.4147222222222222,16,Tuesday,0,15,38.58
5e3cbdbdf9af8b0661a41302,0039,2020-01-21 16:53:23,2020-01-22 04:24:43,2020-01-21 21:36:19,15.858,2_39_131_30_2020-01-21 16:53:22.868241,0002,CA-305,2-39-131-30,America/Los_Angeles,000000712,"[{'WhPerMile': 400, 'kWhRequested': 20.0, 'milesRequested': 50, 'minutesAvailable': 419, 'modifiedAt': 'Tue, 21 Jan 2020 16:53:39 GMT', 'paymentRequired': True, 'requestedDeparture': 'Tue, 21 Jan 2020 23:52:23 GMT', 'userID': 712}]",11.522222222222222,4.7155555555555555,16,Tuesday,0,15,237.87
5e3cbdbdf9af8b0661a41303,0039,2020-01-21 16:57:14,2020-01-22 04:46:52,2020-01-21 18:54:38,5.837,2_39_91_437_2020-01-21 16:57:13.789163,0002,CA-317,2-39-91-437,America/Los_Angeles,000001222,"[{'WhPerMile': 400, 'kWhRequested': 8.0, 'milesRequested': 20, 'minutesAvailable': 72, 'modifiedAt': 'Tue, 21 Jan 2020 16:57:31 GMT', 'paymentRequired': True, 'requestedDeparture': 'Tue, 21 Jan 2020 18:09:14 GMT', 'userID': 1222}]",11.827222222222222,1.9566666666666668,16,Tuesday,0,15,87.55499999999999
5e3cbdbdf9af8b0661a41304,0039,2020-01-21 17:07:47,2020-01-22 00:20:20,2020-01-21 21:30:49,11.175,2_39_79_376_2020-01-21 17:07:46.935795,0002,CA-324,2-39-79-376,America/Los_Angeles,000001137,"[{'WhPerMile': 400, 'kWhRequested': 24.0, 'milesRequested': 60, 'minutesAvailable': 417, 'modifiedAt': 'Tue, 21 Jan 2020 17:08:04 GMT', 'paymentRequired': True, 'requestedDeparture': 'Wed, 22 Jan 2020 00:04:47 GMT', 'userID': 1137}]",7.2091666666666665,4.3838888888888885,17,Tuesday,0,15,167.625
5e3cbdbdf9af8b0661a41305,0039,2020-01-21 17:08:25,2020-01-21 20:05:17,2020-01-21 19:09:43,5.942,2_39_79_377_2020-01-21 17:08:25.097903,0002,CA-325,2-39-79-377,America/Los_Angeles,000005368,"[{'WhPerMile': 400, 'kWhRequested': 8.0, 'milesRequested': 20, 'minutesAvailable': 60, 'modifiedAt': 'Tue, 21 Jan 2020 17:15:23 GMT', 'paymentRequired': True, 'requestedDeparture': 'Tue, 21 Jan 2020 18:08:25 GMT', 'userID': 5368}]",2.9477777777777776,2.0216666666666665,17,Tuesday,0,15,89.13
5e3cbdbdf9af8b0661a41306,0039,2020-01-21 17:14:16,2020-01-22 01:27:06,2020-01-21 18:35:53,3.887,2_39_89_25_2020-01-21 17:14:15.655273,0002,CA-315,2-39-89-25,America/Los_Angeles,000000743,"[{'WhPerMile': 400, 'kWhRequested': 8.0, 'milesRequested': 20, 'minutesAvailable': 466, 'modifiedAt': 'Tue, 21 Jan 2020 17:14:56 GMT', 'paymentRequired': True, 'requestedDeparture': 'Wed, 22 Jan 2020 01:00:16 GMT', 'userID': 743}]",8.213888888888889,1.3602777777777777,17,Tuesday,0,15,58.305
5e3cbdbdf9af8b0661a41307,0039,2020-01-21 17:15:00,2020-01-22 03:15:02,2020-01-21 18:33:00,4.252,2_39_129_17_2020-01-21 17:14:59.518234,0002,CA-307,2-39-129-17,America/Los_Angeles,000000567,"[{'WhPerMile': 400, 'kWhRequested': 8.0, 'milesRequested': 20, 'minutesAvailable': 100, 'modifiedAt': 'Tue, 21 Jan 2020 17:15:13 GMT', 'paymentRequired': True, 'requestedDeparture': 'Tue, 21 Jan 2020 18:55:00 GMT', 'userID': 567}]",10.000555555555556,1.3,17,Tuesday,0,15,63.779999999999994
5e3cbdbdf9af8b0661a41308,0039,2020-01-21 17:31:16,2020-01-22 00:52:01,2020-01-22 00:02:30,7.761,2_39_78_360_2020-01-21 17:31:15.714989,0002,CA-322,2-39-78-360,America/Los_Angeles,000000171,"[{'WhPerMile': 400, 'kWhRequested': 20.0, 'milesRequested': 50, 'minutesAvailable': 292, 'modifiedAt': 'Tue, 21 Jan 2020 19:49:39 GMT', 'paymentRequired': True, 'requestedDeparture': 'Tue, 21 Jan 2020 22:23:16 GMT', 'userID': 171}]",7.345833333333333,6.520555555555555,17,Tuesday,0,15,116.415
5e3cbdbdf9af8b0661a41309,0039,2020-01-21 17:34:08,2020-01-22 01:15:35,2020-01-21 20:38:37,19.377,2_39_92_442_2020-01-21 17:34:07.936609,0002,CA-498,2-39-92-442,America/Los_Angeles,000001104,"[{'WhPerMile': 250, 'kWhRequested': 37.5, 'milesRequested': 150, 'minutesAvailable': 436, 'modifiedAt': 'Tue, 21 Jan 2020 17:34:24 GMT', 'paymentRequired': True, 'requestedDeparture': 'Wed, 22 Jan 2020 00:50:08 GMT', 'userID': 1104}]",7.690833333333333,3.0747222222222224,17,Tuesday,0,15,290.655
5e3cbdbdf9af8b0661a4130a,0039,2020-01-21 17:34:24,2020-01-21 19:46:09,2020-01-21 19:46:04,5.933,2_39_79_381_2020-01-21 17:34:15.502746,0002,CA-490,2-39-79-381,America/Los_Angeles,000003176,"[{'WhPerMile': 400, 'kWhRequested': 20.0, 'milesRequested': 50, 'minutesAvailable': 260, 'modifiedAt': 'Tue, 21 Jan 2020 17:34:23 GMT', 'paymentRequired': True, 'requestedDeparture': 'Tue, 21 Jan 2020 21:54:24 GMT', 'userID': 3176}]",2.1958333333333333,2.1944444444444446,17,Tuesday,0,15,88.995
5e3cbdbdf9af8b0661a4130b,0039,2020-01-21 17:36:24,2020-01-21 23:45:29,2020-01-21 19:57:02,1.171,2_39_78_361_2020-01-21 17:36:23.783670,0002,CA-493,2-39-78-361,America/Los_Angeles,,,6.151388888888889,2.343888888888889,17,Tuesday,0,15,17.565
5e3cbdbdf9af8b0661a4130c,0039,2020-01-21 17:39:35,2020-01-22 01:41:20,2020-01-21 18:46:53,3.37,2_39_123_23_2020-01-21 17:39:34.856196,0002,CA-313,2-39-123-23,America/Los_Angeles,000002170,"[{'WhPerMile': 400, 'kWhRequested': 20.0, 'milesRequested': 50, 'minutesAvailable': 183, 'modifiedAt': 'Tue, 21 Jan 2020 17:39:43 GMT', 'paymentRequired': True, 'requestedDeparture': 'Tue, 21 Jan 2020 20:42:35 GMT', 'userID': 2170}]",8.029166666666667,1.1216666666666666,17,Tuesday,0,15,50.550000000000004
5e3cbdbdf9af8b0661a4130d,0039,2020-01-21 17:45:36,2020-01-22 02:42:36,2020-01-22 02:42:31,8.272,2_39_90_440_2020-01-21 17:45:36.179450,0002,CA-500,2-39-90-440,America/Los_Angeles,000001534,"[{'WhPerMile': 250, 'kWhRequested': 10.0, 'milesRequested': 40, 'minutesAvailable': 404, 'modifiedAt': 'Tue, 21 Jan 2020 17:47:04 GMT', 'paymentRequired': True, 'requestedDeparture': 'Wed, 22 Jan 2020 00:29:36 GMT', 'userID': 1534}]",8.95,8.948611111111111,17,Tuesday,0,15,124.08
5e3cbdbdf9af8b0661a4130e,0039,2020-01-21 17:58:46,2020-01-22 01:16:14,2020-01-22 00:50:24,0.825,2_39_78_365_2020-01-21 17:58:45.934271,0002,CA-321,2-39-78-365,America/Los_Angeles,,,7.291111111111111,6.860555555555556,17,Tuesday,0,15,12.375
5e3cbdbdf9af8b0661a4130f,0039,2020-01-21 18:00:22,2020-01-22 02:12:41,2020-01-21 20:12:30,11.958,2_39_125_21_2020-01-21 18:00:21.666276,0002,CA-311,2-39-125-21,America/Los_Angeles,000001095,"[{'WhPerMile': 400, 'kWhRequested': 16.0, 'milesRequested': 40, 'minutesAvailable': 444, 'modifiedAt': 'Tue, 21 Jan 2020 18:00:27 GMT', 'paymentRequired': True, 'requestedDeparture': 'Wed, 22 Jan 2020 01:24:22 GMT', 'userID': 1095}]",8.205277777777777,2.2022222222222223,18,Tuesday,0,15,179.37
5e3cbdbdf9af8b0661a41310,0039,2020-01-21 18:06:50,2020-01-22 03:12:13,2020-01-21 20:37:45,15.123,2_39_92_436_2020-01-21 18:06:49.788292,0002,CA-318,2-39-92-436,America/Los_Angeles,000000558,"[{'WhPerMile': 400, 'kWhRequested': 32.0, 'milesRequested': 80, 'minutesAvailable': 60, 'modifiedAt': 'Tue, 21 Jan 2020 18:06:52 GMT', 'paymentRequired': True, 'requestedDeparture': 'Tue, 21 Jan 2020 19:06:50 GMT', 'userID': 558}]",9.089722222222223,2.515277777777778,18,Tuesday,0,15,226.845
5e3cbdbdf9af8b0661a41311,0039,2020-01-21 18:08:11,2020-01-22 02:00:41,2020-01-22 01:43:44,50.717,2_39_95_444_2020-01-21 18:08:00.744200,0002,CA-497,2-39-95-444,America/Los_Angeles,000002743,"[{'WhPerMile': 240, 'kWhRequested': 60.0, 'milesRequested': 250, 'minutesAvailable': 576, 'modifiedAt': 'Tue, 21 Jan 2020 18:08:11 GMT', 'paymentRequired': True, 'requestedDeparture': 'Wed, 22 Jan 2020 03:44:11 GMT', 'userID': 2743}]",7.875,7.5925,18,Tuesday,0,15,760.755
5e3cbdbdf9af8b0661a41312,0039,2020-01-21 18:09:14,2020-01-21 20:33:47,2020-01-21 20:33:43,6.763,2_39_88_438_2020-01-21 18:09:14.007267,0002,CA-502,2-39-88-438,America/Los_Angeles,000000562,"[{'WhPerMile': 325, 'kWhRequested': 13.0, 'milesRequested': 40, 'minutesAvailable': 105, 'modifiedAt': 'Tue, 21 Jan 2020 18:24:54 GMT', 'paymentRequired': True, 'requestedDeparture': 'Tue, 21 Jan 2020 19:54:14 GMT', 'userID': 562}, {'WhPerMile': 325, 'kWhRequested': 13.0, 'milesRequested': 40, 'minutesAvailable': 163, 'modifiedAt': 'Tue, 21 Jan 2020 18:25:26 GMT', 'paymentRequired': True, 'requestedDeparture': 'Tue, 21 Jan 2020 20:52:14 GMT', 'userID': 562}, {'WhPerMile': 325, 'kWhRequested': 13.0, 'milesRequested': 40, 'minutesAvailable': 342, 'modifiedAt': 'Tue, 21 Jan 2020 18:25:51 GMT', 'paymentRequired': True, 'requestedDeparture': 'Tue, 21 Jan 2020 23:51:14 GMT', 'userID': 562}]",2.4091666666666667,2.4080555555555554,18,Tuesday,0,15,101.445
5e3cbdbdf9af8b0661a41313,0039,2020-01-21 18:09:52,2020-01-22 00:52:41,2020-01-21 20:33:22,3.878,2_39_79_380_2020-01-21 18:09:52.112528,0002,CA-489,2-39-79-380,America/Los_Angeles,000003389,"[{'WhPerMile': 400, 'kWhRequested': 4.0, 'milesRequested': 10, 'minutesAvailable': 190, 'modifiedAt': 'Tue, 21 Jan 2020 18:13:21 GMT', 'paymentRequired': True, 'requestedDeparture': 'Tue, 21 Jan 2020 21:19:52 GMT', 'userID': 3389}]",6.713611111111111,2.3916666666666666,18,Tuesday,0,15,58.17
5e3cbdbdf9af8b0661a41314,0039,2020-01-21 18:18:08,2020-01-22 01:55:08,2020-01-21 20:03:16,10.486,2_39_91_441_2020-01-21 18:18:08.127744,0002,CA-499,2-39-91-441,America/Los_Angeles,000000069,"[{'WhPerMile': 400, 'kWhRequested': 40.0, 'milesRequested': 100, 'minutesAvailable': 363, 'modifiedAt': 'Tue, 21 Jan 2020 18:18:19 GMT', 'paymentRequired': True, 'requestedDeparture': 'Wed, 22 Jan 2020 00:21:08 GMT', 'userID': 69}]",7.616666666666666,1.7522222222222221,18,Tuesday,0,15,157.29000000000002
5e3cbdbdf9af8b0661a41315,0039,2020-01-21 18:25:45,2020-01-21 19:41:25,2020-01-21 19:41:20,8.213,2_39_127_19_2020-01-21 18:25:45.032371,0002,CA-309,2-39-127-19,America/Los_Angeles,000001912,"[{'WhPerMile': 400, 'kWhRequested': 20.0, 'milesRequested': 50, 'minutesAvailable': 209, 'modifiedAt': 'Tue, 21 Jan 2020 18:25:52 GMT', 'paymentRequired': True, 'requestedDeparture': 'Tue, 21 Jan 2020 21:54:45 GMT', 'userID': 1912}]",1.261111111111111,1.2597222222222222,18,Tuesday,0,15,123.195
5e3cbdbdf9af8b0661a41316,0039,2020-01-21 18:48:19,2020-01-21 23:04:28,2020-01-21 22:55:04,26.408,2_39_90_26_2020-01-21 18:48:18.969365,0002,CA-316,2-39-90-26,America/Los_Angeles,000002961,"[{'WhPerMile': 400, 'kWhRequested': 40.0, 'milesRequested': 100, 'minutesAvailable': 60, 'modifiedAt': 'Tue, 21 Jan 2020 18:48:20 GMT', 'paymentRequired': True, 'requestedDeparture': 'Tue, 21 Jan 2020 19:48:19 GMT', 'userID': 2961}]",4.269166666666667,4.1125,18,Tuesday,0,15,396.12
5e3cbdbdf9af8b0661a41317,0039,2020-01-21 19:19:37,2020-01-22 01:23:44,2020-01-22 00:34:05,0.877,2_39_88_24_2020-01-21 19:19:37.142260,0002,CA-314,2-39-88-24,America/Los_Angeles,,,6.068611111111111,5.2411111111111115,19,Tuesday,0,15,13.155
5e3cbdbdf9af8b0661a41318,0039,2020-01-21 19:28:42,2020-01-22 03:21:16,2020-01-21 22:34:22,12.666,2_39_128_18_2020-01-21 19:28:42.010713,0002,CA-308,2-39-128-18,America/Los_Angeles,000000958,"[{'WhPerMile': 200, 'kWhRequested': 20.0, 'milesRequested': 100, 'minutesAvailable': 570, 'modifiedAt': 'Tue, 21 Jan 2020 19:28:54 GMT', 'paymentRequired': True, 'requestedDeparture': 'Wed, 22 Jan 2020 04:58:42 GMT', 'userID': 958}]",7.876111111111111,3.0944444444444446,19,Tuesday,0,15,189.99
5e3cbdbdf9af8b0661a41319,0039,2020-01-21 19:36:20,2020-01-22 02:12:39,2020-01-21 21:56:57,5.853,2_39_126_20_2020-01-21 19:36:20.146207,0002,CA-310,2-39-126-20,America/Los_Angeles,000000891,"[{'WhPerMile': 400, 'kWhRequested': 8.0, 'milesRequested': 20, 'minutesAvailable': 215, 'modifiedAt': 'Tue, 21 Jan 2020 19:36:21 GMT', 'paymentRequired': True, 'requestedDeparture': 'Tue, 21 Jan 2020 23:11:20 GMT', 'userID': 891}]",6.605277777777777,2.343611111111111,19,Tuesday,0,15,87.795
5e3cbdbdf9af8b0661a4131a,0039,2020-01-21 19:58:24,2020-01-22 00:48:42,2020-01-21 22:37:28,17.918,2_39_130_31_2020-01-21 19:58:23.851492,0002,CA-306,2-39-130-31,America/Los_Angeles,000003270,"[{'WhPerMile': 200, 'kWhRequested': 40.0, 'milesRequested': 200, 'minutesAvailable': 466, 'modifiedAt': 'Tue, 21 Jan 2020 19:58:31 GMT', 'paymentRequired': True, 'requestedDeparture': 'Wed, 22 Jan 2020 03:44:24 GMT', 'userID': 3270}]",4.838333333333333,2.651111111111111,19,Tuesday,0,15,268.77
5e3cbdbdf9af8b0661a4131b,0039,2020-01-21 20:32:40,2020-01-21 21:48:04,2020-01-21 21:03:23,0.916,2_39_124_22_2020-01-21 20:32:39.646315,0002,CA-312,2-39-124-22,America/Los_Angeles,,,1.2566666666666666,0.5119444444444444,20,Tuesday,0,15,13.74
5e3cbdbdf9af8b0661a4131c,0039,2020-01-21 20:47:57,2020-01-22 02:41:21,2020-01-21 22:49:47,6.592,2_39_79_381_2020-01-21 20:47:57.066683,0002,CA-490,2-39-79-381,America/Los_Angeles,000001124,"[{'WhPerMile': 400, 'kWhRequested': 8.0, 'milesRequested': 20, 'minutesAvailable': 60, 'modifiedAt': 'Tue, 21 Jan 2020 20:48:26 GMT', 'paymentRequired': True, 'requestedDeparture': 'Tue, 21 Jan 2020 21:47:57 GMT', 'userID': 1124}]",5.89,2.0305555555555554,20,Tuesday,0,15,98.88
5e3cbdbdf9af8b0661a4131d,0039,2020-01-21 20:51:55,2020-01-21 22:09:45,2020-01-21 21:35:11,1.713,2_39_88_438_2020-01-21 20:51:55.138569,0002,CA-502,2-39-88-438,America/Los_Angeles,000001093,"[{'WhPerMile': 333, 'kWhRequested': 6.66, 'milesRequested': 20, 'minutesAvailable': 140, 'modifiedAt': 'Tue, 21 Jan 2020 20:52:33 GMT', 'paymentRequired': True, 'requestedDeparture': 'Tue, 21 Jan 2020 23:11:55 GMT', 'userID': 1093}]",1.2972222222222223,0.7211111111111111,20,Tuesday,0,15,25.695
5e3cbdbdf9af8b0661a4131e,0039,2020-01-21 21:10:52,2020-01-22 03:42:15,2020-01-21 23:16:19,7.017,2_39_138_29_2020-01-21 21:10:52.341455,0002,CA-304,2-39-138-29,America/Los_Angeles,000000515,"[{'WhPerMile': 400, 'kWhRequested': 12.0, 'milesRequested': 30, 'minutesAvailable': 182, 'modifiedAt': 'Tue, 21 Jan 2020 21:11:32 GMT', 'paymentRequired': True, 'requestedDeparture': 'Wed, 22 Jan 2020 00:12:52 GMT', 'userID': 515}]",6.523055555555556,2.0908333333333333,21,Tuesday,0,15,105.25500000000001
5e3cbdbdf9af8b0661a4131f,0039,2020-01-21 22:03:02,2020-01-21 23:22:54,2020-01-21 23:22:49,4.221,2_39_124_22_2020-01-21 22:03:01.910574,0002,CA-312,2-39-124-22,America/Los_Angeles,000001236,"[{'WhPerMile': 400, 'kWhRequested': 8.0, 'milesRequested': 20, 'minutesAvailable': 60, 'modifiedAt': 'Tue, 21 Jan 2020 22:06:49 GMT', 'paymentRequired': True, 'requestedDeparture': 'Tue, 21 Jan 2020 23:03:02 GMT', 'userID': 1236}]",1.3311111111111111,1.3297222222222222,22,Tuesday,0,15,63.315
5e3cbdbdf9af8b0661a41320,0039,2020-01-21 22:54:57,2020-01-22 01:12:08,2020-01-21 23:58:46,3.116,2_39_95_27_2020-01-21 22:54:56.662405,0002,CA-319,2-39-95-27,America/Los_Angeles,000001920,"[{'WhPerMile': 450, 'kWhRequested': 13.5, 'milesRequested': 30, 'minutesAvailable': 130, 'modifiedAt': 'Tue, 21 Jan 2020 22:55:59 GMT', 'paymentRequired': True, 'requestedDeparture': 'Wed, 22 Jan 2020 01:04:57 GMT', 'userID': 1920}, {'WhPerMile': 450, 'kWhRequested': 13.5, 'milesRequested': 30, 'minutesAvailable': 155, 'modifiedAt': 'Tue, 21 Jan 2020 22:56:25 GMT', 'paymentRequired': True, 'requestedDeparture': 'Wed, 22 Jan 2020 01:29:57 GMT', 'userID': 1920}]",2.286388888888889,1.063611111111111,22,Tuesday,0,15,46.74
5e3cbdbdf9af8b0661a41321,0039,2020-01-21 23:08:32,2020-01-22 00:43:51,2020-01-22 00:34:03,0.892,2_39_90_26_2020-01-21 23:08:32.371220,0002,CA-316,2-39-90-26,America/Los_Angeles,,,1.5886111111111112,1.4252777777777779,23,Tuesday,0,15,13.38
5e3cbdbdf9af8b0661a41322,0039,2020-01-22 01:25:01,2020-01-22 16:52:24,2020-01-22 07:57:11,42.768,2_39_130_31_2020-01-22 01:25:01.330305,0002,CA-306,2-39-130-31,America/Los_Angeles,000000489,"[{'WhPerMile': 428, 'kWhRequested': 102.72, 'milesRequested': 240, 'minutesAvailable': 720, 'modifiedAt': 'Wed, 22 Jan 2020 01:26:48 GMT', 'paymentRequired': True, 'requestedDeparture': 'Wed, 22 Jan 2020 13:25:01 GMT', 'userID': 489}, {'WhPerMile': 428, 'kWhRequested': 102.72, 'milesRequested': 240, 'minutesAvailable': 697, 'modifiedAt': 'Wed, 22 Jan 2020 01:27:09 GMT', 'paymentRequired': True, 'requestedDeparture': 'Wed, 22 Jan 2020 13:02:01 GMT', 'userID': 489}, {'WhPerMile': 428, 'kWhRequested': 102.72, 'milesRequested': 240, 'minutesAvailable': 753, 'modifiedAt': 'Wed, 22 Jan 2020 02:23:10 GMT', 'paymentRequired': True, 'requestedDeparture': 'Wed, 22 Jan 2020 13:58:01 GMT', 'userID': 489}]",15.456388888888888,6.536111111111111,1,Wednesday,0,15,641.52
5e3cbdbdf9af8b0661a41323,0039,2020-01-22 03:36:58,2020-01-22 04:33:47,2020-01-22 04:33:42,3.295,2_39_139_28_2020-01-22 03:36:58.330948,0002,CA-303,2-39-139-28,America/Los_Angeles,000000315,"[{'WhPerMile': 600, 'kWhRequested': 18.0, 'milesRequested': 30, 'minutesAvailable': 199, 'modifiedAt': 'Wed, 22 Jan 2020 03:37:22 GMT', 'paymentRequired': True, 'requestedDeparture': 'Wed, 22 Jan 2020 06:55:58 GMT', 'userID': 315}]",0.9469444444444445,0.9455555555555556,3,Wednesday,0,15,49.425
5e3cbdbdf9af8b0661a41324,0039,2020-01-22 03:43:29,2020-01-22 05:55:22,2020-01-22 05:55:18,11.702,2_39_126_20_2020-01-22 03:43:29.135992,0002,CA-310,2-39-126-20,America/Los_Angeles,000001099,"[{'WhPerMile': 400, 'kWhRequested': 28.0, 'milesRequested': 70, 'minutesAvailable': 123, 'modifiedAt': 'Wed, 22 Jan 2020 03:44:24 GMT', 'paymentRequired': True, 'requestedDeparture': 'Wed, 22 Jan 2020 05:46:29 GMT', 'userID': 1099}]",2.1980555555555554,2.1969444444444446,3,Wednesday,0,15,175.53
5e3cbdbdf9af8b0661a41325,0039,2020-01-22 04:23:22,2020-01-22 05:45:24,2020-01-22 05:45:20,9.14,2_39_138_29_2020-01-22 04:23:22.427083,0002,CA-304,2-39-138-29,America/Los_Angeles,000001263,"[{'WhPerMile': 400, 'kWhRequested': 12.0, 'milesRequested': 30, 'minutesAvailable': 115, 'modifiedAt': 'Wed, 22 Jan 2020 04:23:47 GMT', 'paymentRequired': True, 'requestedDeparture': 'Wed, 22 Jan 2020 06:18:22 GMT', 'userID': 1263}]",1.3672222222222221,1.366111111111111,4,Wednesday,0,15,137.10000000000002
5e3e0f32f9af8b0d07eefa40,0039,2020-01-22 16:09:56,2020-01-22 21:10:40,2020-01-22 21:11:38,0.838,2_39_79_380_2020-01-22 16:09:56.027630,0002,CA-489,2-39-79-380,America/Los_Angeles,,,5.012222222222222,5.028333333333333,16,Wednesday,0,15,12.57
5e3e0f32f9af8b0d07eefa41,0039,2020-01-22 16:40:06,2020-01-22 19:31:22,2020-01-22 17:11:36,1.933,2_39_79_377_2020-01-22 16:40:05.904375,0002,CA-325,2-39-79-377,America/Los_Angeles,000000751,"[{'WhPerMile': 400, 'kWhRequested': 40.0, 'milesRequested': 100, 'minutesAvailable': 590, 'modifiedAt': 'Wed, 22 Jan 2020 16:40:16 GMT', 'paymentRequired': True, 'requestedDeparture': 'Thu, 23 Jan 2020 02:30:06 GMT', 'userID': 751}]",2.8544444444444443,0.525,16,Wednesday,0,15,28.995
5e3e0f32f9af8b0d07eefa42,0039,2020-01-22 16:54:08,2020-01-23 00:33:44,2020-01-22 22:50:42,13.735,2_39_78_364_2020-01-22 16:54:08.409370,0002,CA-495,2-39-78-364,America/Los_Angeles,000001470,"[{'WhPerMile': 292, 'kWhRequested': 23.36, 'milesRequested': 80, 'minutesAvailable': 316, 'modifiedAt': 'Wed, 22 Jan 2020 16:54:25 GMT', 'paymentRequired': True, 'requestedDeparture': 'Wed, 22 Jan 2020 22:10:08 GMT', 'userID': 1470}]",7.66,5.942777777777778,16,Wednesday,0,15,206.02499999999998
5e3e0f32f9af8b0d07eefa43,0039,2020-01-22 16:58:07,2020-01-23 01:00:07,2020-01-22 18:25:07,2.862,2_39_139_28_2020-01-22 16:58:06.790079,0002,CA-303,2-39-139-28,America/Los_Angeles,000000620,"[{'WhPerMile': 400, 'kWhRequested': 12.0, 'milesRequested': 30, 'minutesAvailable': 488, 'modifiedAt': 'Wed, 22 Jan 2020 16:59:25 GMT', 'paymentRequired': True, 'requestedDeparture': 'Thu, 23 Jan 2020 01:06:07 GMT', 'userID': 620}]",8.033333333333333,1.45,16,Wednesday,0,15,42.93
5e3e0f32f9af8b0d07eefa44,0039,2020-01-22 16:58:44,2020-01-23 02:02:21,2020-01-22 20:07:13,20.302,2_39_79_383_2020-01-22 16:58:44.023576,0002,CA-492,2-39-79-383,America/Los_Angeles,000001104,"[{'WhPerMile': 250, 'kWhRequested': 37.5, 'milesRequested': 150, 'minutesAvailable': 436, 'modifiedAt': 'Wed, 22 Jan 2020 16:58:57 GMT', 'paymentRequired': True, 'requestedDeparture': 'Thu, 23 Jan 2020 00:14:44 GMT', 'userID': 1104}]",9.060277777777777,3.141388888888889,16,Wednesday,0,15,304.53
5e3e0f32f9af8b0d07eefa45,0039,2020-01-22 17:00:48,2020-01-23 01:29:29,2020-01-22 17:56:22,2.765,2_39_95_444_2020-01-22 17:00:48.355362,0002,CA-497,2-39-95-444,America/Los_Angeles,000000858,"[{'WhPerMile': 400, 'kWhRequested': 8.0, 'milesRequested': 20, 'minutesAvailable': 254, 'modifiedAt': 'Wed, 22 Jan 2020 17:01:08 GMT', 'paymentRequired': True, 'requestedDeparture': 'Wed, 22 Jan 2020 21:14:48 GMT', 'userID': 858}]",8.478055555555555,0.9261111111111111,17,Wednesday,0,15,41.475
5e3e0f32f9af8b0d07eefa46,0039,2020-01-22 17:04:31,2020-01-22 17:40:23,2020-01-22 17:34:55,0.744,2_39_127_19_2020-01-22 17:04:31.123186,0002,CA-309,2-39-127-19,America/Los_Angeles,,,0.5977777777777777,0.5066666666666667,17,Wednesday,0,15,11.16
5e3e0f32f9af8b0d07eefa47,0039,2020-01-22 17:10:11,2020-01-23 01:35:11,2020-01-22 18:28:39,3.775,2_39_89_25_2020-01-22 17:10:10.830239,0002,CA-315,2-39-89-25,America/Los_Angeles,000000743,"[{'WhPerMile': 400, 'kWhRequested': 8.0, 'milesRequested': 20, 'minutesAvailable': 466, 'modifiedAt': 'Wed, 22 Jan 2020 17:10:25 GMT', 'paymentRequired': True, 'requestedDeparture': 'Thu, 23 Jan 2020 00:56:11 GMT', 'userID': 743}]",8.416666666666666,1.3077777777777777,17,Wednesday,0,15,56.625
5e3e0f32f9af8b0d07eefa48,0039,2020-01-22 17:12:50,2020-01-22 18:20:41,2020-01-22 18:20:26,0.932,2_39_78_366_2020-01-22 17:12:50.271834,0002,CA-323,2-39-78-366,America/Los_Angeles,,,1.1308333333333334,1.1266666666666667,17,Wednesday,0,15,13.98
5e3e0f32f9af8b0d07eefa49,0039,2020-01-22 17:12:57,2020-01-23 05:42:25,2020-01-22 18:22:54,3.74,2_39_131_30_2020-01-22 17:12:57.447877,0002,CA-305,2-39-131-30,America/Los_Angeles,000000567,"[{'WhPerMile': 400, 'kWhRequested': 8.0, 'milesRequested': 20, 'minutesAvailable': 100, 'modifiedAt': 'Wed, 22 Jan 2020 17:13:10 GMT', 'paymentRequired': True, 'requestedDeparture': 'Wed, 22 Jan 2020 18:52:57 GMT', 'userID': 567}]",12.491111111111111,1.1658333333333333,17,Wednesday,0,15,56.1
5e3e0f32f9af8b0d07eefa4a,0039,2020-01-22 17:23:43,2020-01-23 03:31:50,2020-01-22 19:16:05,5.705,2_39_125_21_2020-01-22 17:23:42.838337,0002,CA-311,2-39-125-21,America/Los_Angeles,000000562,"[{'WhPerMile': 325, 'kWhRequested': 6.5, 'milesRequested': 20, 'minutesAvailable': 156, 'modifiedAt': 'Wed, 22 Jan 2020 17:24:33 GMT', 'paymentRequired': True, 'requestedDeparture': 'Wed, 22 Jan 2020 19:59:43 GMT', 'userID': 562}]",10.135277777777778,1.8727777777777779,17,Wednesday,0,15,85.575
5e3e0f32f9af8b0d07eefa4b,0039,2020-01-22 17:26:42,2020-01-23 02:17:15,2020-01-22 20:58:57,12.166,2_39_91_437_2020-01-22 17:26:41.764919,0002,CA-317,2-39-91-437,America/Los_Angeles,000001364,"[{'WhPerMile': 400, 'kWhRequested': 28.0, 'milesRequested': 70, 'minutesAvailable': 182, 'modifiedAt': 'Wed, 22 Jan 2020 17:43:00 GMT', 'paymentRequired': True, 'requestedDeparture': 'Wed, 22 Jan 2020 20:28:42 GMT', 'userID': 1364}]",8.8425,3.5375,17,Wednesday,0,15,182.49
5e3e0f32f9af8b0d07eefa4c,0039,2020-01-22 17:34:49,2020-01-22 21:25:42,2020-01-22 21:04:31,9.064,2_39_78_367_2020-01-22 17:34:48.953353,0002,CA-494,2-39-78-367,America/Los_Angeles,000004701,"[{'WhPerMile': 300, 'kWhRequested': 12.0, 'milesRequested': 40, 'minutesAvailable': 400, 'modifiedAt': 'Wed, 22 Jan 2020 17:34:59 GMT', 'paymentRequired': True, 'requestedDeparture': 'Thu, 23 Jan 2020 00:14:49 GMT', 'userID': 4701}]",3.8480555555555553,3.495,17,Wednesday,0,15,135.96
5e3e0f32f9af8b0d07eefa4d,0039,2020-01-22 17:39:13,2020-01-23 01:41:14,2020-01-22 19:29:25,6.063,2_39_95_27_2020-01-22 17:39:13.119025,0002,CA-319,2-39-95-27,America/Los_Angeles,000005368,"[{'WhPerMile': 400, 'kWhRequested': 8.0, 'milesRequested': 20, 'minutesAvailable': 60, 'modifiedAt': 'Wed, 22 Jan 2020 17:39:16 GMT', 'paymentRequired': True, 'requestedDeparture': 'Wed, 22 Jan 2020 18:39:13 GMT', 'userID': 5368}]",8.033611111111112,1.8366666666666667,17,Wednesday,0,15,90.945
5e3e0f32f9af8b0d07eefa4e,0039,2020-01-22 17:40:00,2020-01-23 02:40:13,2020-01-22 18:44:30,6.804,2_39_78_365_2020-01-22 17:39:59.979700,0002,CA-321,2-39-78-365,America/Los_Angeles,000000714,"[{'WhPerMile': 400, 'kWhRequested': 24.0, 'milesRequested': 60, 'minutesAvailable': 361, 'modifiedAt': 'Wed, 22 Jan 2020 17:40:07 GMT', 'paymentRequired': True, 'requestedDeparture': 'Wed, 22 Jan 2020 23:41:00 GMT', 'userID': 714}]",9.00361111111111,1.075,17,Wednesday,0,15,102.06
5e3e0f32f9af8b0d07eefa4f,0039,2020-01-22 17:44:49,2020-01-22 22:44:22,2020-01-22 19:49:35,13.34,2_39_129_17_2020-01-22 17:44:49.239833,0002,CA-307,2-39-129-17,America/Los_Angeles,000001912,"[{'WhPerMile': 400, 'kWhRequested': 20.0, 'milesRequested': 50, 'minutesAvailable': 209, 'modifiedAt': 'Wed, 22 Jan 2020 17:45:02 GMT', 'paymentRequired': True, 'requestedDeparture': 'Wed, 22 Jan 2020 21:13:49 GMT', 'userID': 1912}]",4.9925,2.0794444444444444,17,Wednesday,0,15,200.1
5e3e0f32f9af8b0d07eefa50,0039,2020-01-22 17:47:30,2020-01-23 04:40:36,2020-01-22 18:39:47,1.6,2_39_90_26_2020-01-22 17:47:29.930240,0002,CA-316,2-39-90-26,America/Los_Angeles,000000324,"[{'WhPerMile': 444, 'kWhRequested': 8.88, 'milesRequested': 20, 'minutesAvailable': 45, 'modifiedAt': 'Wed, 22 Jan 2020 17:47:42 GMT', 'paymentRequired': True, 'requestedDeparture': 'Wed, 22 Jan 2020 18:32:30 GMT', 'userID': 324}]",10.885,0.8713888888888889,17,Wednesday,0,15,24.0
5e3e0f32f9af8b0d07eefa51,0039,2020-01-22 17:50:08,2020-01-23 00:59:24,2020-01-22 18:21:07,0.885,2_39_79_376_2020-01-22 17:50:07.906112,0002,CA-324,2-39-79-376,America/Los_Angeles,,,7.154444444444445,0.5163888888888889,17,Wednesday,0,15,13.275
5e3e0f32f9af8b0d07eefa52,0039,2020-01-22 17:50:50,2020-01-23 00:20:54,2020-01-22 19:18:30,4.282,2_39_138_29_2020-01-22 17:50:49.860198,0002,CA-304,2-39-138-29,America/Los_Angeles,000001366,"[{'WhPerMile': 400, 'kWhRequested': 8.0, 'milesRequested': 20, 'minutesAvailable': 60, 'modifiedAt': 'Wed, 22 Jan 2020 17:51:21 GMT', 'paymentRequired': True, 'requestedDeparture': 'Wed, 22 Jan 2020 18:50:50 GMT', 'userID': 1366}]",6.501111111111111,1.461111111111111,17,Wednesday,0,15,64.23
5e3e0f32f9af8b0d07eefa53,0039,2020-01-22 17:51:14,2020-01-22 18:25:12,2020-01-22 18:21:45,0.913,2_39_127_19_2020-01-22 17:51:14.143775,0002,CA-309,2-39-127-19,America/Los_Angeles,,,0.5661111111111111,0.5086111111111111,17,Wednesday,0,15,13.695
5e3e0f32f9af8b0d07eefa54,0039,2020-01-22 18:07:14,2020-01-23 02:13:46,2020-01-22 20:13:23,12.393,2_39_92_442_2020-01-22 18:07:13.676253,0002,CA-498,2-39-92-442,America/Los_Angeles,000001095,"[{'WhPerMile': 400, 'kWhRequested': 16.0, 'milesRequested': 40, 'minutesAvailable': 444, 'modifiedAt': 'Wed, 22 Jan 2020 18:07:20 GMT', 'paymentRequired': True, 'requestedDeparture': 'Thu, 23 Jan 2020 01:31:14 GMT', 'userID': 1095}]",8.108888888888888,2.1025,18,Wednesday,0,15,185.895
5e3e0f32f9af8b0d07eefa55,0039,2020-01-22 18:07:47,2020-01-23 01:31:58,2020-01-23 00:37:14,6.256,2_39_78_363_2020-01-22 18:07:47.307558,0002,CA-320,2-39-78-363,America/Los_Angeles,000002461,"[{'WhPerMile': 400, 'kWhRequested': 8.0, 'milesRequested': 20, 'minutesAvailable': 273, 'modifiedAt': 'Wed, 22 Jan 2020 18:08:10 GMT', 'paymentRequired': True, 'requestedDeparture': 'Wed, 22 Jan 2020 22:40:47 GMT', 'userID': 2461}]",7.4030555555555555,6.490833333333334,18,Wednesday,0,15,93.84
5e3e0f32f9af8b0d07eefa56,0039,2020-01-22 18:11:49,2020-01-23 03:11:10,2020-01-22 20:05:06,11.319,2_39_92_436_2020-01-22 18:11:49.082619,0002,CA-318,2-39-92-436,America/Los_Angeles,000000558,"[{'WhPerMile': 400, 'kWhRequested': 28.0, 'milesRequested': 70, 'minutesAvailable': 60, 'modifiedAt': 'Wed, 22 Jan 2020 18:11:50 GMT', 'paymentRequired': True, 'requestedDeparture': 'Wed, 22 Jan 2020 19:11:49 GMT', 'userID': 558}]",8.989166666666666,1.8880555555555556,18,Wednesday,0,15,169.78500000000003
5e3e0f32f9af8b0d07eefa57,0039,2020-01-22 18:17:39,2020-01-22 19:49:01,2020-01-22 19:48:53,9.938,2_39_90_440_2020-01-22 18:17:39.322570,0002,CA-500,2-39-90-440,America/Los_Angeles,000001087,"[{'WhPerMile': 400, 'kWhRequested': 28.0, 'milesRequested': 70, 'minutesAvailable': 252, 'modifiedAt': 'Wed, 22 Jan 2020 18:17:45 GMT', 'paymentRequired': True, 'requestedDeparture': 'Wed, 22 Jan 2020 22:29:39 GMT', 'userID': 1087}]",1.5227777777777778,1.5205555555555557,18,Wednesday,0,15,149.07000000000002
5e3e0f32f9af8b0d07eefa58,0039,2020-01-22 18:18:28,2020-01-23 00:25:17,2020-01-23 00:26:15,3.77,2_39_123_23_2020-01-22 18:18:28.160277,0002,CA-313,2-39-123-23,America/Los_Angeles,000002170,"[{'WhPerMile': 400, 'kWhRequested': 20.0, 'milesRequested': 50, 'minutesAvailable': 183, 'modifiedAt': 'Wed, 22 Jan 2020 18:18:35 GMT', 'paymentRequired': True, 'requestedDeparture': 'Wed, 22 Jan 2020 21:21:28 GMT', 'userID': 2170}, {'WhPerMile': 400, 'kWhRequested': 28.0, 'milesRequested': 70, 'minutesAvailable': 426, 'modifiedAt': 'Thu, 23 Jan 2020 00:25:03 GMT', 'paymentRequired': True, 'requestedDeparture': 'Thu, 23 Jan 2020 01:24:28 GMT', 'userID': 2170}]",6.113611111111111,6.129722222222222,18,Wednesday,0,15,56.55
5e3e0f32f9af8b0d07eefa59,0039,2020-01-22 18:38:06,2020-01-22 20:44:55,2020-01-22 19:08:25,0.914,2_39_78_366_2020-01-22 18:38:06.456723,0002,CA-323,2-39-78-366,America/Los_Angeles,,,2.113611111111111,0.5052777777777778,18,Wednesday,0,15,13.71
5e3e0f32f9af8b0d07eefa5a,0039,2020-01-22 18:44:20,2020-01-22 20:35:19,2020-01-22 20:33:40,5.615,2_39_130_31_2020-01-22 18:44:18.909405,0002,CA-306,2-39-130-31,America/Los_Angeles,000001864,"[{'WhPerMile': 400, 'kWhRequested': 12.0, 'milesRequested': 30, 'minutesAvailable': 348, 'modifiedAt': 'Wed, 22 Jan 2020 18:44:19 GMT', 'paymentRequired': True, 'requestedDeparture': 'Thu, 23 Jan 2020 00:32:20 GMT', 'userID': 1864}]",1.8497222222222223,1.8222222222222222,18,Wednesday,0,15,84.22500000000001
5e3e0f32f9af8b0d07eefa5b,0039,2020-01-22 19:22:46,2020-01-23 00:34:01,2020-01-22 22:41:54,21.269,2_39_91_441_2020-01-22 19:22:46.128862,0002,CA-499,2-39-91-441,America/Los_Angeles,000000832,"[{'WhPerMile': 400, 'kWhRequested': 28.0, 'milesRequested': 70, 'minutesAvailable': 311, 'modifiedAt': 'Wed, 22 Jan 2020 19:23:19 GMT', 'paymentRequired': True, 'requestedDeparture': 'Thu, 23 Jan 2020 00:33:46 GMT', 'userID': 832}]",5.1875,3.318888888888889,19,Wednesday,0,15,319.03499999999997
5e3e0f32f9af8b0d07eefa5c,0039,2020-01-22 19:40:10,2020-01-23 04:12:55,2020-01-22 21:27:29,5.594,2_39_79_377_2020-01-22 19:40:01.746619,0002,CA-325,2-39-79-377,America/Los_Angeles,000001111,"[{'WhPerMile': 400, 'kWhRequested': 12.0, 'milesRequested': 30, 'minutesAvailable': 99, 'modifiedAt': 'Wed, 22 Jan 2020 19:40:10 GMT', 'paymentRequired': True, 'requestedDeparture': 'Wed, 22 Jan 2020 21:19:10 GMT', 'userID': 1111}, {'WhPerMile': 400, 'kWhRequested': 12.0, 'milesRequested': 30, 'minutesAvailable': 99, 'modifiedAt': 'Wed, 22 Jan 2020 19:40:48 GMT', 'paymentRequired': True, 'requestedDeparture': 'Wed, 22 Jan 2020 21:19:10 GMT', 'userID': 1111}]",8.545833333333333,1.7886111111111112,19,Wednesday,0,15,83.91000000000001
5e3e0f32f9af8b0d07eefa5d,0039,2020-01-22 19:49:26,2020-01-23 00:21:21,2020-01-22 20:33:02,1.83,2_39_127_19_2020-01-22 19:49:26.375438,0002,CA-309,2-39-127-19,America/Los_Angeles,000000891,"[{'WhPerMile': 400, 'kWhRequested': 8.0, 'milesRequested': 20, 'minutesAvailable': 215, 'modifiedAt': 'Wed, 22 Jan 2020 19:49:43 GMT', 'paymentRequired': True, 'requestedDeparture': 'Wed, 22 Jan 2020 23:24:26 GMT', 'userID': 891}]",4.531944444444444,0.7266666666666667,19,Wednesday,0,15,27.450000000000003
5e3e0f32f9af8b0d07eefa5e,0039,2020-01-22 21:10:44,2020-01-22 22:55:57,2020-01-22 21:41:20,0.723,2_39_79_380_2020-01-22 21:10:43.862292,0002,CA-489,2-39-79-380,America/Los_Angeles,,,1.753611111111111,0.51,21,Wednesday,0,15,10.844999999999999
5e3e0f32f9af8b0d07eefa5f,0039,2020-01-22 21:15:01,2020-01-23 02:11:53,2020-01-22 21:49:29,1.309,2_39_126_20_2020-01-22 21:14:42.217932,0002,CA-310,2-39-126-20,America/Los_Angeles,000003577,"[{'WhPerMile': 400, 'kWhRequested': 8.0, 'milesRequested': 20, 'minutesAvailable': 334, 'modifiedAt': 'Wed, 22 Jan 2020 21:15:00 GMT', 'paymentRequired': True, 'requestedDeparture': 'Thu, 23 Jan 2020 02:49:01 GMT', 'userID': 3577}]",4.947777777777778,0.5744444444444444,21,Wednesday,0,15,19.634999999999998
5e3e0f32f9af8b0d07eefa60,0039,2020-01-22 21:16:22,2020-01-22 21:37:22,2020-01-22 21:37:19,0.639,2_39_78_366_2020-01-22 21:16:21.853857,0002,CA-323,2-39-78-366,America/Los_Angeles,,,0.35,0.3491666666666667,21,Wednesday,0,15,9.585
5e3e0f32f9af8b0d07eefa61,0039,2020-01-22 22:50:13,2020-01-23 00:10:52,2020-01-22 23:41:18,0.894,2_39_129_17_2020-01-22 22:50:12.839224,0002,CA-307,2-39-129-17,America/Los_Angeles,,,1.3441666666666667,0.8513888888888889,22,Wednesday,0,15,13.41
5e3e0f32f9af8b0d07eefa62,0039,2020-01-22 23:28:54,2020-01-23 09:11:21,2020-01-23 04:02:14,15.474,2_39_78_366_2020-01-22 23:28:54.174032,0002,CA-323,2-39-78-366,America/Los_Angeles,000005768,"[{'WhPerMile': 400, 'kWhRequested': 16.0, 'milesRequested': 40, 'minutesAvailable': 60, 'modifiedAt': 'Wed, 22 Jan 2020 23:47:20 GMT', 'paymentRequired': True, 'requestedDeparture': 'Thu, 23 Jan 2020 00:28:54 GMT', 'userID': 5768}, {'WhPerMile': 400, 'kWhRequested': 20.0, 'milesRequested': 50, 'minutesAvailable': 303, 'modifiedAt': 'Thu, 23 Jan 2020 03:51:13 GMT', 'paymentRequired': True, 'requestedDeparture': 'Thu, 23 Jan 2020 04:31:54 GMT', 'userID': 5768}, {'WhPerMile': 400, 'kWhRequested': 20.0, 'milesRequested': 50, 'minutesAvailable': 318, 'modifiedAt': 'Thu, 23 Jan 2020 04:26:49 GMT', 'paymentRequired': True, 'requestedDeparture': 'Thu, 23 Jan 2020 04:46:54 GMT', 'userID': 5768}, {'WhPerMile': 400, 'kWhRequested': 20.0, 'milesRequested': 50, 'minutesAvailable': 339, 'modifiedAt': 'Thu, 23 Jan 2020 04:58:18 GMT', 'paymentRequired': True, 'requestedDeparture': 'Thu, 23 Jan 2020 05:07:54 GMT', 'userID': 5768}]",9.7075,4.555555555555555,23,Wednesday,0,15,232.11
5e3e0f32f9af8b0d07eefa63,0039,2020-01-22 23:36:18,2020-01-23 02:06:58,2020-01-23 00:20:49,4.122,2_39_124_22_2020-01-22 23:36:17.849111,0002,CA-312,2-39-124-22,America/Los_Angeles,000000668,"[{'WhPerMile': 425, 'kWhRequested': 4.25, 'milesRequested': 10, 'minutesAvailable': 455, 'modifiedAt': 'Wed, 22 Jan 2020 23:36:32 GMT', 'paymentRequired': True, 'requestedDeparture': 'Thu, 23 Jan 2020 07:11:18 GMT', 'userID': 668}, {'WhPerMile': 425, 'kWhRequested': 4.25, 'milesRequested': 10, 'minutesAvailable': 184, 'modifiedAt': 'Wed, 22 Jan 2020 23:37:00 GMT', 'paymentRequired': True, 'requestedDeparture': 'Thu, 23 Jan 2020 02:40:18 GMT', 'userID': 668}, {'WhPerMile': 425, 'kWhRequested': 4.25, 'milesRequested': 10, 'minutesAvailable': 61, 'modifiedAt': 'Wed, 22 Jan 2020 23:38:18 GMT', 'paymentRequired': True, 'requestedDeparture': 'Thu, 23 Jan 2020 00:37:18 GMT', 'userID': 668}]",2.511111111111111,0.7419444444444444,23,Wednesday,0,15,61.83
5e3e0f32f9af8b0d07eefa64,0039,2020-01-23 01:17:38,2020-01-23 03:05:37,2020-01-23 02:06:50,2.232,2_39_127_19_2020-01-23 01:17:38.345597,0002,CA-309,2-39-127-19,America/Los_Angeles,000001920,"[{'WhPerMile': 450, 'kWhRequested': 13.5, 'milesRequested': 30, 'minutesAvailable': 155, 'modifiedAt': 'Thu, 23 Jan 2020 01:17:51 GMT', 'paymentRequired': True, 'requestedDeparture': 'Thu, 23 Jan 2020 03:52:38 GMT', 'userID': 1920}, {'WhPerMile': 450, 'kWhRequested': 13.5, 'milesRequested': 30, 'minutesAvailable': 155, 'modifiedAt': 'Thu, 23 Jan 2020 01:17:56 GMT', 'paymentRequired': True, 'requestedDeparture': 'Thu, 23 Jan 2020 03:52:38 GMT', 'userID': 1920}, {'WhPerMile': 450, 'kWhRequested': 13.5, 'milesRequested': 30, 'minutesAvailable': 123, 'modifiedAt': 'Thu, 23 Jan 2020 01:18:14 GMT', 'paymentRequired': True, 'requestedDeparture': 'Thu, 23 Jan 2020 03:20:38 GMT', 'userID': 1920}]",1.7997222222222222,0.82,1,Thursday,0,15,33.480000000000004
5e3f60b3f9af8b10c08235d2,0039,2020-01-23 15:01:08,2020-01-24 01:43:19,2020-01-23 18:12:50,8.397,2_39_79_381_2020-01-23 15:01:04.022791,0002,CA-490,2-39-79-381,America/Los_Angeles,000001797,"[{'WhPerMile': 400, 'kWhRequested': 8.0, 'milesRequested': 20, 'minutesAvailable': 249, 'modifiedAt': 'Thu, 23 Jan 2020 15:01:07 GMT', 'paymentRequired': True, 'requestedDeparture': 'Thu, 23 Jan 2020 19:10:08 GMT', 'userID': 1797}]",10.703055555555556,3.195,15,Thursday,0,15,125.955
5e3f60b3f9af8b10c08235d3,0039,2020-01-23 15:39:08,2020-01-24 01:00:10,2020-01-23 17:48:04,5.968,2_39_79_383_2020-01-23 15:39:07.702915,0002,CA-492,2-39-79-383,America/Los_Angeles,000004701,"[{'WhPerMile': 300, 'kWhRequested': 12.0, 'milesRequested': 40, 'minutesAvailable': 400, 'modifiedAt': 'Thu, 23 Jan 2020 15:39:18 GMT', 'paymentRequired': True, 'requestedDeparture': 'Thu, 23 Jan 2020 22:19:08 GMT', 'userID': 4701}]",9.350555555555555,2.148888888888889,15,Thursday,0,15,89.52
5e3f60b3f9af8b10c08235d4,0039,2020-01-23 15:53:02,2020-01-24 01:49:44,2020-01-24 00:57:42,4.649,2_39_79_379_2020-01-23 15:53:02.522354,0002,CA-327,2-39-79-379,America/Los_Angeles,000001302,"[{'WhPerMile': 400, 'kWhRequested': 12.0, 'milesRequested': 30, 'minutesAvailable': 506, 'modifiedAt': 'Thu, 23 Jan 2020 15:53:57 GMT', 'paymentRequired': True, 'requestedDeparture': 'Fri, 24 Jan 2020 00:19:02 GMT', 'userID': 1302}]",9.945,9.077777777777778,15,Thursday,0,15,69.735
5e3f60b3f9af8b10c08235d5,0039,2020-01-23 16:02:37,2020-01-24 00:35:50,2020-01-23 23:51:26,0.868,2_39_79_380_2020-01-23 16:02:37.506831,0002,CA-489,2-39-79-380,America/Los_Angeles,,,8.553611111111111,7.813611111111111,16,Thursday,0,15,13.02
5e3f60b3f9af8b10c08235d6,0039,2020-01-23 16:04:34,2020-01-24 00:59:40,2020-01-24 00:56:20,42.475,2_39_78_366_2020-01-23 16:04:33.931167,0002,CA-323,2-39-78-366,America/Los_Angeles,000003853,"[{'WhPerMile': 360, 'kWhRequested': 46.8, 'milesRequested': 130, 'minutesAvailable': 523, 'modifiedAt': 'Thu, 23 Jan 2020 16:05:01 GMT', 'paymentRequired': True, 'requestedDeparture': 'Fri, 24 Jan 2020 00:47:34 GMT', 'userID': 3853}]",8.918333333333333,8.862777777777778,16,Thursday,0,15,637.125
5e3f60b3f9af8b10c08235d7,0039,2020-01-23 16:14:48,2020-01-23 18:10:48,2020-01-23 18:10:46,5.695,2_39_78_363_2020-01-23 16:14:28.430731,0002,CA-320,2-39-78-363,America/Los_Angeles,000002461,"[{'WhPerMile': 400, 'kWhRequested': 8.0, 'milesRequested': 20, 'minutesAvailable': 273, 'modifiedAt': 'Thu, 23 Jan 2020 16:14:47 GMT', 'paymentRequired': True, 'requestedDeparture': 'Thu, 23 Jan 2020 20:47:48 GMT', 'userID': 2461}]",1.9333333333333333,1.9327777777777777,16,Thursday,0,15,85.42500000000001
5e3f60b3f9af8b10c08235d8,0039,2020-01-23 16:31:01,2020-01-23 23:34:24,2020-01-23 23:29:57,10.316,2_39_78_364_2020-01-23 16:31:01.477308,0002,CA-495,2-39-78-364,America/Los_Angeles,000001470,"[{'WhPerMile': 292, 'kWhRequested': 11.68, 'milesRequested': 40, 'minutesAvailable': 316, 'modifiedAt': 'Thu, 23 Jan 2020 16:31:16 GMT', 'paymentRequired': True, 'requestedDeparture': 'Thu, 23 Jan 2020 21:47:01 GMT', 'userID': 1470}]",7.056388888888889,6.982222222222222,16,Thursday,0,15,154.74
5e3f60b3f9af8b10c08235d9,0039,2020-01-23 16:32:20,2020-01-24 04:17:48,2020-01-23 19:12:31,8.779,2_39_124_558_2020-01-23 16:32:20.291655,0002,CA-504,2-39-124-558,America/Los_Angeles,000001534,"[{'WhPerMile': 250, 'kWhRequested': 10.0, 'milesRequested': 40, 'minutesAvailable': 404, 'modifiedAt': 'Thu, 23 Jan 2020 16:33:19 GMT', 'paymentRequired': True, 'requestedDeparture': 'Thu, 23 Jan 2020 23:16:20 GMT', 'userID': 1534}]",11.757777777777777,2.669722222222222,16,Thursday,0,15,131.685
5e3f60b3f9af8b10c08235da,0039,2020-01-23 16:33:02,2020-01-24 00:27:25,2020-01-23 19:47:18,14.071,2_39_79_377_2020-01-23 16:33:02.290203,0002,CA-325,2-39-79-377,America/Los_Angeles,000001137,"[{'WhPerMile': 400, 'kWhRequested': 40.0, 'milesRequested': 100, 'minutesAvailable': 445, 'modifiedAt': 'Thu, 23 Jan 2020 16:33:24 GMT', 'paymentRequired': True, 'requestedDeparture': 'Thu, 23 Jan 2020 23:58:02 GMT', 'userID': 1137}]",7.9063888888888885,3.2377777777777776,16,Thursday,0,15,211.065
5e3f60b3f9af8b10c08235db,0039,2020-01-23 16:34:16,2020-01-24 01:21:08,2020-01-24 00:06:39,0.844,2_39_79_378_2020-01-23 16:34:15.600722,0002,CA-326,2-39-79-378,America/Los_Angeles,,,8.78111111111111,7.539722222222222,16,Thursday,0,15,12.66
5e3f60b3f9af8b10c08235dc,0039,2020-01-23 16:37:39,2020-01-23 22:47:52,2020-01-23 22:20:25,0.949,2_39_88_24_2020-01-23 16:37:39.091218,0002,CA-314,2-39-88-24,America/Los_Angeles,,,6.170277777777778,5.712777777777778,16,Thursday,0,15,14.235
5e3f60b3f9af8b10c08235dd,0039,2020-01-23 16:43:07,2020-01-23 22:30:05,2020-01-23 18:47:18,13.339,2_39_89_25_2020-01-23 16:43:06.951834,0002,CA-315,2-39-89-25,America/Los_Angeles,000000171,"[{'WhPerMile': 400, 'kWhRequested': 20.0, 'milesRequested': 50, 'minutesAvailable': 292, 'modifiedAt': 'Thu, 23 Jan 2020 16:43:36 GMT', 'paymentRequired': True, 'requestedDeparture': 'Thu, 23 Jan 2020 21:35:07 GMT', 'userID': 171}]",5.782777777777778,2.069722222222222,16,Thursday,0,15,200.085
5e3f60b3f9af8b10c08235de,0039,2020-01-23 16:50:44,2020-01-24 04:46:38,2020-01-23 18:42:07,5.671,2_39_127_19_2020-01-23 16:50:44.390577,0002,CA-309,2-39-127-19,America/Los_Angeles,000000562,"[{'WhPerMile': 325, 'kWhRequested': 6.5, 'milesRequested': 20, 'minutesAvailable': 156, 'modifiedAt': 'Thu, 23 Jan 2020 16:51:30 GMT', 'paymentRequired': True, 'requestedDeparture': 'Thu, 23 Jan 2020 19:26:44 GMT', 'userID': 562}, {'WhPerMile': 325, 'kWhRequested': 6.5, 'milesRequested': 20, 'minutesAvailable': 191, 'modifiedAt': 'Thu, 23 Jan 2020 16:51:43 GMT', 'paymentRequired': True, 'requestedDeparture': 'Thu, 23 Jan 2020 20:01:44 GMT', 'userID': 562}]",11.931666666666667,1.8563888888888889,16,Thursday,0,15,85.065
5e3f60b3f9af8b10c08235df,0039,2020-01-23 16:53:20,2020-01-24 03:17:16,2020-01-23 18:26:22,5.303,2_39_129_17_2020-01-23 16:53:19.554105,0002,CA-307,2-39-129-17,America/Los_Angeles,000000712,"[{'WhPerMile': 400, 'kWhRequested': 8.0, 'milesRequested': 20, 'minutesAvailable': 268, 'modifiedAt': 'Thu, 23 Jan 2020 16:53:27 GMT', 'paymentRequired': True, 'requestedDeparture': 'Thu, 23 Jan 2020 21:21:20 GMT', 'userID': 712}]",10.398888888888889,1.5505555555555555,16,Thursday,0,15,79.545
5e3f60b3f9af8b10c08235e0,0039,2020-01-23 17:04:25,2020-01-24 01:59:07,2020-01-23 18:33:24,4.119,2_39_89_439_2020-01-23 17:04:24.877759,0002,CA-501,2-39-89-439,America/Los_Angeles,000000743,"[{'WhPerMile': 400, 'kWhRequested': 8.0, 'milesRequested': 20, 'minutesAvailable': 466, 'modifiedAt': 'Thu, 23 Jan 2020 17:04:34 GMT', 'paymentRequired': True, 'requestedDeparture': 'Fri, 24 Jan 2020 00:50:25 GMT', 'userID': 743}]",8.911666666666667,1.4830555555555556,17,Thursday,0,15,61.785
5e3f60b3f9af8b10c08235e1,0039,2020-01-23 17:12:31,2020-01-23 21:44:37,2020-01-23 17:43:46,0.866,2_39_130_31_2020-01-23 17:12:30.738064,0002,CA-306,2-39-130-31,America/Los_Angeles,,,4.535,0.5208333333333334,17,Thursday,0,15,12.99
5e3f60b3f9af8b10c08235e2,0039,2020-01-23 17:14:00,2020-01-24 01:53:25,2020-01-23 21:04:18,0.919,2_39_78_365_2020-01-23 17:14:00.353595,0002,CA-321,2-39-78-365,America/Los_Angeles,,,8.656944444444445,3.8383333333333334,17,Thursday,0,15,13.785
5e3f60b3f9af8b10c08235e3,0039,2020-01-23 17:52:07,2020-01-24 03:10:54,2020-01-23 19:39:41,11.216,2_39_92_436_2020-01-23 17:52:06.691116,0002,CA-318,2-39-92-436,America/Los_Angeles,000000558,"[{'WhPerMile': 400, 'kWhRequested': 28.0, 'milesRequested': 70, 'minutesAvailable': 60, 'modifiedAt': 'Thu, 23 Jan 2020 17:52:10 GMT', 'paymentRequired': True, 'requestedDeparture': 'Thu, 23 Jan 2020 18:52:07 GMT', 'userID': 558}]",9.313055555555556,1.7927777777777778,17,Thursday,0,15,168.23999999999998
5e3f60b3f9af8b10c08235e4,0039,2020-01-23 17:52:14,2020-01-24 02:14:01,2020-01-23 19:46:41,11.569,2_39_90_26_2020-01-23 17:52:13.670969,0002,CA-316,2-39-90-26,America/Los_Angeles,000001095,"[{'WhPerMile': 400, 'kWhRequested': 16.0, 'milesRequested': 40, 'minutesAvailable': 444, 'modifiedAt': 'Thu, 23 Jan 2020 17:52:23 GMT', 'paymentRequired': True, 'requestedDeparture': 'Fri, 24 Jan 2020 01:16:14 GMT', 'userID': 1095}]",8.363055555555556,1.9075,17,Thursday,0,15,173.53500000000003
5e3f60b3f9af8b10c08235e5,0039,2020-01-23 17:54:23,2020-01-24 01:21:44,2020-01-23 19:59:10,6.28,2_39_125_21_2020-01-23 17:54:00.687530,0002,CA-311,2-39-125-21,America/Los_Angeles,000005594,"[{'WhPerMile': 360, 'kWhRequested': 9.0, 'milesRequested': 25, 'minutesAvailable': 65, 'modifiedAt': 'Thu, 23 Jan 2020 17:54:23 GMT', 'paymentRequired': True, 'requestedDeparture': 'Thu, 23 Jan 2020 18:59:23 GMT', 'userID': 5594}, {'WhPerMile': 360, 'kWhRequested': 9.0, 'milesRequested': 25, 'minutesAvailable': 210, 'modifiedAt': 'Thu, 23 Jan 2020 20:20:09 GMT', 'paymentRequired': True, 'requestedDeparture': 'Thu, 23 Jan 2020 21:24:23 GMT', 'userID': 5594}]",7.4558333333333335,2.0797222222222222,17,Thursday,0,15,94.2
5e3f60b3f9af8b10c08235e6,0039,2020-01-23 18:25:34,2020-01-23 20:06:15,2020-01-23 20:06:07,9.742,2_39_91_441_2020-01-23 18:25:34.123335,0002,CA-499,2-39-91-441,America/Los_Angeles,000001087,"[{'WhPerMile': 400, 'kWhRequested': 28.0, 'milesRequested': 70, 'minutesAvailable': 252, 'modifiedAt': 'Thu, 23 Jan 2020 18:25:50 GMT', 'paymentRequired': True, 'requestedDeparture': 'Thu, 23 Jan 2020 22:37:34 GMT', 'userID': 1087}]",1.6780555555555556,1.6758333333333333,18,Thursday,0,15,146.13000000000002
5e3f60b3f9af8b10c08235e7,0039,2020-01-23 18:30:52,2020-01-24 01:52:33,2020-01-23 19:18:00,1.975,2_39_91_437_2020-01-23 18:30:51.747983,0002,CA-317,2-39-91-437,America/Los_Angeles,000000891,"[{'WhPerMile': 400, 'kWhRequested': 8.0, 'milesRequested': 20, 'minutesAvailable': 215, 'modifiedAt': 'Thu, 23 Jan 2020 18:31:44 GMT', 'paymentRequired': True, 'requestedDeparture': 'Thu, 23 Jan 2020 22:05:52 GMT', 'userID': 891}]",7.3613888888888885,0.7855555555555556,18,Thursday,0,15,29.625
5e3f60b3f9af8b10c08235e8,0039,2020-01-23 18:38:41,2020-01-24 00:47:20,2020-01-23 23:51:10,1.0,2_39_79_382_2020-01-23 18:38:40.519102,0002,CA-491,2-39-79-382,America/Los_Angeles,,,6.144166666666667,5.208055555555555,18,Thursday,0,15,15.0
5e3f60b3f9af8b10c08235e9,0039,2020-01-23 18:43:54,2020-01-24 04:20:25,2020-01-23 19:55:28,3.901,2_39_124_22_2020-01-23 18:43:53.631837,0002,CA-312,2-39-124-22,America/Los_Angeles,000000567,"[{'WhPerMile': 400, 'kWhRequested': 8.0, 'milesRequested': 20, 'minutesAvailable': 100, 'modifiedAt': 'Thu, 23 Jan 2020 18:44:10 GMT', 'paymentRequired': True, 'requestedDeparture': 'Thu, 23 Jan 2020 20:23:54 GMT', 'userID': 567}]",9.608611111111111,1.1927777777777777,18,Thursday,0,15,58.515
5e3f60b3f9af8b10c08235ea,0039,2020-01-23 18:44:36,2020-01-24 02:23:10,2020-01-23 22:21:44,11.715,2_39_123_23_2020-01-23 18:44:36.105287,0002,CA-313,2-39-123-23,America/Los_Angeles,000002170,"[{'WhPerMile': 400, 'kWhRequested': 28.0, 'milesRequested': 70, 'minutesAvailable': 426, 'modifiedAt': 'Thu, 23 Jan 2020 18:44:41 GMT', 'paymentRequired': True, 'requestedDeparture': 'Fri, 24 Jan 2020 01:50:36 GMT', 'userID': 2170}]",7.642777777777778,3.618888888888889,18,Thursday,0,15,175.725
5e3f60b3f9af8b10c08235eb,0039,2020-01-23 19:02:37,2020-01-23 20:52:06,2020-01-23 19:33:16,0.915,2_39_138_29_2020-01-23 19:02:36.733889,0002,CA-304,2-39-138-29,America/Los_Angeles,,,1.8247222222222221,0.5108333333333334,19,Thursday,0,15,13.725000000000001
5e3f60b3f9af8b10c08235ec,0039,2020-01-23 19:08:17,2020-01-24 00:32:44,2020-01-23 21:06:44,12.206,2_39_88_438_2020-01-23 19:08:16.670097,0002,CA-502,2-39-88-438,America/Los_Angeles,000000069,"[{'WhPerMile': 400, 'kWhRequested': 40.0, 'milesRequested': 100, 'minutesAvailable': 363, 'modifiedAt': 'Thu, 23 Jan 2020 19:08:30 GMT', 'paymentRequired': True, 'requestedDeparture': 'Fri, 24 Jan 2020 01:11:17 GMT', 'userID': 69}]",5.4075,1.9741666666666666,19,Thursday,0,15,183.09
5e3f60b3f9af8b10c08235ed,0039,2020-01-23 20:07:48,2020-01-24 00:07:39,2020-01-23 23:48:28,4.778,2_39_78_367_2020-01-23 20:07:47.538867,0002,CA-494,2-39-78-367,America/Los_Angeles,000001912,"[{'WhPerMile': 400, 'kWhRequested': 20.0, 'milesRequested': 50, 'minutesAvailable': 250, 'modifiedAt': 'Thu, 23 Jan 2020 20:08:33 GMT', 'paymentRequired': True, 'requestedDeparture': 'Fri, 24 Jan 2020 00:17:48 GMT', 'userID': 1912}]",3.9975,3.6777777777777776,20,Thursday,0,15,71.66999999999999
5e3f60b3f9af8b10c08235ee,0039,2020-01-23 20:19:44,2020-01-24 01:13:06,2020-01-24 00:45:19,1.495,2_39_91_441_2020-01-23 20:19:43.848351,0002,CA-499,2-39-91-441,America/Los_Angeles,,,4.889444444444444,4.426388888888889,20,Thursday,0,15,22.425
5e3f60b3f9af8b10c08235ef,0039,2020-01-23 20:57:43,2020-01-24 04:01:52,2020-01-23 22:56:54,6.469,2_39_128_562_2020-01-23 20:57:42.986128,0002,CA-508,2-39-128-562,America/Los_Angeles,000001124,"[{'WhPerMile': 400, 'kWhRequested': 8.0, 'milesRequested': 20, 'minutesAvailable': 60, 'modifiedAt': 'Thu, 23 Jan 2020 20:57:59 GMT', 'paymentRequired': True, 'requestedDeparture': 'Thu, 23 Jan 2020 21:57:43 GMT', 'userID': 1124}]",7.069166666666667,1.986388888888889,20,Thursday,0,15,97.03500000000001
5e3f60b3f9af8b10c08235f0,0039,2020-01-23 21:17:59,2020-01-23 22:30:50,2020-01-23 22:20:10,0.752,2_39_139_28_2020-01-23 21:17:59.157744,0002,CA-303,2-39-139-28,America/Los_Angeles,,,1.2141666666666666,1.0363888888888888,21,Thursday,0,15,11.28
5e3f60b3f9af8b10c08235f1,0039,2020-01-23 23:16:12,2020-01-24 01:03:07,2020-01-24 00:06:34,0.928,2_39_89_25_2020-01-23 23:16:11.556172,0002,CA-315,2-39-89-25,America/Los_Angeles,,,1.7819444444444446,0.8394444444444444,23,Thursday,0,15,13.92
5e3f60b3f9af8b10c08235f2,0039,2020-01-23 23:47:19,2020-01-24 01:16:15,2020-01-24 01:16:10,10.047,2_39_88_24_2020-01-23 23:47:19.095459,0002,CA-314,2-39-88-24,America/Los_Angeles,000000710,"[{'WhPerMile': 261, 'kWhRequested': 41.76, 'milesRequested': 160, 'minutesAvailable': 458, 'modifiedAt': 'Thu, 23 Jan 2020 23:47:23 GMT', 'paymentRequired': True, 'requestedDeparture': 'Fri, 24 Jan 2020 07:25:19 GMT', 'userID': 710}]",1.4822222222222223,1.4808333333333332,23,Thursday,0,15,150.705
5e3f60b3f9af8b10c08235f3,0039,2020-01-24 00:01:32,2020-01-24 04:14:33,2020-01-24 02:27:24,1.946,2_39_78_364_2020-01-24 00:01:31.738586,0002,CA-495,2-39-78-364,America/Los_Angeles,000001920,"[{'WhPerMile': 450, 'kWhRequested': 13.5, 'milesRequested': 30, 'minutesAvailable': 123, 'modifiedAt': 'Fri, 24 Jan 2020 00:01:46 GMT', 'paymentRequired': True, 'requestedDeparture': 'Fri, 24 Jan 2020 02:04:32 GMT', 'userID': 1920}]",4.216944444444445,2.431111111111111,0,Friday,0,15,29.189999999999998
5e3f60b3f9af8b10c08235f4,0039,2020-01-24 01:41:50,2020-01-24 03:06:57,2020-01-24 02:24:34,3.87,2_39_126_20_2020-01-24 01:41:35.884179,0002,CA-310,2-39-126-20,America/Los_Angeles,000003123,"[{'WhPerMile': 400, 'kWhRequested': 4.0, 'milesRequested': 10, 'minutesAvailable': 154, 'modifiedAt': 'Fri, 24 Jan 2020 01:41:49 GMT', 'paymentRequired': True, 'requestedDeparture': 'Fri, 24 Jan 2020 04:15:50 GMT', 'userID': 3123}]",1.418611111111111,0.7122222222222222,1,Friday,0,15,58.050000000000004
5e3f60b3f9af8b10c08235f5,0039,2020-01-24 02:16:45,2020-01-24 06:06:05,2020-01-24 06:06:01,13.588,2_39_89_25_2020-01-24 02:16:44.871497,0002,CA-315,2-39-89-25,America/Los_Angeles,000001108,"[{'WhPerMile': 400, 'kWhRequested': 20.0, 'milesRequested': 50, 'minutesAvailable': 254, 'modifiedAt': 'Fri, 24 Jan 2020 02:16:46 GMT', 'paymentRequired': True, 'requestedDeparture': 'Fri, 24 Jan 2020 06:30:45 GMT', 'userID': 1108}]",3.8222222222222224,3.821111111111111,2,Friday,0,15,203.82
5e3f60b3f9af8b10c08235f6,0039,2020-01-24 02:18:50,2020-01-24 02:40:42,2020-01-24 02:40:39,0.628,2_39_78_365_2020-01-24 02:18:49.689971,0002,CA-321,2-39-78-365,America/Los_Angeles,,,0.36444444444444446,0.3636111111111111,2,Friday,0,15,9.42
5e3f60b3f9af8b10c08235f7,0039,2020-01-24 03:14:58,2020-01-24 05:24:56,2020-01-24 04:27:43,3.578,2_39_131_30_2020-01-24 03:14:57.712125,0002,CA-305,2-39-131-30,America/Los_Angeles,000003818,"[{'WhPerMile': 400, 'kWhRequested': 8.0, 'milesRequested': 20, 'minutesAvailable': 60, 'modifiedAt': 'Fri, 24 Jan 2020 03:15:09 GMT', 'paymentRequired': True, 'requestedDeparture': 'Fri, 24 Jan 2020 04:14:58 GMT', 'userID': 3818}]",2.1661111111111113,1.2125,3,Friday,0,15,53.669999999999995
5e3f60b3f9af8b10c08235f8,0039,2020-01-24 03:41:13,2020-01-24 05:08:30,2020-01-24 04:33:41,2.826,2_39_139_28_2020-01-24 03:41:12.781185,0002,CA-303,2-39-139-28,America/Los_Angeles,000000315,"[{'WhPerMile': 600, 'kWhRequested': 18.0, 'milesRequested': 30, 'minutesAvailable': 199, 'modifiedAt': 'Fri, 24 Jan 2020 03:41:32 GMT', 'paymentRequired': True, 'requestedDeparture': 'Fri, 24 Jan 2020 07:00:13 GMT', 'userID': 315}]",1.4547222222222222,0.8744444444444445,3,Friday,0,15,42.39
5e3f60b3f9af8b10c08235f9,0039,2020-01-24 04:31:59,2020-01-24 05:46:08,2020-01-24 05:46:03,8.499,2_39_138_29_2020-01-24 04:31:58.627508,0002,CA-304,2-39-138-29,America/Los_Angeles,000001263,"[{'WhPerMile': 400, 'kWhRequested': 12.0, 'milesRequested': 30, 'minutesAvailable': 115, 'modifiedAt': 'Fri, 24 Jan 2020 04:32:27 GMT', 'paymentRequired': True, 'requestedDeparture': 'Fri, 24 Jan 2020 06:26:59 GMT', 'userID': 1263}]",1.2358333333333333,1.2344444444444445,4,Friday,0,15,127.48500000000001
5e42039cf9af8b18da1b5afa,0039,2020-01-25 16:36:03,2020-01-25 20:20:45,2020-01-25 20:20:40,13.199,2_39_91_437_2020-01-25 16:36:03.069820,0002,CA-317,2-39-91-437,America/Los_Angeles,000001108,"[{'WhPerMile': 400, 'kWhRequested': 20.0, 'milesRequested': 50, 'minutesAvailable': 254, 'modifiedAt': 'Sat, 25 Jan 2020 16:36:04 GMT', 'paymentRequired': True, 'requestedDeparture': 'Sat, 25 Jan 2020 20:50:03 GMT', 'userID': 1108}]",3.745,3.743611111111111,16,Saturday,1,15,197.98499999999999
5e42039cf9af8b18da1b5afd,0039,2020-01-25 19:44:08,2020-01-25 20:07:24,2020-01-25 20:07:19,0.716,2_39_131_30_2020-01-25 19:44:08.471149,0002,CA-305,2-39-131-30,America/Los_Angeles,,,0.3877777777777778,0.3863888888888889,19,Saturday,1,15,10.74
5e42039cf9af8b18da1b5afe,0039,2020-01-25 23:52:25,2020-01-26 01:11:35,2020-01-26 00:22:49,0.837,2_39_127_19_2020-01-25 23:52:25.340492,0002,CA-309,2-39-127-19,America/Los_Angeles,,,1.3194444444444444,0.5066666666666667,23,Saturday,1,15,12.555
5e42039cf9af8b18da1b5aff,0039,2020-01-26 00:54:52,2020-01-26 02:23:36,2020-01-26 01:38:48,2.064,2_39_125_21_2020-01-26 00:54:51.738909,0002,CA-311,2-39-125-21,America/Los_Angeles,000001920,"[{'WhPerMile': 450, 'kWhRequested': 13.5, 'milesRequested': 30, 'minutesAvailable': 151, 'modifiedAt': 'Sun, 26 Jan 2020 00:55:21 GMT', 'paymentRequired': True, 'requestedDeparture': 'Sun, 26 Jan 2020 03:25:52 GMT', 'userID': 1920}, {'WhPerMile': 450, 'kWhRequested': 13.5, 'milesRequested': 30, 'minutesAvailable': 145, 'modifiedAt': 'Sun, 26 Jan 2020 00:55:31 GMT', 'paymentRequired': True, 'requestedDeparture': 'Sun, 26 Jan 2020 03:19:52 GMT', 'userID': 1920}, {'WhPerMile': 450, 'kWhRequested': 13.5, 'milesRequested': 30, 'minutesAvailable': 145, 'modifiedAt': 'Sun, 26 Jan 2020 00:55:37 GMT', 'paymentRequired': True, 'requestedDeparture': 'Sun, 26 Jan 2020 03:19:52 GMT', 'userID': 1920}]",1.478888888888889,0.7322222222222222,0,Sunday,1,15,30.96
5e42039cf9af8b18da1b5b00,0039,2020-01-26 02:59:57,2020-01-26 04:00:14,2020-01-26 04:00:10,3.532,2_39_139_28_2020-01-26 02:59:56.692879,0002,CA-303,2-39-139-28,America/Los_Angeles,000000315,"[{'WhPerMile': 600, 'kWhRequested': 18.0, 'milesRequested': 30, 'minutesAvailable': 199, 'modifiedAt': 'Sun, 26 Jan 2020 03:00:16 GMT', 'paymentRequired': True, 'requestedDeparture': 'Sun, 26 Jan 2020 06:18:57 GMT', 'userID': 315}]",1.0047222222222223,1.003611111111111,2,Sunday,1,15,52.980000000000004
5e43551cf9af8b1cc37614a9,0039,2020-01-26 17:11:38,2020-01-27 01:03:52,2020-01-26 22:27:20,34.89,2_39_79_377_2020-01-26 17:11:38.352273,0002,CA-325,2-39-79-377,America/Los_Angeles,000000248,"[{'WhPerMile': 250, 'kWhRequested': 35.0, 'milesRequested': 140, 'minutesAvailable': 410, 'modifiedAt': 'Sun, 26 Jan 2020 17:12:12 GMT', 'paymentRequired': True, 'requestedDeparture': 'Mon, 27 Jan 2020 00:01:38 GMT', 'userID': 248}]",7.870555555555556,5.261666666666667,17,Sunday,1,15,523.35
5e43551cf9af8b1cc37614aa,0039,2020-01-26 17:37:04,2020-01-26 18:59:10,2020-01-26 18:59:06,4.387,2_39_139_28_2020-01-26 17:37:04.262165,0002,CA-303,2-39-139-28,America/Los_Angeles,000001236,"[{'WhPerMile': 400, 'kWhRequested': 8.0, 'milesRequested': 20, 'minutesAvailable': 60, 'modifiedAt': 'Sun, 26 Jan 2020 17:40:52 GMT', 'paymentRequired': True, 'requestedDeparture': 'Sun, 26 Jan 2020 18:37:04 GMT', 'userID': 1236}]",1.3683333333333334,1.3672222222222221,17,Sunday,1,15,65.80499999999999
5e43551cf9af8b1cc37614ab,0039,2020-01-26 20:48:42,2020-01-26 22:17:38,2020-01-26 21:19:26,0.829,2_39_131_30_2020-01-26 20:48:42.379894,0002,CA-305,2-39-131-30,America/Los_Angeles,,,1.4822222222222223,0.5122222222222222,20,Sunday,1,15,12.434999999999999
5e43551cf9af8b1cc37614ac,0039,2020-01-26 21:40:24,2020-01-26 23:42:14,2020-01-26 23:29:49,5.494,2_39_128_18_2020-01-26 21:40:24.091561,0002,CA-308,2-39-128-18,America/Los_Angeles,000004622,"[{'WhPerMile': 300, 'kWhRequested': 6.0, 'milesRequested': 20, 'minutesAvailable': 129, 'modifiedAt': 'Sun, 26 Jan 2020 21:40:41 GMT', 'paymentRequired': True, 'requestedDeparture': 'Sun, 26 Jan 2020 23:49:24 GMT', 'userID': 4622}]",2.0305555555555554,1.823611111111111,21,Sunday,1,15,82.41
5e43551cf9af8b1cc37614ad,0039,2020-01-27 01:01:39,2020-01-27 05:26:59,2020-01-27 05:26:55,27.419,2_39_91_437_2020-01-27 01:01:39.151278,0002,CA-317,2-39-91-437,America/Los_Angeles,000000292,"[{'WhPerMile': 200, 'kWhRequested': 60.0, 'milesRequested': 300, 'minutesAvailable': 644, 'modifiedAt': 'Mon, 27 Jan 2020 01:02:24 GMT', 'paymentRequired': True, 'requestedDeparture': 'Mon, 27 Jan 2020 11:45:39 GMT', 'userID': 292}]",4.4222222222222225,4.421111111111111,1,Monday,0,15,411.285
5e43551cf9af8b1cc37614ae,0039,2020-01-27 01:57:42,2020-01-27 04:22:40,2020-01-27 02:57:39,0.866,2_39_130_31_2020-01-27 01:57:42.422917,0002,CA-306,2-39-130-31,America/Los_Angeles,,,2.4161111111111113,0.9991666666666666,1,Monday,0,15,12.99
5e44a6aef9af8b20e525034b,0039,2020-01-27 14:49:30,2020-01-28 22:14:23,2020-01-27 20:42:10,15.137,2_39_78_367_2020-01-27 14:49:30.200031,0002,CA-494,2-39-78-367,America/Los_Angeles,000004913,"[{'WhPerMile': 400, 'kWhRequested': 20.0, 'milesRequested': 50, 'minutesAvailable': 720, 'modifiedAt': 'Mon, 27 Jan 2020 14:50:25 GMT', 'paymentRequired': True, 'requestedDeparture': 'Tue, 28 Jan 2020 02:49:30 GMT', 'userID': 4913}]",31.414722222222224,5.877777777777778,14,Monday,0,15,227.055
5e44a6aef9af8b20e525034c,0039,2020-01-27 15:54:26,2020-01-27 16:25:22,2020-01-27 16:24:58,0.878,2_39_79_382_2020-01-27 15:54:25.943707,0002,CA-491,2-39-79-382,America/Los_Angeles,,,0.5155555555555555,0.5088888888888888,15,Monday,0,15,13.17
5e44a6aef9af8b20e525034d,0039,2020-01-27 15:56:07,2020-01-28 02:23:48,2020-01-27 21:42:57,29.363,2_39_139_28_2020-01-27 15:56:06.764738,0002,CA-303,2-39-139-28,America/Los_Angeles,000000710,"[{'WhPerMile': 400, 'kWhRequested': 56.0, 'milesRequested': 140, 'minutesAvailable': 273, 'modifiedAt': 'Mon, 27 Jan 2020 16:32:12 GMT', 'paymentRequired': True, 'requestedDeparture': 'Mon, 27 Jan 2020 20:29:07 GMT', 'userID': 710}]",10.461388888888889,5.780555555555556,15,Monday,0,15,440.445
5e44a6aef9af8b20e525034e,0039,2020-01-27 16:09:07,2020-01-28 01:48:40,2020-01-27 20:20:23,14.528,2_39_131_30_2020-01-27 16:09:06.638144,0002,CA-305,2-39-131-30,America/Los_Angeles,000004947,"[{'WhPerMile': 380, 'kWhRequested': 19.0, 'milesRequested': 50, 'minutesAvailable': 462, 'modifiedAt': 'Mon, 27 Jan 2020 16:09:34 GMT', 'paymentRequired': True, 'requestedDeparture': 'Mon, 27 Jan 2020 23:51:07 GMT', 'userID': 4947}]",9.659166666666666,4.187777777777778,16,Monday,0,15,217.92000000000002
5e44a6aef9af8b20e525034f,0039,2020-01-27 16:10:36,2020-01-28 04:51:08,2020-01-27 18:58:59,6.391,2_39_79_377_2020-01-27 16:10:12.051840,0002,CA-325,2-39-79-377,America/Los_Angeles,000005594,"[{'WhPerMile': 360, 'kWhRequested': 9.0, 'milesRequested': 25, 'minutesAvailable': 210, 'modifiedAt': 'Mon, 27 Jan 2020 16:10:36 GMT', 'paymentRequired': True, 'requestedDeparture': 'Mon, 27 Jan 2020 19:40:36 GMT', 'userID': 5594}, {'WhPerMile': 360, 'kWhRequested': 9.0, 'milesRequested': 25, 'minutesAvailable': 245, 'modifiedAt': 'Mon, 27 Jan 2020 16:45:26 GMT', 'paymentRequired': True, 'requestedDeparture': 'Mon, 27 Jan 2020 20:15:36 GMT', 'userID': 5594}, {'WhPerMile': 360, 'kWhRequested': 9.0, 'milesRequested': 25, 'minutesAvailable': 357, 'modifiedAt': 'Mon, 27 Jan 2020 18:38:15 GMT', 'paymentRequired': True, 'requestedDeparture': 'Mon, 27 Jan 2020 22:07:36 GMT', 'userID': 5594}, {'WhPerMile': 360, 'kWhRequested': 9.0, 'milesRequested': 25, 'minutesAvailable': 394, 'modifiedAt': 'Mon, 27 Jan 2020 19:14:31 GMT', 'paymentRequired': True, 'requestedDeparture': 'Mon, 27 Jan 2020 22:44:36 GMT', 'userID': 5594}, {'WhPerMile': 360, 'kWhRequested': 9.0, 'milesRequested': 25, 'minutesAvailable': 465, 'modifiedAt': 'Mon, 27 Jan 2020 20:25:46 GMT', 'paymentRequired': True, 'requestedDeparture': 'Mon, 27 Jan 2020 23:55:36 GMT', 'userID': 5594}, {'WhPerMile': 360, 'kWhRequested': 9.0, 'milesRequested': 25, 'minutesAvailable': 465, 'modifiedAt': 'Mon, 27 Jan 2020 20:26:39 GMT', 'paymentRequired': True, 'requestedDeparture': 'Mon, 27 Jan 2020 23:55:36 GMT', 'userID': 5594}]",12.675555555555556,2.806388888888889,16,Monday,0,15,95.865
5e44a6aef9af8b20e5250350,0039,2020-01-27 16:22:44,2020-01-28 01:33:11,2020-01-27 17:50:31,7.725,2_39_79_383_2020-01-27 16:22:43.525977,0002,CA-492,2-39-79-383,America/Los_Angeles,000001470,"[{'WhPerMile': 292, 'kWhRequested': 29.2, 'milesRequested': 100, 'minutesAvailable': 424, 'modifiedAt': 'Mon, 27 Jan 2020 16:22:58 GMT', 'paymentRequired': True, 'requestedDeparture': 'Mon, 27 Jan 2020 23:26:44 GMT', 'userID': 1470}, {'WhPerMile': 292, 'kWhRequested': 29.2, 'milesRequested': 100, 'minutesAvailable': 314, 'modifiedAt': 'Mon, 27 Jan 2020 20:37:39 GMT', 'paymentRequired': True, 'requestedDeparture': 'Mon, 27 Jan 2020 21:36:44 GMT', 'userID': 1470}]",9.174166666666666,1.4630555555555556,16,Monday,0,15,115.875
5e44a6aef9af8b20e5250351,0039,2020-01-27 16:30:06,2020-01-27 22:26:53,2020-01-27 21:28:17,12.735,2_39_78_366_2020-01-27 16:30:06.487680,0002,CA-323,2-39-78-366,America/Los_Angeles,000000068,"[{'WhPerMile': 214, 'kWhRequested': 12.84, 'milesRequested': 60, 'minutesAvailable': 263, 'modifiedAt': 'Mon, 27 Jan 2020 16:30:22 GMT', 'paymentRequired': True, 'requestedDeparture': 'Mon, 27 Jan 2020 20:53:06 GMT', 'userID': 68}, {'WhPerMile': 214, 'kWhRequested': 12.84, 'milesRequested': 60, 'minutesAvailable': 263, 'modifiedAt': 'Mon, 27 Jan 2020 22:26:42 GMT', 'paymentRequired': True, 'requestedDeparture': 'Mon, 27 Jan 2020 20:53:06 GMT', 'userID': 68}]",5.9463888888888885,4.969722222222222,16,Monday,0,15,191.02499999999998
5e44a6aef9af8b20e5250352,0039,2020-01-27 16:30:26,2020-01-27 19:54:30,2020-01-27 19:54:17,12.848,2_39_79_380_2020-01-27 16:30:25.599299,0002,CA-489,2-39-79-380,America/Los_Angeles,000003449,"[{'WhPerMile': 276, 'kWhRequested': 38.64, 'milesRequested': 140, 'minutesAvailable': 463, 'modifiedAt': 'Mon, 27 Jan 2020 17:48:17 GMT', 'paymentRequired': True, 'requestedDeparture': 'Tue, 28 Jan 2020 00:13:26 GMT', 'userID': 3449}]",3.401111111111111,3.3975,16,Monday,0,15,192.72
5e44a6aef9af8b20e5250353,0039,2020-01-27 16:31:43,2020-01-28 01:15:57,2020-01-27 16:53:14,1.314,2_39_79_378_2020-01-27 16:31:42.682560,0002,CA-326,2-39-79-378,America/Los_Angeles,000000751,"[{'WhPerMile': 400, 'kWhRequested': 40.0, 'milesRequested': 100, 'minutesAvailable': 717, 'modifiedAt': 'Mon, 27 Jan 2020 16:31:53 GMT', 'paymentRequired': True, 'requestedDeparture': 'Tue, 28 Jan 2020 04:28:43 GMT', 'userID': 751}]",8.737222222222222,0.3586111111111111,16,Monday,0,15,19.71
5e44a6aef9af8b20e5250354,0039,2020-01-27 16:37:05,2020-01-28 02:11:34,2020-01-28 01:13:26,9.964,2_39_126_560_2020-01-27 16:37:04.852939,0002,CA-506,2-39-126-560,America/Los_Angeles,000001534,"[{'WhPerMile': 250, 'kWhRequested': 10.0, 'milesRequested': 40, 'minutesAvailable': 404, 'modifiedAt': 'Mon, 27 Jan 2020 16:37:48 GMT', 'paymentRequired': True, 'requestedDeparture': 'Mon, 27 Jan 2020 23:21:05 GMT', 'userID': 1534}]",9.574722222222222,8.605833333333333,16,Monday,0,15,149.46
5e44a6aef9af8b20e5250355,0039,2020-01-27 16:37:46,2020-01-28 01:25:06,2020-01-27 19:27:36,13.158,2_39_88_24_2020-01-27 16:37:45.715489,0002,CA-314,2-39-88-24,America/Los_Angeles,000001153,"[{'WhPerMile': 600, 'kWhRequested': 18.0, 'milesRequested': 30, 'minutesAvailable': 434, 'modifiedAt': 'Mon, 27 Jan 2020 16:39:33 GMT', 'paymentRequired': True, 'requestedDeparture': 'Mon, 27 Jan 2020 23:51:46 GMT', 'userID': 1153}]",8.78888888888889,2.8305555555555557,16,Monday,0,15,197.37
5e44a6aef9af8b20e5250356,0039,2020-01-27 16:38:53,2020-01-28 01:40:59,2020-01-27 23:51:09,6.301,2_39_79_376_2020-01-27 16:38:52.668164,0002,CA-324,2-39-79-376,America/Los_Angeles,000005368,"[{'WhPerMile': 400, 'kWhRequested': 8.0, 'milesRequested': 20, 'minutesAvailable': 60, 'modifiedAt': 'Tue, 28 Jan 2020 00:16:07 GMT', 'paymentRequired': True, 'requestedDeparture': 'Mon, 27 Jan 2020 17:38:53 GMT', 'userID': 5368}, {'WhPerMile': 400, 'kWhRequested': 8.0, 'milesRequested': 20, 'minutesAvailable': 60, 'modifiedAt': 'Tue, 28 Jan 2020 00:16:40 GMT', 'paymentRequired': True, 'requestedDeparture': 'Mon, 27 Jan 2020 17:38:53 GMT', 'userID': 5368}]",9.035,7.204444444444444,16,Monday,0,15,94.515
5e44a6aef9af8b20e5250357,0039,2020-01-27 16:40:05,2020-01-28 02:07:56,2020-01-27 21:06:44,15.267,2_39_127_19_2020-01-27 16:40:04.636232,0002,CA-309,2-39-127-19,America/Los_Angeles,000000712,"[{'WhPerMile': 400, 'kWhRequested': 24.0, 'milesRequested': 60, 'minutesAvailable': 349, 'modifiedAt': 'Mon, 27 Jan 2020 16:40:10 GMT', 'paymentRequired': True, 'requestedDeparture': 'Mon, 27 Jan 2020 22:29:05 GMT', 'userID': 712}]",9.464166666666667,4.444166666666667,16,Monday,0,15,229.005
5e44a6aef9af8b20e5250358,0039,2020-01-27 16:45:18,2020-01-27 22:33:15,2020-01-27 21:57:56,37.6,2_39_89_439_2020-01-27 16:45:17.888023,0002,CA-501,2-39-89-439,America/Los_Angeles,000000273,"[{'WhPerMile': 400, 'kWhRequested': 40.0, 'milesRequested': 100, 'minutesAvailable': 460, 'modifiedAt': 'Mon, 27 Jan 2020 16:48:23 GMT', 'paymentRequired': True, 'requestedDeparture': 'Tue, 28 Jan 2020 00:25:18 GMT', 'userID': 273}, {'WhPerMile': 400, 'kWhRequested': 40.0, 'milesRequested': 100, 'minutesAvailable': 460, 'modifiedAt': 'Mon, 27 Jan 2020 22:33:04 GMT', 'paymentRequired': True, 'requestedDeparture': 'Tue, 28 Jan 2020 00:25:18 GMT', 'userID': 273}]",5.799166666666666,5.210555555555556,16,Monday,0,15,564.0
5e44a6aef9af8b20e5250359,0039,2020-01-27 16:58:56,2020-01-28 00:46:53,2020-01-27 20:20:26,19.15,2_39_79_382_2020-01-27 16:58:55.786901,0002,CA-491,2-39-79-382,America/Los_Angeles,000001104,"[{'WhPerMile': 250, 'kWhRequested': 37.5, 'milesRequested': 150, 'minutesAvailable': 436, 'modifiedAt': 'Mon, 27 Jan 2020 16:59:53 GMT', 'paymentRequired': True, 'requestedDeparture': 'Tue, 28 Jan 2020 00:14:56 GMT', 'userID': 1104}]",7.799166666666666,3.3583333333333334,16,Monday,0,15,287.25
5e44a6aef9af8b20e525035a,0039,2020-01-27 17:01:02,2020-01-28 00:29:55,2020-01-27 21:06:44,8.604,2_39_78_361_2020-01-27 17:01:01.929572,0002,CA-493,2-39-78-361,America/Los_Angeles,000001137,"[{'WhPerMile': 400, 'kWhRequested': 24.0, 'milesRequested': 60, 'minutesAvailable': 421, 'modifiedAt': 'Mon, 27 Jan 2020 17:01:31 GMT', 'paymentRequired': True, 'requestedDeparture': 'Tue, 28 Jan 2020 00:02:02 GMT', 'userID': 1137}]",7.481388888888889,4.095,17,Monday,0,15,129.06
5e44a6aef9af8b20e525035b,0039,2020-01-27 17:06:46,2020-01-28 02:37:39,2020-01-27 18:35:14,4.544,2_39_125_21_2020-01-27 17:06:46.315720,0002,CA-311,2-39-125-21,America/Los_Angeles,000000567,"[{'WhPerMile': 400, 'kWhRequested': 8.0, 'milesRequested': 20, 'minutesAvailable': 100, 'modifiedAt': 'Mon, 27 Jan 2020 17:06:56 GMT', 'paymentRequired': True, 'requestedDeparture': 'Mon, 27 Jan 2020 18:46:46 GMT', 'userID': 567}, {'WhPerMile': 400, 'kWhRequested': 8.0, 'milesRequested': 20, 'minutesAvailable': 100, 'modifiedAt': 'Mon, 27 Jan 2020 17:07:01 GMT', 'paymentRequired': True, 'requestedDeparture': 'Mon, 27 Jan 2020 18:46:46 GMT', 'userID': 567}, {'WhPerMile': 400, 'kWhRequested': 8.0, 'milesRequested': 20, 'minutesAvailable': 411, 'modifiedAt': 'Mon, 27 Jan 2020 17:23:21 GMT', 'paymentRequired': True, 'requestedDeparture': 'Mon, 27 Jan 2020 23:57:46 GMT', 'userID': 567}]",9.514722222222222,1.4744444444444444,17,Monday,0,15,68.16
5e44a6aef9af8b20e525035c,0039,2020-01-27 17:07:15,2020-01-28 00:23:33,2020-01-28 00:23:29,40.82,2_39_78_363_2020-01-27 17:07:14.979655,0002,CA-320,2-39-78-363,America/Los_Angeles,000000564,"[{'WhPerMile': 231, 'kWhRequested': 46.2, 'milesRequested': 200, 'minutesAvailable': 549, 'modifiedAt': 'Mon, 27 Jan 2020 17:07:44 GMT', 'paymentRequired': True, 'requestedDeparture': 'Tue, 28 Jan 2020 02:16:15 GMT', 'userID': 564}, {'WhPerMile': 231, 'kWhRequested': 46.2, 'milesRequested': 200, 'minutesAvailable': 584, 'modifiedAt': 'Mon, 27 Jan 2020 19:26:25 GMT', 'paymentRequired': True, 'requestedDeparture': 'Tue, 28 Jan 2020 02:51:15 GMT', 'userID': 564}]",7.2716666666666665,7.270555555555555,17,Monday,0,15,612.3
5e44a6aef9af8b20e525035d,0039,2020-01-27 17:34:55,2020-01-27 20:32:45,2020-01-27 19:34:59,4.866,2_39_126_20_2020-01-27 17:34:54.818166,0002,CA-310,2-39-126-20,America/Los_Angeles,000000562,"[{'WhPerMile': 325, 'kWhRequested': 6.5, 'milesRequested': 20, 'minutesAvailable': 160, 'modifiedAt': 'Mon, 27 Jan 2020 17:35:19 GMT', 'paymentRequired': True, 'requestedDeparture': 'Mon, 27 Jan 2020 20:14:55 GMT', 'userID': 562}, {'WhPerMile': 325, 'kWhRequested': 6.5, 'milesRequested': 20, 'minutesAvailable': 160, 'modifiedAt': 'Mon, 27 Jan 2020 20:32:34 GMT', 'paymentRequired': True, 'requestedDeparture': 'Mon, 27 Jan 2020 20:14:55 GMT', 'userID': 562}]",2.963888888888889,2.0011111111111113,17,Monday,0,15,72.99
5e44a6aef9af8b20e525035e,0039,2020-01-27 17:46:09,2020-01-28 02:13:40,2020-01-28 01:28:41,1.077,2_39_78_365_2020-01-27 17:46:09.443503,0002,CA-321,2-39-78-365,America/Los_Angeles,,,8.45861111111111,7.708888888888889,17,Monday,0,15,16.155
5e44a6aef9af8b20e525035f,0039,2020-01-27 17:53:10,2020-01-28 06:22:54,2020-01-27 18:46:29,1.6860005555555557,2_39_91_437_2020-01-27 17:53:09.598312,0002,CA-317,2-39-91-437,America/Los_Angeles,000000324,"[{'WhPerMile': 444, 'kWhRequested': 8.88, 'milesRequested': 20, 'minutesAvailable': 44, 'modifiedAt': 'Mon, 27 Jan 2020 17:53:33 GMT', 'paymentRequired': True, 'requestedDeparture': 'Mon, 27 Jan 2020 18:37:10 GMT', 'userID': 324}, {'WhPerMile': 444, 'kWhRequested': 8.88, 'milesRequested': 20, 'minutesAvailable': 44, 'modifiedAt': 'Tue, 28 Jan 2020 06:22:53 GMT', 'paymentRequired': True, 'requestedDeparture': 'Mon, 27 Jan 2020 18:37:10 GMT', 'userID': 324}]",12.495555555555555,0.8886111111111111,17,Monday,0,15,25.290008333333336
5e44a6aef9af8b20e5250360,0039,2020-01-27 18:03:11,2020-01-28 03:14:33,2020-01-27 20:57:32,13.071,2_39_78_364_2020-01-27 18:03:10.700769,0002,CA-495,2-39-78-364,America/Los_Angeles,000000558,"[{'WhPerMile': 400, 'kWhRequested': 28.0, 'milesRequested': 70, 'minutesAvailable': 60, 'modifiedAt': 'Mon, 27 Jan 2020 18:03:13 GMT', 'paymentRequired': True, 'requestedDeparture': 'Mon, 27 Jan 2020 19:03:11 GMT', 'userID': 558}]",9.189444444444444,2.9058333333333333,18,Monday,0,15,196.065
5e44a6aef9af8b20e5250361,0039,2020-01-27 18:32:34,2020-01-28 02:24:42,2020-01-27 20:42:11,6.026,2_39_92_442_2020-01-27 18:32:34.467122,0002,CA-498,2-39-92-442,America/Los_Angeles,000001222,"[{'WhPerMile': 400, 'kWhRequested': 8.0, 'milesRequested': 20, 'minutesAvailable': 72, 'modifiedAt': 'Mon, 27 Jan 2020 18:32:53 GMT', 'paymentRequired': True, 'requestedDeparture': 'Mon, 27 Jan 2020 19:44:34 GMT', 'userID': 1222}]",7.868888888888889,2.160277777777778,18,Monday,0,15,90.39
5e44a6aef9af8b20e5250362,0039,2020-01-27 18:38:33,2020-01-28 00:52:28,2020-01-27 19:27:29,2.108,2_39_90_440_2020-01-27 18:38:33.331232,0002,CA-500,2-39-90-440,America/Los_Angeles,000003447,"[{'WhPerMile': 375, 'kWhRequested': 15.0, 'milesRequested': 40, 'minutesAvailable': 219, 'modifiedAt': 'Mon, 27 Jan 2020 18:39:15 GMT', 'paymentRequired': True, 'requestedDeparture': 'Mon, 27 Jan 2020 22:17:33 GMT', 'userID': 3447}]",6.231944444444444,0.8155555555555556,18,Monday,0,15,31.62
5e44a6aef9af8b20e5250363,0039,2020-01-27 18:39:27,2020-01-28 01:51:41,2020-01-27 19:40:16,2.928,2_39_89_25_2020-01-27 18:39:26.995604,0002,CA-315,2-39-89-25,America/Los_Angeles,000002170,"[{'WhPerMile': 400, 'kWhRequested': 28.0, 'milesRequested': 70, 'minutesAvailable': 426, 'modifiedAt': 'Mon, 27 Jan 2020 18:39:34 GMT', 'paymentRequired': True, 'requestedDeparture': 'Tue, 28 Jan 2020 01:45:27 GMT', 'userID': 2170}]",7.203888888888889,1.013611111111111,18,Monday,0,15,43.92
5e44a6aef9af8b20e5250364,0039,2020-01-27 18:39:53,2020-01-27 19:43:32,2020-01-27 19:40:34,4.125,2_39_124_22_2020-01-27 18:39:53.082643,0002,CA-312,2-39-124-22,America/Los_Angeles,000000668,"[{'WhPerMile': 425, 'kWhRequested': 4.25, 'milesRequested': 10, 'minutesAvailable': 61, 'modifiedAt': 'Mon, 27 Jan 2020 18:40:14 GMT', 'paymentRequired': True, 'requestedDeparture': 'Mon, 27 Jan 2020 19:40:53 GMT', 'userID': 668}]",1.0608333333333333,1.011388888888889,18,Monday,0,15,61.875
5e44a6aef9af8b20e5250365,0039,2020-01-27 18:54:45,2020-01-28 03:01:58,2020-01-28 01:57:39,43.915,2_39_91_441_2020-01-27 18:54:35.894682,0002,CA-499,2-39-91-441,America/Los_Angeles,000002743,"[{'WhPerMile': 240, 'kWhRequested': 60.0, 'milesRequested': 250, 'minutesAvailable': 576, 'modifiedAt': 'Mon, 27 Jan 2020 18:54:45 GMT', 'paymentRequired': True, 'requestedDeparture': 'Tue, 28 Jan 2020 04:30:45 GMT', 'userID': 2743}]",8.120277777777778,7.048333333333333,18,Monday,0,15,658.725
5e44a6aef9af8b20e5250366,0039,2020-01-27 19:22:27,2020-01-28 02:03:01,2020-01-27 20:40:12,8.199,2_39_123_23_2020-01-27 19:22:26.528040,0002,CA-313,2-39-123-23,America/Los_Angeles,000000714,"[{'WhPerMile': 400, 'kWhRequested': 24.0, 'milesRequested': 60, 'minutesAvailable': 361, 'modifiedAt': 'Mon, 27 Jan 2020 19:22:46 GMT', 'paymentRequired': True, 'requestedDeparture': 'Tue, 28 Jan 2020 01:23:27 GMT', 'userID': 714}]",6.676111111111111,1.2958333333333334,19,Monday,0,15,122.985
5e44a6aef9af8b20e5250367,0039,2020-01-27 19:47:05,2020-01-28 01:13:31,2020-01-27 23:29:27,0.861,2_39_124_22_2020-01-27 19:47:05.254217,0002,CA-312,2-39-124-22,America/Los_Angeles,,,5.440555555555555,3.706111111111111,19,Monday,0,15,12.915
5e44a6aef9af8b20e5250368,0039,2020-01-27 21:12:39,2020-01-28 01:23:13,2020-01-28 00:47:20,0.929,2_39_126_20_2020-01-27 21:12:38.882213,0002,CA-310,2-39-126-20,America/Los_Angeles,,,4.176111111111111,3.5780555555555558,21,Monday,0,15,13.935
5e44a6aef9af8b20e5250369,0039,2020-01-27 21:34:04,2020-01-28 05:27:52,2020-01-27 21:57:54,1.13,2_39_79_380_2020-01-27 21:34:03.601464,0002,CA-489,2-39-79-380,America/Los_Angeles,000000562,"[{'WhPerMile': 325, 'kWhRequested': 6.5, 'milesRequested': 20, 'minutesAvailable': 256, 'modifiedAt': 'Mon, 27 Jan 2020 21:35:04 GMT', 'paymentRequired': True, 'requestedDeparture': 'Tue, 28 Jan 2020 01:50:04 GMT', 'userID': 562}]",7.8966666666666665,0.3972222222222222,21,Monday,0,15,16.95
5e44a6aef9af8b20e525036a,0039,2020-01-27 21:38:15,2020-01-28 01:29:08,2020-01-28 01:30:08,7.028,2_39_78_362_2020-01-27 21:38:15.457116,0002,CA-496,2-39-78-362,America/Los_Angeles,000001124,"[{'WhPerMile': 400, 'kWhRequested': 8.0, 'milesRequested': 20, 'minutesAvailable': 60, 'modifiedAt': 'Mon, 27 Jan 2020 21:38:52 GMT', 'paymentRequired': True, 'requestedDeparture': 'Mon, 27 Jan 2020 22:38:15 GMT', 'userID': 1124}]",3.8480555555555553,3.8647222222222224,21,Monday,0,15,105.41999999999999
5e44a6aef9af8b20e525036b,0039,2020-01-28 00:48:21,2020-01-28 01:50:21,2020-01-28 01:18:31,0.828,2_39_138_29_2020-01-28 00:48:21.332798,0002,CA-304,2-39-138-29,America/Los_Angeles,,,1.0333333333333334,0.5027777777777778,0,Tuesday,0,15,12.42
5e44a6aef9af8b20e525036c,0039,2020-01-28 05:23:34,2020-01-28 06:23:47,2020-01-28 06:23:43,3.408,2_39_139_28_2020-01-28 05:23:33.521187,0002,CA-303,2-39-139-28,America/Los_Angeles,000000315,"[{'WhPerMile': 600, 'kWhRequested': 18.0, 'milesRequested': 30, 'minutesAvailable': 199, 'modifiedAt': 'Tue, 28 Jan 2020 05:23:53 GMT', 'paymentRequired': True, 'requestedDeparture': 'Tue, 28 Jan 2020 08:42:34 GMT', 'userID': 315}]",1.003611111111111,1.0025,5,Tuesday,0,15,51.12
5e44a6aef9af8b20e525036d,0039,2020-01-28 06:34:10,2020-01-28 16:25:32,2020-01-28 08:32:14,5.973,2_39_139_28_2020-01-28 06:34:09.710920,0002,CA-303,2-39-139-28,America/Los_Angeles,000001366,"[{'WhPerMile': 400, 'kWhRequested': 8.0, 'milesRequested': 20, 'minutesAvailable': 60, 'modifiedAt': 'Tue, 28 Jan 2020 06:34:11 GMT', 'paymentRequired': True, 'requestedDeparture': 'Tue, 28 Jan 2020 07:34:10 GMT', 'userID': 1366}]",9.856111111111112,1.9677777777777778,6,Tuesday,0,15,89.595
5e45f835f9af8b24b31daa48,0039,2020-01-28 16:05:10,2020-01-29 00:14:36,2020-01-28 17:36:27,4.305,2_39_138_29_2020-01-28 16:05:09.626591,0002,CA-304,2-39-138-29,America/Los_Angeles,000001564,"[{'WhPerMile': 300, 'kWhRequested': 15.0, 'milesRequested': 50, 'minutesAvailable': 302, 'modifiedAt': 'Tue, 28 Jan 2020 16:05:26 GMT', 'paymentRequired': True, 'requestedDeparture': 'Tue, 28 Jan 2020 21:07:10 GMT', 'userID': 1564}]",8.157222222222222,1.521388888888889,16,Tuesday,0,15,64.57499999999999
5e45f835f9af8b24b31daa49,0039,2020-01-28 16:14:02,2020-01-28 18:45:19,2020-01-28 18:45:24,16.513,2_39_78_361_2020-01-28 16:14:01.614329,0002,CA-493,2-39-78-361,America/Los_Angeles,000003449,"[{'WhPerMile': 276, 'kWhRequested': 38.64, 'milesRequested': 140, 'minutesAvailable': 463, 'modifiedAt': 'Tue, 28 Jan 2020 16:14:29 GMT', 'paymentRequired': True, 'requestedDeparture': 'Tue, 28 Jan 2020 23:57:02 GMT', 'userID': 3449}]",2.5213888888888887,2.522777777777778,16,Tuesday,0,15,247.69500000000002
5e45f835f9af8b24b31daa4a,0039,2020-01-28 16:21:36,2020-01-29 03:12:25,2020-01-28 23:28:30,45.222,2_39_129_17_2020-01-28 16:21:35.943774,0002,CA-307,2-39-129-17,America/Los_Angeles,000003424,"[{'WhPerMile': 295, 'kWhRequested': 59.0, 'milesRequested': 200, 'minutesAvailable': 609, 'modifiedAt': 'Tue, 28 Jan 2020 16:21:58 GMT', 'paymentRequired': True, 'requestedDeparture': 'Wed, 29 Jan 2020 02:30:36 GMT', 'userID': 3424}]",10.846944444444444,7.115,16,Tuesday,0,15,678.33
5e45f835f9af8b24b31daa4b,0039,2020-01-28 16:32:18,2020-01-29 01:46:49,2020-01-28 16:57:58,0.698,2_39_79_379_2020-01-28 16:32:18.123493,0002,CA-327,2-39-79-379,America/Los_Angeles,,,9.241944444444444,0.42777777777777776,16,Tuesday,0,15,10.469999999999999
5e45f835f9af8b24b31daa4c,0039,2020-01-28 16:35:39,2020-01-29 00:26:18,2020-01-29 00:26:14,12.864,2_39_79_383_2020-01-28 16:35:39.514074,0002,CA-492,2-39-79-383,America/Los_Angeles,000001470,"[{'WhPerMile': 292, 'kWhRequested': 29.2, 'milesRequested': 100, 'minutesAvailable': 314, 'modifiedAt': 'Tue, 28 Jan 2020 16:36:05 GMT', 'paymentRequired': True, 'requestedDeparture': 'Tue, 28 Jan 2020 21:49:39 GMT', 'userID': 1470}, {'WhPerMile': 292, 'kWhRequested': 29.2, 'milesRequested': 100, 'minutesAvailable': 438, 'modifiedAt': 'Tue, 28 Jan 2020 22:54:28 GMT', 'paymentRequired': True, 'requestedDeparture': 'Tue, 28 Jan 2020 23:53:39 GMT', 'userID': 1470}]",7.844166666666666,7.843055555555556,16,Tuesday,0,15,192.96
5e45f835f9af8b24b31daa4d,0039,2020-01-28 16:37:58,2020-01-28 22:41:46,2020-01-28 20:00:22,19.452,2_39_91_437_2020-01-28 16:37:57.729335,0002,CA-317,2-39-91-437,America/Los_Angeles,000000431,"[{'WhPerMile': 300, 'kWhRequested': 24.0, 'milesRequested': 80, 'minutesAvailable': 219, 'modifiedAt': 'Tue, 28 Jan 2020 16:38:23 GMT', 'paymentRequired': True, 'requestedDeparture': 'Tue, 28 Jan 2020 20:16:58 GMT', 'userID': 431}]",6.0633333333333335,3.3733333333333335,16,Tuesday,0,15,291.78000000000003
5e45f835f9af8b24b31daa4e,0039,2020-01-28 16:57:46,2020-01-28 20:39:06,2020-01-28 18:41:59,5.131,2_39_127_19_2020-01-28 16:57:45.580830,0002,CA-309,2-39-127-19,America/Los_Angeles,000000562,"[{'WhPerMile': 325, 'kWhRequested': 6.5, 'milesRequested': 20, 'minutesAvailable': 186, 'modifiedAt': 'Tue, 28 Jan 2020 16:58:06 GMT', 'paymentRequired': True, 'requestedDeparture': 'Tue, 28 Jan 2020 20:03:46 GMT', 'userID': 562}]",3.688888888888889,1.7369444444444444,16,Tuesday,0,15,76.965
5e45f835f9af8b24b31daa4f,0039,2020-01-28 16:58:42,2020-01-29 01:36:57,2020-01-28 20:00:33,6.212,2_39_79_378_2020-01-28 16:58:41.576319,0002,CA-326,2-39-79-378,America/Los_Angeles,000005368,"[{'WhPerMile': 400, 'kWhRequested': 8.0, 'milesRequested': 20, 'minutesAvailable': 60, 'modifiedAt': 'Tue, 28 Jan 2020 17:02:46 GMT', 'paymentRequired': True, 'requestedDeparture': 'Tue, 28 Jan 2020 17:58:42 GMT', 'userID': 5368}]",8.6375,3.0308333333333333,16,Tuesday,0,15,93.17999999999999
5e45f835f9af8b24b31daa50,0039,2020-01-28 17:05:08,2020-01-29 03:17:35,2020-01-28 18:29:19,4.552,2_39_125_21_2020-01-28 17:05:08.180201,0002,CA-311,2-39-125-21,America/Los_Angeles,000000712,"[{'WhPerMile': 400, 'kWhRequested': 12.0, 'milesRequested': 30, 'minutesAvailable': 349, 'modifiedAt': 'Tue, 28 Jan 2020 17:05:14 GMT', 'paymentRequired': True, 'requestedDeparture': 'Tue, 28 Jan 2020 22:54:08 GMT', 'userID': 712}]",10.2075,1.4030555555555555,17,Tuesday,0,15,68.28
5e45f835f9af8b24b31daa51,0039,2020-01-28 17:05:48,2020-01-29 00:23:48,2020-01-28 22:43:49,9.31,2_39_79_376_2020-01-28 17:05:47.743075,0002,CA-324,2-39-79-376,America/Los_Angeles,000001137,"[{'WhPerMile': 400, 'kWhRequested': 24.0, 'milesRequested': 60, 'minutesAvailable': 421, 'modifiedAt': 'Tue, 28 Jan 2020 17:06:08 GMT', 'paymentRequired': True, 'requestedDeparture': 'Wed, 29 Jan 2020 00:06:48 GMT', 'userID': 1137}]",7.3,5.633611111111111,17,Tuesday,0,15,139.65
5e45f835f9af8b24b31daa52,0039,2020-01-28 17:07:39,2020-01-29 00:32:57,2020-01-28 21:45:51,22.223,2_39_79_382_2020-01-28 17:07:39.422347,0002,CA-491,2-39-79-382,America/Los_Angeles,000001104,"[{'WhPerMile': 250, 'kWhRequested': 37.5, 'milesRequested': 150, 'minutesAvailable': 436, 'modifiedAt': 'Tue, 28 Jan 2020 17:08:16 GMT', 'paymentRequired': True, 'requestedDeparture': 'Wed, 29 Jan 2020 00:23:39 GMT', 'userID': 1104}]",7.421666666666667,4.636666666666667,17,Tuesday,0,15,333.34499999999997
5e45f835f9af8b24b31daa53,0039,2020-01-28 17:09:43,2020-01-29 01:18:06,2020-01-28 18:27:25,3.657,2_39_89_25_2020-01-28 17:09:43.481401,0002,CA-315,2-39-89-25,America/Los_Angeles,000000891,"[{'WhPerMile': 400, 'kWhRequested': 8.0, 'milesRequested': 20, 'minutesAvailable': 215, 'modifiedAt': 'Tue, 28 Jan 2020 17:09:45 GMT', 'paymentRequired': True, 'requestedDeparture': 'Tue, 28 Jan 2020 20:44:43 GMT', 'userID': 891}]",8.139722222222222,1.295,17,Tuesday,0,15,54.855000000000004
5e45f835f9af8b24b31daa54,0039,2020-01-28 17:10:49,2020-01-29 02:43:24,2020-01-29 00:25:52,18.379,2_39_78_360_2020-01-28 17:10:49.441588,0002,CA-322,2-39-78-360,America/Los_Angeles,000000564,"[{'WhPerMile': 231, 'kWhRequested': 18.48, 'milesRequested': 80, 'minutesAvailable': 584, 'modifiedAt': 'Tue, 28 Jan 2020 17:11:09 GMT', 'paymentRequired': True, 'requestedDeparture': 'Wed, 29 Jan 2020 02:54:49 GMT', 'userID': 564}, {'WhPerMile': 231, 'kWhRequested': 18.48, 'milesRequested': 80, 'minutesAvailable': 550, 'modifiedAt': 'Tue, 28 Jan 2020 17:26:09 GMT', 'paymentRequired': True, 'requestedDeparture': 'Wed, 29 Jan 2020 02:20:49 GMT', 'userID': 564}]",9.543055555555556,7.2508333333333335,17,Tuesday,0,15,275.685
5e45f835f9af8b24b31daa55,0039,2020-01-28 17:16:28,2020-01-29 02:24:53,2020-01-28 18:29:06,3.768,2_39_123_23_2020-01-28 17:16:28.136291,0002,CA-313,2-39-123-23,America/Los_Angeles,000000567,"[{'WhPerMile': 400, 'kWhRequested': 8.0, 'milesRequested': 20, 'minutesAvailable': 411, 'modifiedAt': 'Tue, 28 Jan 2020 17:16:35 GMT', 'paymentRequired': True, 'requestedDeparture': 'Wed, 29 Jan 2020 00:07:28 GMT', 'userID': 567}, {'WhPerMile': 400, 'kWhRequested': 8.0, 'milesRequested': 20, 'minutesAvailable': 411, 'modifiedAt': 'Tue, 28 Jan 2020 17:16:41 GMT', 'paymentRequired': True, 'requestedDeparture': 'Wed, 29 Jan 2020 00:07:28 GMT', 'userID': 567}]",9.140277777777778,1.2105555555555556,17,Tuesday,0,15,56.519999999999996
5e45f835f9af8b24b31daa56,0039,2020-01-28 17:17:08,2020-01-29 02:10:52,2020-01-28 18:47:56,6.636,2_39_78_365_2020-01-28 17:17:08.413206,0002,CA-321,2-39-78-365,America/Los_Angeles,000000714,"[{'WhPerMile': 400, 'kWhRequested': 24.0, 'milesRequested': 60, 'minutesAvailable': 361, 'modifiedAt': 'Tue, 28 Jan 2020 17:17:27 GMT', 'paymentRequired': True, 'requestedDeparture': 'Tue, 28 Jan 2020 23:18:08 GMT', 'userID': 714}]",8.895555555555555,1.5133333333333334,17,Tuesday,0,15,99.54
5e45f835f9af8b24b31daa57,0039,2020-01-28 17:18:07,2020-01-29 01:03:39,2020-01-28 19:17:11,4.69,2_39_124_22_2020-01-28 17:18:06.961681,0002,CA-312,2-39-124-22,America/Los_Angeles,000000620,"[{'WhPerMile': 400, 'kWhRequested': 12.0, 'milesRequested': 30, 'minutesAvailable': 450, 'modifiedAt': 'Tue, 28 Jan 2020 17:19:11 GMT', 'paymentRequired': True, 'requestedDeparture': 'Wed, 29 Jan 2020 00:48:07 GMT', 'userID': 620}]",7.7588888888888885,1.9844444444444445,17,Tuesday,0,15,70.35000000000001
5e45f835f9af8b24b31daa58,0039,2020-01-28 17:27:48,2020-01-28 23:06:55,2020-01-28 20:51:01,0.908,2_39_88_24_2020-01-28 17:27:48.078287,0002,CA-314,2-39-88-24,America/Los_Angeles,,,5.651944444444444,3.3869444444444445,17,Tuesday,0,15,13.620000000000001
5e45f835f9af8b24b31daa59,0039,2020-01-28 17:28:35,2020-01-28 18:17:11,2020-01-28 17:59:19,0.86,2_39_95_27_2020-01-28 17:28:35.414928,0002,CA-319,2-39-95-27,America/Los_Angeles,,,0.81,0.5122222222222222,17,Tuesday,0,15,12.9
5e45f835f9af8b24b31daa5a,0039,2020-01-28 17:31:20,2020-01-29 03:03:29,2020-01-28 22:12:30,15.666,2_39_92_436_2020-01-28 17:31:19.985861,0002,CA-318,2-39-92-436,America/Los_Angeles,000001272,"[{'WhPerMile': 600, 'kWhRequested': 12.0, 'milesRequested': 20, 'minutesAvailable': 293, 'modifiedAt': 'Tue, 28 Jan 2020 17:31:20 GMT', 'paymentRequired': True, 'requestedDeparture': 'Tue, 28 Jan 2020 22:24:20 GMT', 'userID': 1272}, {'WhPerMile': 600, 'kWhRequested': 12.0, 'milesRequested': 20, 'minutesAvailable': 120, 'modifiedAt': 'Tue, 28 Jan 2020 17:31:36 GMT', 'paymentRequired': True, 'requestedDeparture': 'Tue, 28 Jan 2020 19:31:20 GMT', 'userID': 1272}, {'WhPerMile': 600, 'kWhRequested': 18.0, 'milesRequested': 30, 'minutesAvailable': 120, 'modifiedAt': 'Tue, 28 Jan 2020 17:32:02 GMT', 'paymentRequired': True, 'requestedDeparture': 'Tue, 28 Jan 2020 19:31:20 GMT', 'userID': 1272}]",9.535833333333333,4.686111111111111,17,Tuesday,0,15,234.99
5e45f835f9af8b24b31daa5b,0039,2020-01-28 17:35:08,2020-01-29 00:05:24,2020-01-28 18:23:08,4.45,2_39_126_20_2020-01-28 17:35:07.958200,0002,CA-310,2-39-126-20,America/Los_Angeles,000001912,"[{'WhPerMile': 400, 'kWhRequested': 20.0, 'milesRequested': 50, 'minutesAvailable': 333, 'modifiedAt': 'Tue, 28 Jan 2020 17:37:26 GMT', 'paymentRequired': True, 'requestedDeparture': 'Tue, 28 Jan 2020 23:08:08 GMT', 'userID': 1912}]",6.504444444444444,0.8,17,Tuesday,0,15,66.75
5e45f835f9af8b24b31daa5c,0039,2020-01-28 18:09:55,2020-01-29 03:13:40,2020-01-28 20:13:31,11.224,2_39_79_380_2020-01-28 18:09:55.240807,0002,CA-489,2-39-79-380,America/Los_Angeles,000000558,"[{'WhPerMile': 400, 'kWhRequested': 28.0, 'milesRequested': 70, 'minutesAvailable': 60, 'modifiedAt': 'Tue, 28 Jan 2020 18:09:58 GMT', 'paymentRequired': True, 'requestedDeparture': 'Tue, 28 Jan 2020 19:09:55 GMT', 'userID': 558}]",9.0625,2.06,18,Tuesday,0,15,168.36
5e45f835f9af8b24b31daa5d,0039,2020-01-28 18:11:25,2020-01-29 00:41:45,2020-01-28 23:51:29,0.753,2_39_79_377_2020-01-28 18:11:25.234182,0002,CA-325,2-39-79-377,America/Los_Angeles,,,6.5055555555555555,5.667777777777777,18,Tuesday,0,15,11.295
5e45f835f9af8b24b31daa5e,0039,2020-01-28 18:12:29,2020-01-29 01:29:49,2020-01-28 20:17:32,11.932,2_39_91_441_2020-01-28 18:12:29.288074,0002,CA-499,2-39-91-441,America/Los_Angeles,000001095,"[{'WhPerMile': 400, 'kWhRequested': 16.0, 'milesRequested': 40, 'minutesAvailable': 444, 'modifiedAt': 'Tue, 28 Jan 2020 18:12:30 GMT', 'paymentRequired': True, 'requestedDeparture': 'Wed, 29 Jan 2020 01:36:29 GMT', 'userID': 1095}, {'WhPerMile': 400, 'kWhRequested': 16.0, 'milesRequested': 40, 'minutesAvailable': 444, 'modifiedAt': 'Tue, 28 Jan 2020 18:12:48 GMT', 'paymentRequired': True, 'requestedDeparture': 'Wed, 29 Jan 2020 01:36:29 GMT', 'userID': 1095}]",7.288888888888889,2.0841666666666665,18,Tuesday,0,15,178.98000000000002
5e45f835f9af8b24b31daa5f,0039,2020-01-28 18:17:22,2020-01-28 19:47:48,2020-01-28 19:39:56,0.935,2_39_78_363_2020-01-28 18:17:21.850797,0002,CA-320,2-39-78-363,America/Los_Angeles,,,1.5072222222222222,1.376111111111111,18,Tuesday,0,15,14.025
5e45f835f9af8b24b31daa60,0039,2020-01-28 18:24:41,2020-01-28 23:58:24,2020-01-28 19:55:46,9.465,2_39_95_444_2020-01-28 18:24:41.234105,0002,CA-497,2-39-95-444,America/Los_Angeles,000001001,"[{'WhPerMile': 600, 'kWhRequested': 12.0, 'milesRequested': 20, 'minutesAvailable': 129, 'modifiedAt': 'Tue, 28 Jan 2020 18:24:44 GMT', 'paymentRequired': True, 'requestedDeparture': 'Tue, 28 Jan 2020 20:33:41 GMT', 'userID': 1001}]",5.561944444444444,1.5180555555555555,18,Tuesday,0,15,141.975
5e45f835f9af8b24b31daa61,0039,2020-01-28 18:31:37,2020-01-28 20:48:30,2020-01-28 20:49:28,0.85,2_39_90_26_2020-01-28 18:31:37.185142,0002,CA-316,2-39-90-26,America/Los_Angeles,,,2.281388888888889,2.2975,18,Tuesday,0,15,12.75
5e45f835f9af8b24b31daa62,0039,2020-01-28 18:35:24,2020-01-29 02:13:47,2020-01-28 23:51:22,0.875,2_39_90_440_2020-01-28 18:35:23.840221,0002,CA-500,2-39-90-440,America/Los_Angeles,,,7.639722222222222,5.266111111111111,18,Tuesday,0,15,13.125
5e45f835f9af8b24b31daa63,0039,2020-01-28 18:48:52,2020-01-29 01:45:12,2020-01-28 20:20:33,4.606,2_39_88_438_2020-01-28 18:48:52.445659,0002,CA-502,2-39-88-438,America/Los_Angeles,000002170,"[{'WhPerMile': 400, 'kWhRequested': 28.0, 'milesRequested': 70, 'minutesAvailable': 426, 'modifiedAt': 'Tue, 28 Jan 2020 18:49:04 GMT', 'paymentRequired': True, 'requestedDeparture': 'Wed, 29 Jan 2020 01:54:52 GMT', 'userID': 2170}]",6.938888888888889,1.5280555555555555,18,Tuesday,0,15,69.09
5e45f835f9af8b24b31daa64,0039,2020-01-28 19:02:46,2020-01-28 19:56:29,2020-01-28 19:56:27,1.318,2_39_78_361_2020-01-28 19:02:46.436130,0002,CA-493,2-39-78-361,America/Los_Angeles,000003449,"[{'WhPerMile': 276, 'kWhRequested': 40.02, 'milesRequested': 145, 'minutesAvailable': 463, 'modifiedAt': 'Tue, 28 Jan 2020 19:51:39 GMT', 'paymentRequired': True, 'requestedDeparture': 'Wed, 29 Jan 2020 02:45:46 GMT', 'userID': 3449}]",0.8952777777777777,0.8947222222222222,19,Tuesday,0,15,19.77
5e45f835f9af8b24b31daa65,0039,2020-01-28 19:52:01,2020-01-28 23:17:07,2020-01-28 21:16:18,2.833,2_39_78_363_2020-01-28 19:52:01.362206,0002,CA-320,2-39-78-363,America/Los_Angeles,000001082,"[{'WhPerMile': 400, 'kWhRequested': 8.0, 'milesRequested': 20, 'minutesAvailable': 64, 'modifiedAt': 'Tue, 28 Jan 2020 19:52:56 GMT', 'paymentRequired': True, 'requestedDeparture': 'Tue, 28 Jan 2020 20:56:01 GMT', 'userID': 1082}]",3.4183333333333334,1.4047222222222222,19,Tuesday,0,15,42.495000000000005
5e45f835f9af8b24b31daa66,0039,2020-01-28 19:57:19,2020-01-28 20:51:22,2020-01-28 20:50:13,0.844,2_39_128_18_2020-01-28 19:57:18.587859,0002,CA-308,2-39-128-18,America/Los_Angeles,,,0.9008333333333334,0.8816666666666667,19,Tuesday,0,15,12.66
5e45f835f9af8b24b31daa67,0039,2020-01-28 20:37:59,2020-01-28 21:46:05,2020-01-28 21:45:49,7.22,2_39_126_560_2020-01-28 20:37:58.674748,0002,CA-506,2-39-126-560,America/Los_Angeles,000000311,"[{'WhPerMile': 250, 'kWhRequested': 5.0, 'milesRequested': 20, 'minutesAvailable': 76, 'modifiedAt': 'Tue, 28 Jan 2020 20:39:13 GMT', 'paymentRequired': True, 'requestedDeparture': 'Tue, 28 Jan 2020 21:53:59 GMT', 'userID': 311}, {'WhPerMile': 250, 'kWhRequested': 5.0, 'milesRequested': 20, 'minutesAvailable': 76, 'modifiedAt': 'Tue, 28 Jan 2020 20:40:17 GMT', 'paymentRequired': True, 'requestedDeparture': 'Tue, 28 Jan 2020 21:53:59 GMT', 'userID': 311}, {'WhPerMile': 250, 'kWhRequested': 12.5, 'milesRequested': 50, 'minutesAvailable': 100, 'modifiedAt': 'Tue, 28 Jan 2020 21:06:03 GMT', 'paymentRequired': True, 'requestedDeparture': 'Tue, 28 Jan 2020 22:17:59 GMT', 'userID': 311}]",1.135,1.1305555555555555,20,Tuesday,0,15,108.3
5e45f835f9af8b24b31daa68,0039,2020-01-28 20:48:34,2020-01-28 23:06:54,2020-01-28 21:19:25,0.824,2_39_90_26_2020-01-28 20:48:33.650714,0002,CA-316,2-39-90-26,America/Los_Angeles,,,2.3055555555555554,0.5141666666666667,20,Tuesday,0,15,12.36
5e45f835f9af8b24b31daa69,0039,2020-01-28 20:48:45,2020-01-28 22:29:30,2020-01-28 21:34:01,1.855,2_39_127_19_2020-01-28 20:48:45.082348,0002,CA-309,2-39-127-19,America/Los_Angeles,000001093,"[{'WhPerMile': 333, 'kWhRequested': 6.66, 'milesRequested': 20, 'minutesAvailable': 140, 'modifiedAt': 'Tue, 28 Jan 2020 20:49:02 GMT', 'paymentRequired': True, 'requestedDeparture': 'Tue, 28 Jan 2020 23:08:45 GMT', 'userID': 1093}]",1.6791666666666667,0.7544444444444445,20,Tuesday,0,15,27.825
5e45f835f9af8b24b31daa6a,0039,2020-01-28 21:43:05,2020-01-29 01:25:21,2020-01-28 22:17:33,1.666,2_39_130_31_2020-01-28 21:43:05.181592,0002,CA-306,2-39-130-31,America/Los_Angeles,000000562,"[{'WhPerMile': 325, 'kWhRequested': 3.25, 'milesRequested': 10, 'minutesAvailable': 186, 'modifiedAt': 'Tue, 28 Jan 2020 21:43:28 GMT', 'paymentRequired': True, 'requestedDeparture': 'Wed, 29 Jan 2020 00:49:05 GMT', 'userID': 562}]",3.7044444444444444,0.5744444444444444,21,Tuesday,0,15,24.99
5e45f835f9af8b24b31daa6b,0039,2020-01-28 22:03:41,2020-01-29 03:06:36,2020-01-29 00:57:40,12.658,2_39_126_560_2020-01-28 22:03:41.291694,0002,CA-506,2-39-126-560,America/Los_Angeles,000000958,"[{'WhPerMile': 200, 'kWhRequested': 20.0, 'milesRequested': 100, 'minutesAvailable': 570, 'modifiedAt': 'Tue, 28 Jan 2020 22:03:46 GMT', 'paymentRequired': True, 'requestedDeparture': 'Wed, 29 Jan 2020 07:33:41 GMT', 'userID': 958}]",5.048611111111111,2.899722222222222,22,Tuesday,0,15,189.87
5e45f835f9af8b24b31daa6c,0039,2020-01-28 22:25:10,2020-01-29 00:21:27,2020-01-29 00:17:40,0.914,2_39_78_367_2020-01-28 22:25:10.242983,0002,CA-494,2-39-78-367,America/Los_Angeles,,,1.9380555555555556,1.875,22,Tuesday,0,15,13.71
5e45f835f9af8b24b31daa6d,0039,2020-01-28 22:44:43,2020-01-29 00:17:46,2020-01-29 00:17:24,4.132,2_39_78_361_2020-01-28 22:44:43.047942,0002,CA-493,2-39-78-361,America/Los_Angeles,000000668,"[{'WhPerMile': 425, 'kWhRequested': 4.25, 'milesRequested': 10, 'minutesAvailable': 61, 'modifiedAt': 'Tue, 28 Jan 2020 22:46:35 GMT', 'paymentRequired': True, 'requestedDeparture': 'Tue, 28 Jan 2020 23:45:43 GMT', 'userID': 668}]",1.5508333333333333,1.5447222222222223,22,Tuesday,0,15,61.98
5e45f835f9af8b24b31daa6e,0039,2020-01-28 23:06:17,2020-01-30 02:18:29,2020-01-29 02:39:25,11.847,2_39_127_19_2020-01-28 23:06:07.723855,0002,CA-309,2-39-127-19,America/Los_Angeles,000005768,"[{'WhPerMile': 400, 'kWhRequested': 24.0, 'milesRequested': 60, 'minutesAvailable': 339, 'modifiedAt': 'Tue, 28 Jan 2020 23:06:16 GMT', 'paymentRequired': True, 'requestedDeparture': 'Wed, 29 Jan 2020 04:45:17 GMT', 'userID': 5768}, {'WhPerMile': 400, 'kWhRequested': 24.0, 'milesRequested': 60, 'minutesAvailable': 758, 'modifiedAt': 'Wed, 29 Jan 2020 06:19:43 GMT', 'paymentRequired': True, 'requestedDeparture': 'Wed, 29 Jan 2020 11:44:17 GMT', 'userID': 5768}]",27.203333333333333,3.5522222222222224,23,Tuesday,0,15,177.70499999999998
5e45f835f9af8b24b31daa6f,0039,2020-01-29 00:08:15,2020-01-29 03:27:39,2020-01-29 03:27:31,21.29,2_39_91_437_2020-01-29 00:08:14.803618,0002,CA-317,2-39-91-437,America/Los_Angeles,000003270,"[{'WhPerMile': 200, 'kWhRequested': 40.0, 'milesRequested': 200, 'minutesAvailable': 470, 'modifiedAt': 'Wed, 29 Jan 2020 00:08:27 GMT', 'paymentRequired': True, 'requestedDeparture': 'Wed, 29 Jan 2020 07:58:15 GMT', 'userID': 3270}]",3.3233333333333333,3.321111111111111,0,Wednesday,0,15,319.34999999999997
5e45f835f9af8b24b31daa70,0039,2020-01-29 01:22:31,2020-01-29 02:40:09,2020-01-29 01:55:37,1.176,2_39_138_29_2020-01-29 01:22:31.060489,0002,CA-304,2-39-138-29,America/Los_Angeles,000000365,"[{'WhPerMile': 333, 'kWhRequested': 3.33, 'milesRequested': 10, 'minutesAvailable': 104, 'modifiedAt': 'Wed, 29 Jan 2020 01:22:51 GMT', 'paymentRequired': True, 'requestedDeparture': 'Wed, 29 Jan 2020 03:06:31 GMT', 'userID': 365}]",1.2938888888888889,0.5516666666666666,1,Wednesday,0,15,17.64
5e45f835f9af8b24b31daa71,0039,2020-01-29 02:49:55,2020-01-29 04:45:00,2020-01-29 04:44:56,12.695,2_39_139_28_2020-01-29 02:49:55.457015,0002,CA-303,2-39-139-28,America/Los_Angeles,000000675,"[{'WhPerMile': 400, 'kWhRequested': 24.0, 'milesRequested': 60, 'minutesAvailable': 248, 'modifiedAt': 'Wed, 29 Jan 2020 02:50:09 GMT', 'paymentRequired': True, 'requestedDeparture': 'Wed, 29 Jan 2020 06:57:55 GMT', 'userID': 675}]",1.9180555555555556,1.9169444444444443,2,Wednesday,0,15,190.425
5e45f835f9af8b24b31daa72,0039,2020-01-29 03:27:45,2020-01-29 05:56:03,2020-01-29 05:19:00,5.578,2_39_83_386_2020-01-29 03:27:44.940298,0002,CA-212,2-39-83-386,America/Los_Angeles,000001864,"[{'WhPerMile': 400, 'kWhRequested': 12.0, 'milesRequested': 30, 'minutesAvailable': 121, 'modifiedAt': 'Wed, 29 Jan 2020 03:27:48 GMT', 'paymentRequired': True, 'requestedDeparture': 'Wed, 29 Jan 2020 05:28:45 GMT', 'userID': 1864}]",2.4716666666666667,1.8541666666666667,3,Wednesday,0,15,83.67
5e4749aef9af8b28856f12f8,0039,2020-01-29 14:57:27,2020-01-30 16:54:09,2020-01-29 21:18:05,14.054,2_39_79_383_2020-01-29 14:57:27.460060,0002,CA-492,2-39-79-383,America/Los_Angeles,000004913,"[{'WhPerMile': 400, 'kWhRequested': 20.0, 'milesRequested': 50, 'minutesAvailable': 720, 'modifiedAt': 'Wed, 29 Jan 2020 15:04:19 GMT', 'paymentRequired': True, 'requestedDeparture': 'Thu, 30 Jan 2020 02:57:27 GMT', 'userID': 4913}]",25.945,6.3438888888888885,14,Wednesday,0,15,210.81
5e4749aef9af8b28856f12f9,0039,2020-01-29 15:45:33,2020-01-29 21:42:38,2020-01-29 20:00:33,16.594,2_39_79_382_2020-01-29 15:45:32.883371,0002,CA-491,2-39-79-382,America/Los_Angeles,000004701,"[{'WhPerMile': 300, 'kWhRequested': 30.0, 'milesRequested': 100, 'minutesAvailable': 348, 'modifiedAt': 'Wed, 29 Jan 2020 15:57:35 GMT', 'paymentRequired': True, 'requestedDeparture': 'Wed, 29 Jan 2020 21:33:33 GMT', 'userID': 4701}]",5.951388888888889,4.25,15,Wednesday,0,15,248.91000000000003
5e4749aef9af8b28856f12fa,0039,2020-01-29 16:01:03,2020-01-29 22:26:43,2020-01-29 16:31:23,0.789,2_39_79_380_2020-01-29 16:01:02.913296,0002,CA-489,2-39-79-380,America/Los_Angeles,,,6.427777777777778,0.5055555555555555,16,Wednesday,0,15,11.835
5e4749aef9af8b28856f12fb,0039,2020-01-29 16:08:38,2020-01-29 20:27:56,2020-01-29 20:03:41,0.835,2_39_79_378_2020-01-29 16:08:38.042637,0002,CA-326,2-39-79-378,America/Los_Angeles,,,4.321666666666666,3.9175,16,Wednesday,0,15,12.524999999999999
5e4749aef9af8b28856f12fc,0039,2020-01-29 16:15:22,2020-01-29 19:36:40,2020-01-29 19:35:25,21.833,2_39_95_444_2020-01-29 16:15:21.866589,0002,CA-497,2-39-95-444,America/Los_Angeles,000003449,"[{'WhPerMile': 276, 'kWhRequested': 40.02, 'milesRequested': 145, 'minutesAvailable': 463, 'modifiedAt': 'Wed, 29 Jan 2020 16:15:28 GMT', 'paymentRequired': True, 'requestedDeparture': 'Wed, 29 Jan 2020 23:58:22 GMT', 'userID': 3449}, {'WhPerMile': 276, 'kWhRequested': 40.02, 'milesRequested': 145, 'minutesAvailable': 494, 'modifiedAt': 'Wed, 29 Jan 2020 16:26:58 GMT', 'paymentRequired': True, 'requestedDeparture': 'Thu, 30 Jan 2020 00:29:22 GMT', 'userID': 3449}]",3.355,3.3341666666666665,16,Wednesday,0,15,327.495
5e4749aef9af8b28856f12fd,0039,2020-01-29 16:36:52,2020-01-29 17:24:46,2020-01-29 17:25:45,4.815,2_39_78_362_2020-01-29 16:36:51.511178,0002,CA-496,2-39-78-362,America/Los_Angeles,000001470,"[{'WhPerMile': 292, 'kWhRequested': 26.28, 'milesRequested': 90, 'minutesAvailable': 438, 'modifiedAt': 'Wed, 29 Jan 2020 16:37:08 GMT', 'paymentRequired': True, 'requestedDeparture': 'Wed, 29 Jan 2020 23:54:52 GMT', 'userID': 1470}]",0.7983333333333333,0.8147222222222222,16,Wednesday,0,15,72.22500000000001
5e4749aef9af8b28856f12fe,0039,2020-01-29 16:43:42,2020-01-29 20:46:11,2020-01-29 18:16:10,5.005,2_39_123_23_2020-01-29 16:43:41.810373,0002,CA-313,2-39-123-23,America/Los_Angeles,000000712,"[{'WhPerMile': 400, 'kWhRequested': 12.0, 'milesRequested': 30, 'minutesAvailable': 166, 'modifiedAt': 'Wed, 29 Jan 2020 16:43:46 GMT', 'paymentRequired': True, 'requestedDeparture': 'Wed, 29 Jan 2020 19:29:42 GMT', 'userID': 712}]",4.041388888888889,1.541111111111111,16,Wednesday,0,15,75.075
5e4749aef9af8b28856f12ff,0039,2020-01-29 16:45:48,2020-01-30 01:50:09,2020-01-29 18:12:37,4.705,2_39_124_558_2020-01-29 16:45:48.456526,0002,CA-504,2-39-124-558,America/Los_Angeles,000001534,"[{'WhPerMile': 250, 'kWhRequested': 7.5, 'milesRequested': 30, 'minutesAvailable': 404, 'modifiedAt': 'Wed, 29 Jan 2020 16:46:23 GMT', 'paymentRequired': True, 'requestedDeparture': 'Wed, 29 Jan 2020 23:29:48 GMT', 'userID': 1534}]",9.0725,1.4469444444444444,16,Wednesday,0,15,70.575
5e4749aef9af8b28856f1300,0039,2020-01-29 16:59:52,2020-01-30 01:43:47,2020-01-29 19:16:40,6.015,2_39_79_376_2020-01-29 16:59:52.033198,0002,CA-324,2-39-79-376,America/Los_Angeles,000005368,"[{'WhPerMile': 400, 'kWhRequested': 8.0, 'milesRequested': 20, 'minutesAvailable': 60, 'modifiedAt': 'Wed, 29 Jan 2020 17:04:32 GMT', 'paymentRequired': True, 'requestedDeparture': 'Wed, 29 Jan 2020 17:59:52 GMT', 'userID': 5368}]",8.731944444444444,2.28,16,Wednesday,0,15,90.225
5e4749aef9af8b28856f1301,0039,2020-01-29 17:04:53,2020-01-29 20:21:31,2020-01-29 19:09:35,6.276,2_39_88_24_2020-01-29 17:04:37.696728,0002,CA-314,2-39-88-24,America/Los_Angeles,000003577,"[{'WhPerMile': 400, 'kWhRequested': 8.0, 'milesRequested': 20, 'minutesAvailable': 171, 'modifiedAt': 'Wed, 29 Jan 2020 17:04:52 GMT', 'paymentRequired': True, 'requestedDeparture': 'Wed, 29 Jan 2020 19:55:53 GMT', 'userID': 3577}]",3.277222222222222,2.078333333333333,17,Wednesday,0,15,94.14
5e4749aef9af8b28856f1302,0039,2020-01-29 17:08:13,2020-01-30 00:24:33,2020-01-29 20:38:12,9.93,2_39_78_365_2020-01-29 17:08:13.137387,0002,CA-321,2-39-78-365,America/Los_Angeles,000001095,"[{'WhPerMile': 400, 'kWhRequested': 16.0, 'milesRequested': 40, 'minutesAvailable': 444, 'modifiedAt': 'Wed, 29 Jan 2020 17:08:19 GMT', 'paymentRequired': True, 'requestedDeparture': 'Thu, 30 Jan 2020 00:32:13 GMT', 'userID': 1095}, {'WhPerMile': 400, 'kWhRequested': 16.0, 'milesRequested': 40, 'minutesAvailable': 444, 'modifiedAt': 'Wed, 29 Jan 2020 17:08:28 GMT', 'paymentRequired': True, 'requestedDeparture': 'Thu, 30 Jan 2020 00:32:13 GMT', 'userID': 1095}]",7.272222222222222,3.499722222222222,17,Wednesday,0,15,148.95
5e4749aef9af8b28856f1303,0039,2020-01-29 17:09:08,2020-01-30 02:23:19,2020-01-29 22:31:20,0.817,2_39_79_381_2020-01-29 17:09:07.987000,0002,CA-490,2-39-79-381,America/Los_Angeles,,,9.23638888888889,5.37,17,Wednesday,0,15,12.254999999999999
5e4749aef9af8b28856f1304,0039,2020-01-29 17:16:50,2020-01-29 22:36:02,2020-01-29 20:03:27,8.498,2_39_91_437_2020-01-29 17:16:50.183298,0002,CA-317,2-39-91-437,America/Los_Angeles,000001364,"[{'WhPerMile': 400, 'kWhRequested': 28.0, 'milesRequested': 70, 'minutesAvailable': 182, 'modifiedAt': 'Wed, 29 Jan 2020 17:16:58 GMT', 'paymentRequired': True, 'requestedDeparture': 'Wed, 29 Jan 2020 20:18:50 GMT', 'userID': 1364}]",5.32,2.7769444444444447,17,Wednesday,0,15,127.46999999999998
5e4749aef9af8b28856f1305,0039,2020-01-29 17:20:50,2020-01-30 00:22:33,2020-01-29 21:38:32,14.393,2_39_125_21_2020-01-29 17:20:42.797289,0002,CA-311,2-39-125-21,America/Los_Angeles,000004947,"[{'WhPerMile': 380, 'kWhRequested': 19.0, 'milesRequested': 50, 'minutesAvailable': 410, 'modifiedAt': 'Wed, 29 Jan 2020 17:20:49 GMT', 'paymentRequired': True, 'requestedDeparture': 'Thu, 30 Jan 2020 00:10:50 GMT', 'userID': 4947}]",7.028611111111111,4.295,17,Wednesday,0,15,215.895
5e4749aef9af8b28856f1306,0039,2020-01-29 17:25:53,2020-01-30 02:13:44,2020-01-29 18:35:06,6.254,2_39_79_377_2020-01-29 17:25:53.251538,0002,CA-325,2-39-79-377,America/Los_Angeles,000000714,"[{'WhPerMile': 400, 'kWhRequested': 24.0, 'milesRequested': 60, 'minutesAvailable': 361, 'modifiedAt': 'Wed, 29 Jan 2020 17:26:09 GMT', 'paymentRequired': True, 'requestedDeparture': 'Wed, 29 Jan 2020 23:26:53 GMT', 'userID': 714}]",8.7975,1.1536111111111111,17,Wednesday,0,15,93.80999999999999
5e4749aef9af8b28856f1307,0039,2020-01-29 17:31:37,2020-01-29 23:59:43,2020-01-29 19:27:47,11.838,2_39_126_20_2020-01-29 17:31:36.592346,0002,CA-310,2-39-126-20,America/Los_Angeles,000001912,"[{'WhPerMile': 400, 'kWhRequested': 20.0, 'milesRequested': 50, 'minutesAvailable': 333, 'modifiedAt': 'Wed, 29 Jan 2020 17:33:07 GMT', 'paymentRequired': True, 'requestedDeparture': 'Wed, 29 Jan 2020 23:04:37 GMT', 'userID': 1912}]",6.468333333333334,1.9361111111111111,17,Wednesday,0,15,177.57
5e4749aef9af8b28856f1308,0039,2020-01-29 17:32:20,2020-01-30 04:41:56,2020-01-29 21:40:47,13.948,2_39_95_27_2020-01-29 17:32:19.825066,0002,CA-319,2-39-95-27,America/Los_Angeles,000000676,"[{'WhPerMile': 400, 'kWhRequested': 24.0, 'milesRequested': 60, 'minutesAvailable': 720, 'modifiedAt': 'Wed, 29 Jan 2020 17:32:22 GMT', 'paymentRequired': True, 'requestedDeparture': 'Thu, 30 Jan 2020 05:32:20 GMT', 'userID': 676}]",11.16,4.140833333333333,17,Wednesday,0,15,209.22
5e4749aef9af8b28856f1309,0039,2020-01-29 17:46:41,2020-01-30 03:18:29,2020-01-29 18:58:56,3.765,2_39_89_25_2020-01-29 17:46:41.493785,0002,CA-315,2-39-89-25,America/Los_Angeles,000000567,"[{'WhPerMile': 400, 'kWhRequested': 8.0, 'milesRequested': 20, 'minutesAvailable': 411, 'modifiedAt': 'Wed, 29 Jan 2020 17:46:54 GMT', 'paymentRequired': True, 'requestedDeparture': 'Thu, 30 Jan 2020 00:37:41 GMT', 'userID': 567}]",9.53,1.2041666666666666,17,Wednesday,0,15,56.475
5e4749aef9af8b28856f130a,0039,2020-01-29 18:15:37,2020-01-30 03:14:51,2020-01-29 20:08:47,11.501,2_39_91_441_2020-01-29 18:15:37.359926,0002,CA-499,2-39-91-441,America/Los_Angeles,000000558,"[{'WhPerMile': 400, 'kWhRequested': 28.0, 'milesRequested': 70, 'minutesAvailable': 60, 'modifiedAt': 'Wed, 29 Jan 2020 18:15:41 GMT', 'paymentRequired': True, 'requestedDeparture': 'Wed, 29 Jan 2020 19:15:37 GMT', 'userID': 558}]",8.987222222222222,1.886111111111111,18,Wednesday,0,15,172.515
5e4749aef9af8b28856f130b,0039,2020-01-29 18:23:32,2020-01-30 01:56:40,2020-01-29 19:10:49,1.941,2_39_90_26_2020-01-29 18:23:32.419836,0002,CA-316,2-39-90-26,America/Los_Angeles,000000891,"[{'WhPerMile': 400, 'kWhRequested': 8.0, 'milesRequested': 20, 'minutesAvailable': 215, 'modifiedAt': 'Wed, 29 Jan 2020 18:23:38 GMT', 'paymentRequired': True, 'requestedDeparture': 'Wed, 29 Jan 2020 21:58:32 GMT', 'userID': 891}]",7.552222222222222,0.7880555555555555,18,Wednesday,0,15,29.115000000000002
5e4749aef9af8b28856f130c,0039,2020-01-29 18:48:38,2020-01-29 20:35:47,2020-01-29 20:36:47,0.564,2_39_78_362_2020-01-29 18:48:38.340487,0002,CA-496,2-39-78-362,America/Los_Angeles,000003447,"[{'WhPerMile': 375, 'kWhRequested': 15.0, 'milesRequested': 40, 'minutesAvailable': 219, 'modifiedAt': 'Wed, 29 Jan 2020 18:50:09 GMT', 'paymentRequired': True, 'requestedDeparture': 'Wed, 29 Jan 2020 22:27:38 GMT', 'userID': 3447}]",1.7858333333333334,1.8025,18,Wednesday,0,15,8.459999999999999
5e4749aef9af8b28856f130d,0039,2020-01-29 19:07:03,2020-01-29 22:41:59,2020-01-29 20:57:47,5.664,2_39_90_440_2020-01-29 19:07:03.299416,0002,CA-500,2-39-90-440,America/Los_Angeles,000002170,"[{'WhPerMile': 400, 'kWhRequested': 28.0, 'milesRequested': 70, 'minutesAvailable': 426, 'modifiedAt': 'Wed, 29 Jan 2020 19:07:12 GMT', 'paymentRequired': True, 'requestedDeparture': 'Thu, 30 Jan 2020 02:13:03 GMT', 'userID': 2170}]",3.582222222222222,1.8455555555555556,19,Wednesday,0,15,84.96
5e4749aef9af8b28856f130e,0039,2020-01-29 19:14:17,2020-01-30 02:13:31,2020-01-30 00:25:04,12.527,2_39_78_360_2020-01-29 19:14:16.855996,0002,CA-322,2-39-78-360,America/Los_Angeles,000003853,"[{'WhPerMile': 360, 'kWhRequested': 36.0, 'milesRequested': 100, 'minutesAvailable': 523, 'modifiedAt': 'Wed, 29 Jan 2020 19:14:37 GMT', 'paymentRequired': True, 'requestedDeparture': 'Thu, 30 Jan 2020 03:57:17 GMT', 'userID': 3853}]",6.987222222222222,5.179722222222222,19,Wednesday,0,15,187.905
5e4749aef9af8b28856f130f,0039,2020-01-29 20:10:40,2020-01-30 02:01:59,2020-01-30 00:41:10,23.11,2_39_78_366_2020-01-29 20:10:40.178920,0002,CA-323,2-39-78-366,America/Los_Angeles,000001104,"[{'WhPerMile': 250, 'kWhRequested': 37.5, 'milesRequested': 150, 'minutesAvailable': 436, 'modifiedAt': 'Wed, 29 Jan 2020 20:10:47 GMT', 'paymentRequired': True, 'requestedDeparture': 'Thu, 30 Jan 2020 03:26:40 GMT', 'userID': 1104}]",5.855277777777777,4.508333333333334,20,Wednesday,0,15,346.65
5e4749aef9af8b28856f1310,0039,2020-01-29 20:20:30,2020-01-30 01:09:10,2020-01-29 23:38:39,21.717,2_39_124_22_2020-01-29 20:20:30.232601,0002,CA-312,2-39-124-22,America/Los_Angeles,000001470,"[{'WhPerMile': 292, 'kWhRequested': 32.12, 'milesRequested': 110, 'minutesAvailable': 328, 'modifiedAt': 'Wed, 29 Jan 2020 20:21:00 GMT', 'paymentRequired': True, 'requestedDeparture': 'Thu, 30 Jan 2020 01:48:30 GMT', 'userID': 1470}]",4.811111111111111,3.3025,20,Wednesday,0,15,325.755
5e4749aef9af8b28856f1311,0039,2020-01-29 20:21:07,2020-01-30 00:49:49,2020-01-30 00:49:41,27.163,2_39_78_364_2020-01-29 20:21:07.268096,0002,CA-495,2-39-78-364,America/Los_Angeles,000003270,"[{'WhPerMile': 200, 'kWhRequested': 40.0, 'milesRequested': 200, 'minutesAvailable': 470, 'modifiedAt': 'Wed, 29 Jan 2020 20:21:31 GMT', 'paymentRequired': True, 'requestedDeparture': 'Thu, 30 Jan 2020 04:11:07 GMT', 'userID': 3270}]",4.4783333333333335,4.476111111111111,20,Wednesday,0,15,407.445
5e4749aef9af8b28856f1312,0039,2020-01-29 20:41:57,2020-01-29 23:56:57,2020-01-29 22:07:31,3.124,2_39_88_24_2020-01-29 20:41:56.778657,0002,CA-314,2-39-88-24,America/Los_Angeles,000000560,"[{'WhPerMile': 400, 'kWhRequested': 8.0, 'milesRequested': 20, 'minutesAvailable': 258, 'modifiedAt': 'Wed, 29 Jan 2020 20:42:04 GMT', 'paymentRequired': True, 'requestedDeparture': 'Thu, 30 Jan 2020 00:59:57 GMT', 'userID': 560}]",3.25,1.426111111111111,20,Wednesday,0,15,46.86
5e4749aef9af8b28856f1313,0039,2020-01-29 21:36:02,2020-01-30 02:56:36,2020-01-29 23:37:48,6.545,2_39_79_378_2020-01-29 21:36:02.344185,0002,CA-326,2-39-79-378,America/Los_Angeles,000001124,"[{'WhPerMile': 400, 'kWhRequested': 8.0, 'milesRequested': 20, 'minutesAvailable': 60, 'modifiedAt': 'Wed, 29 Jan 2020 21:36:26 GMT', 'paymentRequired': True, 'requestedDeparture': 'Wed, 29 Jan 2020 22:36:02 GMT', 'userID': 1124}]",5.342777777777778,2.0294444444444446,21,Wednesday,0,15,98.175
5e4749aef9af8b28856f1314,0039,2020-01-29 21:48:57,2020-01-30 00:30:11,2020-01-29 22:31:23,0.819,2_39_79_382_2020-01-29 21:48:56.769998,0002,CA-491,2-39-79-382,America/Los_Angeles,,,2.687222222222222,0.7072222222222222,21,Wednesday,0,15,12.285
5e4749aef9af8b28856f1315,0039,2020-01-29 22:10:46,2020-01-30 01:00:39,2020-01-30 00:21:54,6.529,2_39_78_363_2020-01-29 22:10:29.010384,0002,CA-320,2-39-78-363,America/Los_Angeles,000001093,"[{'WhPerMile': 333, 'kWhRequested': 6.66, 'milesRequested': 20, 'minutesAvailable': 140, 'modifiedAt': 'Wed, 29 Jan 2020 22:10:45 GMT', 'paymentRequired': True, 'requestedDeparture': 'Thu, 30 Jan 2020 00:30:46 GMT', 'userID': 1093}, {'WhPerMile': 333, 'kWhRequested': 6.66, 'milesRequested': 20, 'minutesAvailable': 62, 'modifiedAt': 'Wed, 29 Jan 2020 22:12:57 GMT', 'paymentRequired': True, 'requestedDeparture': 'Wed, 29 Jan 2020 23:12:46 GMT', 'userID': 1093}]",2.8313888888888887,2.1855555555555557,22,Wednesday,0,15,97.935
5e4749aef9af8b28856f1316,0039,2020-01-29 22:37:50,2020-01-30 00:33:52,2020-01-29 23:10:46,2.002,2_39_91_437_2020-01-29 22:37:50.070439,0002,CA-317,2-39-91-437,America/Los_Angeles,000000751,"[{'WhPerMile': 400, 'kWhRequested': 40.0, 'milesRequested': 100, 'minutesAvailable': 717, 'modifiedAt': 'Wed, 29 Jan 2020 22:37:58 GMT', 'paymentRequired': True, 'requestedDeparture': 'Thu, 30 Jan 2020 10:34:50 GMT', 'userID': 751}]",1.933888888888889,0.5488888888888889,22,Wednesday,0,15,30.029999999999998
5e4749aef9af8b28856f1317,0039,2020-01-29 23:00:57,2020-01-30 00:49:30,2020-01-29 23:31:40,0.842,2_39_90_440_2020-01-29 23:00:57.172689,0002,CA-500,2-39-90-440,America/Los_Angeles,,,1.8091666666666666,0.5119444444444444,23,Wednesday,0,15,12.629999999999999
5e4749aef9af8b28856f1318,0039,2020-01-30 01:05:00,2020-01-30 02:55:05,2020-01-30 02:45:09,0.892,2_39_126_20_2020-01-30 01:04:59.910192,0002,CA-310,2-39-126-20,America/Los_Angeles,,,1.8347222222222221,1.6691666666666667,1,Thursday,0,15,13.38
5e4749aef9af8b28856f1319,0039,2020-01-30 02:35:21,2020-01-30 04:41:09,2020-01-30 04:29:33,6.368,2_39_138_29_2020-01-30 02:35:20.959302,0002,CA-304,2-39-138-29,America/Los_Angeles,000001564,"[{'WhPerMile': 300, 'kWhRequested': 12.0, 'milesRequested': 40, 'minutesAvailable': 130, 'modifiedAt': 'Thu, 30 Jan 2020 02:35:45 GMT', 'paymentRequired': True, 'requestedDeparture': 'Thu, 30 Jan 2020 04:45:21 GMT', 'userID': 1564}]",2.0966666666666667,1.9033333333333333,2,Thursday,0,15,95.52000000000001
5e4749aef9af8b28856f131a,0039,2020-01-30 03:19:33,2020-01-30 04:07:18,2020-01-30 03:49:37,0.833,2_39_131_30_2020-01-30 03:19:33.146344,0002,CA-305,2-39-131-30,America/Los_Angeles,,,0.7958333333333333,0.5011111111111111,3,Thursday,0,15,12.495
5e489b29f9af8b2c14967b73,0039,2020-01-30 15:41:19,2020-01-30 22:10:21,2020-01-30 20:50:54,23.601,2_39_79_379_2020-01-30 15:41:18.551665,0002,CA-327,2-39-79-379,America/Los_Angeles,000001104,"[{'WhPerMile': 250, 'kWhRequested': 37.5, 'milesRequested': 150, 'minutesAvailable': 436, 'modifiedAt': 'Thu, 30 Jan 2020 15:41:32 GMT', 'paymentRequired': True, 'requestedDeparture': 'Thu, 30 Jan 2020 22:57:19 GMT', 'userID': 1104}, {'WhPerMile': 250, 'kWhRequested': 37.5, 'milesRequested': 150, 'minutesAvailable': 436, 'modifiedAt': 'Thu, 30 Jan 2020 22:10:11 GMT', 'paymentRequired': True, 'requestedDeparture': 'Thu, 30 Jan 2020 22:57:19 GMT', 'userID': 1104}]",6.483888888888889,5.159722222222222,15,Thursday,0,15,354.015
5e489b29f9af8b2c14967b74,0039,2020-01-30 15:49:43,2020-01-31 04:35:38,2020-01-30 22:46:17,40.337,2_39_79_381_2020-01-30 15:49:43.167580,0002,CA-490,2-39-79-381,America/Los_Angeles,000000818,"[{'WhPerMile': 400, 'kWhRequested': 60.0, 'milesRequested': 150, 'minutesAvailable': 572, 'modifiedAt': 'Thu, 30 Jan 2020 15:50:26 GMT', 'paymentRequired': True, 'requestedDeparture': 'Fri, 31 Jan 2020 01:21:43 GMT', 'userID': 818}]",12.765277777777778,6.942777777777778,15,Thursday,0,15,605.0550000000001
5e489b29f9af8b2c14967b75,0039,2020-01-30 15:50:51,2020-01-30 21:57:05,2020-01-30 19:57:08,0.804,2_39_79_380_2020-01-30 15:50:51.459741,0002,CA-489,2-39-79-380,America/Los_Angeles,,,6.103888888888889,4.104722222222223,15,Thursday,0,15,12.06
5e489b29f9af8b2c14967b76,0039,2020-01-30 16:15:37,2020-01-31 01:50:48,2020-01-31 00:35:38,0.904,2_39_78_366_2020-01-30 16:15:36.958733,0002,CA-323,2-39-78-366,America/Los_Angeles,,,9.586388888888889,8.33361111111111,16,Thursday,0,15,13.56
5e489b29f9af8b2c14967b77,0039,2020-01-30 16:22:06,2020-01-30 22:36:59,2020-01-30 17:55:18,2.982,2_39_79_382_2020-01-30 16:22:06.470948,0002,CA-491,2-39-79-382,America/Los_Angeles,000004701,"[{'WhPerMile': 300, 'kWhRequested': 30.0, 'milesRequested': 100, 'minutesAvailable': 348, 'modifiedAt': 'Thu, 30 Jan 2020 16:22:36 GMT', 'paymentRequired': True, 'requestedDeparture': 'Thu, 30 Jan 2020 22:10:06 GMT', 'userID': 4701}, {'WhPerMile': 300, 'kWhRequested': 12.0, 'milesRequested': 40, 'minutesAvailable': 392, 'modifiedAt': 'Thu, 30 Jan 2020 17:07:57 GMT', 'paymentRequired': True, 'requestedDeparture': 'Thu, 30 Jan 2020 22:54:06 GMT', 'userID': 4701}, {'WhPerMile': 300, 'kWhRequested': 12.0, 'milesRequested': 40, 'minutesAvailable': 392, 'modifiedAt': 'Thu, 30 Jan 2020 22:36:48 GMT', 'paymentRequired': True, 'requestedDeparture': 'Thu, 30 Jan 2020 22:54:06 GMT', 'userID': 4701}]",6.248055555555555,1.5533333333333332,16,Thursday,0,15,44.730000000000004
5e489b29f9af8b2c14967b78,0039,2020-01-30 16:24:10,2020-01-30 19:42:38,2020-01-30 19:33:14,9.389,2_39_78_364_2020-01-30 16:24:09.878931,0002,CA-495,2-39-78-364,America/Los_Angeles,000001470,"[{'WhPerMile': 292, 'kWhRequested': 11.68, 'milesRequested': 40, 'minutesAvailable': 328, 'modifiedAt': 'Thu, 30 Jan 2020 16:24:47 GMT', 'paymentRequired': True, 'requestedDeparture': 'Thu, 30 Jan 2020 21:52:10 GMT', 'userID': 1470}]",3.307777777777778,3.151111111111111,16,Thursday,0,15,140.83499999999998
5e489b29f9af8b2c14967b79,0039,2020-01-30 16:27:35,2020-01-31 00:29:00,2020-01-30 18:45:49,12.883,2_39_91_437_2020-01-30 16:27:34.559100,0002,CA-317,2-39-91-437,America/Los_Angeles,000000431,"[{'WhPerMile': 300, 'kWhRequested': 24.0, 'milesRequested': 80, 'minutesAvailable': 219, 'modifiedAt': 'Thu, 30 Jan 2020 16:27:53 GMT', 'paymentRequired': True, 'requestedDeparture': 'Thu, 30 Jan 2020 20:06:35 GMT', 'userID': 431}]",8.02361111111111,2.303888888888889,16,Thursday,0,15,193.24499999999998
5e489b29f9af8b2c14967b7a,0039,2020-01-30 16:33:02,2020-01-30 17:42:04,2020-01-30 16:58:54,0.886,2_39_130_31_2020-01-30 16:33:01.952677,0002,CA-306,2-39-130-31,America/Los_Angeles,000001366,"[{'WhPerMile': 400, 'kWhRequested': 8.0, 'milesRequested': 20, 'minutesAvailable': 60, 'modifiedAt': 'Thu, 30 Jan 2020 16:33:39 GMT', 'paymentRequired': True, 'requestedDeparture': 'Thu, 30 Jan 2020 17:33:02 GMT', 'userID': 1366}]",1.1505555555555556,0.4311111111111111,16,Thursday,0,15,13.290000000000001
5e489b29f9af8b2c14967b7b,0039,2020-01-30 16:35:29,2020-01-30 22:55:48,2020-01-30 20:51:29,12.773,2_39_79_377_2020-01-30 16:35:29.023034,0002,CA-325,2-39-79-377,America/Los_Angeles,000000068,"[{'WhPerMile': 214, 'kWhRequested': 12.84, 'milesRequested': 60, 'minutesAvailable': 263, 'modifiedAt': 'Thu, 30 Jan 2020 16:35:31 GMT', 'paymentRequired': True, 'requestedDeparture': 'Thu, 30 Jan 2020 20:58:29 GMT', 'userID': 68}, {'WhPerMile': 214, 'kWhRequested': 12.84, 'milesRequested': 60, 'minutesAvailable': 263, 'modifiedAt': 'Thu, 30 Jan 2020 22:55:37 GMT', 'paymentRequired': True, 'requestedDeparture': 'Thu, 30 Jan 2020 20:58:29 GMT', 'userID': 68}]",6.338611111111111,4.266666666666667,16,Thursday,0,15,191.595
5e489b29f9af8b2c14967b7c,0039,2020-01-30 16:37:23,2020-01-31 02:51:22,2020-01-30 18:15:31,5.017,2_39_78_363_2020-01-30 16:37:22.968582,0002,CA-320,2-39-78-363,America/Los_Angeles,000002244,"[{'WhPerMile': 400, 'kWhRequested': 8.0, 'milesRequested': 20, 'minutesAvailable': 60, 'modifiedAt': 'Thu, 30 Jan 2020 16:37:45 GMT', 'paymentRequired': True, 'requestedDeparture': 'Thu, 30 Jan 2020 17:37:23 GMT', 'userID': 2244}]",10.233055555555556,1.6355555555555557,16,Thursday,0,15,75.25500000000001
5e489b29f9af8b2c14967b7d,0039,2020-01-30 16:39:49,2020-01-31 01:03:03,2020-01-31 00:45:58,0.878,2_39_79_376_2020-01-30 16:39:49.291553,0002,CA-324,2-39-79-376,America/Los_Angeles,,,8.387222222222222,8.1025,16,Thursday,0,15,13.17
5e489b29f9af8b2c14967b7e,0039,2020-01-30 16:40:05,2020-01-31 00:58:46,2020-01-30 17:44:14,1.908,2_39_79_378_2020-01-30 16:40:04.840087,0002,CA-326,2-39-79-378,America/Los_Angeles,000000751,"[{'WhPerMile': 400, 'kWhRequested': 40.0, 'milesRequested': 100, 'minutesAvailable': 717, 'modifiedAt': 'Thu, 30 Jan 2020 16:40:12 GMT', 'paymentRequired': True, 'requestedDeparture': 'Fri, 31 Jan 2020 04:37:05 GMT', 'userID': 751}]",8.311388888888889,1.0691666666666666,16,Thursday,0,15,28.619999999999997
5e489b29f9af8b2c14967b7f,0039,2020-01-30 16:43:52,2020-01-30 20:35:40,2020-01-30 20:36:38,0.944,2_39_78_362_2020-01-30 16:43:52.401896,0002,CA-496,2-39-78-362,America/Los_Angeles,,,3.8633333333333333,3.8794444444444443,16,Thursday,0,15,14.16
5e489b29f9af8b2c14967b80,0039,2020-01-30 16:49:50,2020-01-31 01:44:23,2020-01-30 19:02:53,12.52,2_39_125_21_2020-01-30 16:49:49.805666,0002,CA-311,2-39-125-21,America/Los_Angeles,000001153,"[{'WhPerMile': 600, 'kWhRequested': 18.0, 'milesRequested': 30, 'minutesAvailable': 434, 'modifiedAt': 'Thu, 30 Jan 2020 16:50:08 GMT', 'paymentRequired': True, 'requestedDeparture': 'Fri, 31 Jan 2020 00:03:50 GMT', 'userID': 1153}]",8.909166666666666,2.2175,16,Thursday,0,15,187.79999999999998
5e489b29f9af8b2c14967b81,0039,2020-01-30 16:53:39,2020-01-31 03:52:09,2020-01-30 18:50:37,5.839,2_39_95_27_2020-01-30 16:53:38.835606,0002,CA-319,2-39-95-27,America/Los_Angeles,000001222,"[{'WhPerMile': 400, 'kWhRequested': 8.0, 'milesRequested': 20, 'minutesAvailable': 72, 'modifiedAt': 'Thu, 30 Jan 2020 16:53:54 GMT', 'paymentRequired': True, 'requestedDeparture': 'Thu, 30 Jan 2020 18:05:39 GMT', 'userID': 1222}]",10.975,1.9494444444444445,16,Thursday,0,15,87.58500000000001
5e489b29f9af8b2c14967b82,0039,2020-01-30 16:55:04,2020-01-31 01:06:48,2020-01-30 19:34:31,7.771,2_39_123_23_2020-01-30 16:55:03.821103,0002,CA-313,2-39-123-23,America/Los_Angeles,000000620,"[{'WhPerMile': 400, 'kWhRequested': 12.0, 'milesRequested': 30, 'minutesAvailable': 196, 'modifiedAt': 'Thu, 30 Jan 2020 16:56:02 GMT', 'paymentRequired': True, 'requestedDeparture': 'Thu, 30 Jan 2020 20:11:04 GMT', 'userID': 620}]",8.195555555555556,2.6575,16,Thursday,0,15,116.565
5e489b29f9af8b2c14967b83,0039,2020-01-30 16:56:40,2020-01-30 20:41:24,2020-01-30 18:32:57,5.069,2_39_127_19_2020-01-30 16:56:40.267594,0002,CA-309,2-39-127-19,America/Los_Angeles,000000562,"[{'WhPerMile': 325, 'kWhRequested': 6.5, 'milesRequested': 20, 'minutesAvailable': 186, 'modifiedAt': 'Thu, 30 Jan 2020 16:56:56 GMT', 'paymentRequired': True, 'requestedDeparture': 'Thu, 30 Jan 2020 20:02:40 GMT', 'userID': 562}, {'WhPerMile': 325, 'kWhRequested': 6.5, 'milesRequested': 20, 'minutesAvailable': 186, 'modifiedAt': 'Thu, 30 Jan 2020 20:41:13 GMT', 'paymentRequired': True, 'requestedDeparture': 'Thu, 30 Jan 2020 20:02:40 GMT', 'userID': 562}]",3.7455555555555557,1.6047222222222222,16,Thursday,0,15,76.035
5e489b29f9af8b2c14967b84,0039,2020-01-30 17:06:16,2020-01-31 03:09:56,2020-01-30 19:09:32,11.071,2_39_78_365_2020-01-30 17:06:16.226431,0002,CA-321,2-39-78-365,America/Los_Angeles,000000558,"[{'WhPerMile': 400, 'kWhRequested': 28.0, 'milesRequested': 70, 'minutesAvailable': 60, 'modifiedAt': 'Thu, 30 Jan 2020 17:06:19 GMT', 'paymentRequired': True, 'requestedDeparture': 'Thu, 30 Jan 2020 18:06:16 GMT', 'userID': 558}]",10.061111111111112,2.0544444444444445,17,Thursday,0,15,166.065
5e489b29f9af8b2c14967b85,0039,2020-01-30 17:08:28,2020-01-31 00:32:47,2020-01-30 19:46:56,11.108,2_39_92_436_2020-01-30 17:08:27.934445,0002,CA-318,2-39-92-436,America/Los_Angeles,000001137,"[{'WhPerMile': 400, 'kWhRequested': 24.0, 'milesRequested': 60, 'minutesAvailable': 421, 'modifiedAt': 'Thu, 30 Jan 2020 17:08:37 GMT', 'paymentRequired': True, 'requestedDeparture': 'Fri, 31 Jan 2020 00:09:28 GMT', 'userID': 1137}]",7.405277777777778,2.641111111111111,17,Thursday,0,15,166.62
5e489b29f9af8b2c14967b86,0039,2020-01-30 17:31:52,2020-01-31 00:37:24,2020-01-30 18:20:27,2.057,2_39_88_24_2020-01-30 17:31:39.532159,0002,CA-314,2-39-88-24,America/Los_Angeles,000003577,"[{'WhPerMile': 400, 'kWhRequested': 8.0, 'milesRequested': 20, 'minutesAvailable': 488, 'modifiedAt': 'Thu, 30 Jan 2020 17:31:51 GMT', 'paymentRequired': True, 'requestedDeparture': 'Fri, 31 Jan 2020 01:39:52 GMT', 'userID': 3577}]",7.092222222222222,0.8097222222222222,17,Thursday,0,15,30.855
5e489b29f9af8b2c14967b87,0039,2020-01-30 17:49:37,2020-01-30 23:41:47,2020-01-30 19:47:26,12.061,2_39_130_31_2020-01-30 17:49:37.075676,0002,CA-306,2-39-130-31,America/Los_Angeles,000001912,"[{'WhPerMile': 400, 'kWhRequested': 20.0, 'milesRequested': 50, 'minutesAvailable': 333, 'modifiedAt': 'Thu, 30 Jan 2020 17:49:55 GMT', 'paymentRequired': True, 'requestedDeparture': 'Thu, 30 Jan 2020 23:22:37 GMT', 'userID': 1912}]",5.8694444444444445,1.9636111111111112,17,Thursday,0,15,180.915
5e489b29f9af8b2c14967b88,0039,2020-01-30 18:16:30,2020-01-31 02:05:07,2020-01-30 20:05:27,10.554,2_39_89_25_2020-01-30 18:16:30.400015,0002,CA-315,2-39-89-25,America/Los_Angeles,000001095,"[{'WhPerMile': 400, 'kWhRequested': 12.0, 'milesRequested': 30, 'minutesAvailable': 444, 'modifiedAt': 'Thu, 30 Jan 2020 18:16:40 GMT', 'paymentRequired': True, 'requestedDeparture': 'Fri, 31 Jan 2020 01:40:30 GMT', 'userID': 1095}]",7.810277777777777,1.8158333333333334,18,Thursday,0,15,158.31
5e489b29f9af8b2c14967b89,0039,2020-01-30 18:31:46,2020-01-31 01:36:54,2020-01-31 01:36:45,2.316,2_39_79_383_2020-01-30 18:31:46.211414,0002,CA-492,2-39-79-383,America/Los_Angeles,000005368,"[{'WhPerMile': 400, 'kWhRequested': 8.0, 'milesRequested': 20, 'minutesAvailable': 73, 'modifiedAt': 'Fri, 31 Jan 2020 01:08:31 GMT', 'paymentRequired': True, 'requestedDeparture': 'Thu, 30 Jan 2020 19:44:46 GMT', 'userID': 5368}]",7.085555555555556,7.083055555555555,18,Thursday,0,15,34.739999999999995
5e489b29f9af8b2c14967b8a,0039,2020-01-30 18:41:12,2020-01-31 01:54:49,2020-01-31 00:35:12,4.144,2_39_126_20_2020-01-30 18:41:11.958785,0002,CA-310,2-39-126-20,America/Los_Angeles,000000668,"[{'WhPerMile': 425, 'kWhRequested': 4.25, 'milesRequested': 10, 'minutesAvailable': 61, 'modifiedAt': 'Thu, 30 Jan 2020 18:41:27 GMT', 'paymentRequired': True, 'requestedDeparture': 'Thu, 30 Jan 2020 19:42:12 GMT', 'userID': 668}]",7.226944444444444,5.9,18,Thursday,0,15,62.160000000000004
5e489b29f9af8b2c14967b8b,0039,2020-01-30 18:43:41,2020-01-31 01:37:12,2020-01-30 19:50:08,3.225,2_39_92_442_2020-01-30 18:43:41.315712,0002,CA-498,2-39-92-442,America/Los_Angeles,000002170,"[{'WhPerMile': 400, 'kWhRequested': 28.0, 'milesRequested': 70, 'minutesAvailable': 426, 'modifiedAt': 'Thu, 30 Jan 2020 18:43:47 GMT', 'paymentRequired': True, 'requestedDeparture': 'Fri, 31 Jan 2020 01:49:41 GMT', 'userID': 2170}]",6.891944444444444,1.1075,18,Thursday,0,15,48.375
5e489b29f9af8b2c14967b8c,0039,2020-01-30 18:50:51,2020-01-31 01:59:04,2020-01-30 20:51:25,6.412,2_39_124_22_2020-01-30 18:50:26.473192,0002,CA-312,2-39-124-22,America/Los_Angeles,000005594,"[{'WhPerMile': 360, 'kWhRequested': 9.0, 'milesRequested': 25, 'minutesAvailable': 465, 'modifiedAt': 'Thu, 30 Jan 2020 18:50:51 GMT', 'paymentRequired': True, 'requestedDeparture': 'Fri, 31 Jan 2020 02:35:51 GMT', 'userID': 5594}, {'WhPerMile': 360, 'kWhRequested': 9.0, 'milesRequested': 25, 'minutesAvailable': 465, 'modifiedAt': 'Thu, 30 Jan 2020 18:52:15 GMT', 'paymentRequired': True, 'requestedDeparture': 'Fri, 31 Jan 2020 02:35:51 GMT', 'userID': 5594}, {'WhPerMile': 360, 'kWhRequested': 9.0, 'milesRequested': 25, 'minutesAvailable': 155, 'modifiedAt': 'Thu, 30 Jan 2020 20:25:56 GMT', 'paymentRequired': True, 'requestedDeparture': 'Thu, 30 Jan 2020 21:25:51 GMT', 'userID': 5594}, {'WhPerMile': 360, 'kWhRequested': 9.0, 'milesRequested': 25, 'minutesAvailable': 155, 'modifiedAt': 'Thu, 30 Jan 2020 20:26:56 GMT', 'paymentRequired': True, 'requestedDeparture': 'Thu, 30 Jan 2020 21:25:51 GMT', 'userID': 5594}, {'WhPerMile': 360, 'kWhRequested': 9.0, 'milesRequested': 25, 'minutesAvailable': 156, 'modifiedAt': 'Thu, 30 Jan 2020 23:38:09 GMT', 'paymentRequired': True, 'requestedDeparture': 'Thu, 30 Jan 2020 21:26:51 GMT', 'userID': 5594}]",7.1369444444444445,2.0094444444444446,18,Thursday,0,15,96.17999999999999
5e489b29f9af8b2c14967b8d,0039,2020-01-30 19:33:59,2020-01-31 01:59:08,2020-01-30 20:13:39,1.849,2_39_91_441_2020-01-30 19:33:59.021470,0002,CA-499,2-39-91-441,America/Los_Angeles,000000891,"[{'WhPerMile': 400, 'kWhRequested': 8.0, 'milesRequested': 20, 'minutesAvailable': 216, 'modifiedAt': 'Thu, 30 Jan 2020 19:36:00 GMT', 'paymentRequired': True, 'requestedDeparture': 'Thu, 30 Jan 2020 23:09:59 GMT', 'userID': 891}]",6.4191666666666665,0.6611111111111111,19,Thursday,0,15,27.735
5e489b29f9af8b2c14967b8e,0039,2020-01-30 20:11:53,2020-01-31 02:04:20,2020-01-31 01:08:45,0.897,2_39_78_361_2020-01-30 20:11:52.730700,0002,CA-493,2-39-78-361,America/Los_Angeles,,,5.8741666666666665,4.947777777777778,20,Thursday,0,15,13.455
5e489b29f9af8b2c14967b8f,0039,2020-01-30 21:27:20,2020-01-31 02:49:49,2020-01-30 22:43:55,1.414,2_39_127_19_2020-01-30 21:27:19.822041,0002,CA-309,2-39-127-19,America/Los_Angeles,000000562,"[{'WhPerMile': 325, 'kWhRequested': 3.25, 'milesRequested': 10, 'minutesAvailable': 186, 'modifiedAt': 'Thu, 30 Jan 2020 21:27:56 GMT', 'paymentRequired': True, 'requestedDeparture': 'Fri, 31 Jan 2020 00:33:20 GMT', 'userID': 562}]",5.374722222222222,1.2763888888888888,21,Thursday,0,15,21.209999999999997
5e489b29f9af8b2c14967b90,0039,2020-01-30 22:25:57,2020-01-30 23:17:50,2020-01-30 22:46:14,2.88,2_39_79_379_2020-01-30 22:25:56.767707,0002,CA-327,2-39-79-379,America/Los_Angeles,000001384,"[{'WhPerMile': 400, 'kWhRequested': 36.0, 'milesRequested': 90, 'minutesAvailable': 132, 'modifiedAt': 'Thu, 30 Jan 2020 22:26:29 GMT', 'paymentRequired': True, 'requestedDeparture': 'Fri, 31 Jan 2020 00:37:57 GMT', 'userID': 1384}, {'WhPerMile': 400, 'kWhRequested': 36.0, 'milesRequested': 90, 'minutesAvailable': 132, 'modifiedAt': 'Thu, 30 Jan 2020 23:17:37 GMT', 'paymentRequired': True, 'requestedDeparture': 'Fri, 31 Jan 2020 00:37:57 GMT', 'userID': 1384}]",0.8647222222222222,0.33805555555555555,22,Thursday,0,15,43.199999999999996
5e489b29f9af8b2c14967b91,0039,2020-01-31 00:10:05,2020-01-31 04:31:02,2020-01-31 03:09:35,9.272,2_39_130_31_2020-01-31 00:10:05.351700,0002,CA-306,2-39-130-31,America/Los_Angeles,000001920,"[{'WhPerMile': 450, 'kWhRequested': 13.5, 'milesRequested': 30, 'minutesAvailable': 145, 'modifiedAt': 'Fri, 31 Jan 2020 00:11:00 GMT', 'paymentRequired': True, 'requestedDeparture': 'Fri, 31 Jan 2020 02:35:05 GMT', 'userID': 1920}, {'WhPerMile': 450, 'kWhRequested': 13.5, 'milesRequested': 30, 'minutesAvailable': 161, 'modifiedAt': 'Fri, 31 Jan 2020 00:11:24 GMT', 'paymentRequired': True, 'requestedDeparture': 'Fri, 31 Jan 2020 02:51:05 GMT', 'userID': 1920}, {'WhPerMile': 450, 'kWhRequested': 13.5, 'milesRequested': 30, 'minutesAvailable': 161, 'modifiedAt': 'Fri, 31 Jan 2020 00:11:39 GMT', 'paymentRequired': True, 'requestedDeparture': 'Fri, 31 Jan 2020 02:51:05 GMT', 'userID': 1920}]",4.349166666666667,2.9916666666666667,0,Friday,0,15,139.08
5e489b29f9af8b2c14967b92,0039,2020-01-31 00:56:35,2020-01-31 03:07:57,2020-01-31 01:41:57,3.891,2_39_91_437_2020-01-31 00:56:22.560446,0002,CA-317,2-39-91-437,America/Los_Angeles,000003123,"[{'WhPerMile': 400, 'kWhRequested': 4.0, 'milesRequested': 10, 'minutesAvailable': 154, 'modifiedAt': 'Fri, 31 Jan 2020 00:56:35 GMT', 'paymentRequired': True, 'requestedDeparture': 'Fri, 31 Jan 2020 03:30:35 GMT', 'userID': 3123}]",2.1894444444444443,0.7561111111111111,0,Friday,0,15,58.365
5e489b29f9af8b2c14967b93,0039,2020-01-31 02:38:40,2020-01-31 06:22:15,2020-01-31 06:22:10,12.743,2_39_89_25_2020-01-31 02:38:40.327787,0002,CA-315,2-39-89-25,America/Los_Angeles,000001108,"[{'WhPerMile': 400, 'kWhRequested': 20.0, 'milesRequested': 50, 'minutesAvailable': 235, 'modifiedAt': 'Fri, 31 Jan 2020 02:39:04 GMT', 'paymentRequired': True, 'requestedDeparture': 'Fri, 31 Jan 2020 06:33:40 GMT', 'userID': 1108}]",3.7263888888888888,3.725,2,Friday,0,15,191.145
5e489b29f9af8b2c14967b94,0039,2020-01-31 04:50:49,2020-01-31 05:43:29,2020-01-31 05:43:25,2.929,2_39_139_28_2020-01-31 04:50:48.896465,0002,CA-303,2-39-139-28,America/Los_Angeles,000001263,"[{'WhPerMile': 400, 'kWhRequested': 12.0, 'milesRequested': 30, 'minutesAvailable': 115, 'modifiedAt': 'Fri, 31 Jan 2020 04:51:12 GMT', 'paymentRequired': True, 'requestedDeparture': 'Fri, 31 Jan 2020 06:45:49 GMT', 'userID': 1263}]",0.8777777777777778,0.8766666666666667,4,Friday,0,15,43.934999999999995
5e49ecb2f9af8b304c13b33e,0039,2020-01-31 12:56:01,2020-01-31 14:19:42,2020-01-31 14:19:37,8.193,2_39_131_30_2020-01-31 12:56:01.003882,0002,CA-305,2-39-131-30,America/Los_Angeles,000000300,"[{'WhPerMile': 400, 'kWhRequested': 32.0, 'milesRequested': 80, 'minutesAvailable': 638, 'modifiedAt': 'Fri, 31 Jan 2020 12:56:57 GMT', 'paymentRequired': True, 'requestedDeparture': 'Fri, 31 Jan 2020 23:34:01 GMT', 'userID': 300}]",1.3947222222222222,1.3933333333333333,12,Friday,0,15,122.895
5e49ecb2f9af8b304c13b33f,0039,2020-01-31 14:49:55,2020-02-01 15:49:35,2020-01-31 18:55:11,13.5,2_39_79_383_2020-01-31 14:49:02.440573,0002,CA-492,2-39-79-383,America/Los_Angeles,000004913,"[{'WhPerMile': 400, 'kWhRequested': 20.0, 'milesRequested': 50, 'minutesAvailable': 720, 'modifiedAt': 'Fri, 31 Jan 2020 14:49:55 GMT', 'paymentRequired': True, 'requestedDeparture': 'Sat, 01 Feb 2020 02:49:55 GMT', 'userID': 4913}]",24.994444444444444,4.087777777777778,14,Friday,0,15,202.5
5e49ecb2f9af8b304c13b340,0039,2020-01-31 15:44:59,2020-02-01 01:58:57,2020-01-31 17:00:34,2.589,2_39_79_382_2020-01-31 15:44:59.398284,0002,CA-491,2-39-79-382,America/Los_Angeles,000004701,"[{'WhPerMile': 300, 'kWhRequested': 12.0, 'milesRequested': 40, 'minutesAvailable': 392, 'modifiedAt': 'Fri, 31 Jan 2020 15:45:10 GMT', 'paymentRequired': True, 'requestedDeparture': 'Fri, 31 Jan 2020 22:16:59 GMT', 'userID': 4701}]",10.232777777777779,1.2597222222222222,15,Friday,0,15,38.835
5e49ecb2f9af8b304c13b341,0039,2020-01-31 15:45:53,2020-01-31 19:28:56,2020-01-31 16:30:32,4.132,2_39_139_28_2020-01-31 15:45:53.331331,0002,CA-303,2-39-139-28,America/Los_Angeles,000000710,"[{'WhPerMile': 400, 'kWhRequested': 56.0, 'milesRequested': 140, 'minutesAvailable': 273, 'modifiedAt': 'Fri, 31 Jan 2020 15:46:20 GMT', 'paymentRequired': True, 'requestedDeparture': 'Fri, 31 Jan 2020 20:18:53 GMT', 'userID': 710}]",3.7175,0.7441666666666666,15,Friday,0,15,61.98
5e49ecb2f9af8b304c13b342,0039,2020-01-31 15:47:15,2020-01-31 23:37:03,2020-01-31 20:46:29,16.403,2_39_78_366_2020-01-31 15:47:15.144555,0002,CA-323,2-39-78-366,America/Los_Angeles,000003853,"[{'WhPerMile': 360, 'kWhRequested': 21.6, 'milesRequested': 60, 'minutesAvailable': 523, 'modifiedAt': 'Fri, 31 Jan 2020 15:47:28 GMT', 'paymentRequired': True, 'requestedDeparture': 'Sat, 01 Feb 2020 00:30:15 GMT', 'userID': 3853}]",7.83,4.987222222222222,15,Friday,0,15,246.045
5e49ecb2f9af8b304c13b343,0039,2020-01-31 15:57:17,2020-01-31 21:35:43,2020-01-31 21:26:16,0.839,2_39_79_380_2020-01-31 15:57:17.033463,0002,CA-489,2-39-79-380,America/Los_Angeles,,,5.640555555555555,5.483055555555556,15,Friday,0,15,12.584999999999999
5e49ecb2f9af8b304c13b344,0039,2020-01-31 16:10:30,2020-02-01 02:22:06,2020-01-31 20:59:52,30.84,2_39_95_27_2020-01-31 16:10:29.735207,0002,CA-319,2-39-95-27,America/Los_Angeles,000000248,"[{'WhPerMile': 250, 'kWhRequested': 35.0, 'milesRequested': 140, 'minutesAvailable': 569, 'modifiedAt': 'Fri, 31 Jan 2020 16:10:46 GMT', 'paymentRequired': True, 'requestedDeparture': 'Sat, 01 Feb 2020 01:39:30 GMT', 'userID': 248}]",10.193333333333333,4.822777777777778,16,Friday,0,15,462.6
5e49ecb2f9af8b304c13b345,0039,2020-01-31 16:16:29,2020-02-01 01:06:26,2020-01-31 22:29:00,35.559,2_39_78_364_2020-01-31 16:16:29.292436,0002,CA-495,2-39-78-364,America/Los_Angeles,000003449,"[{'WhPerMile': 276, 'kWhRequested': 40.02, 'milesRequested': 145, 'minutesAvailable': 494, 'modifiedAt': 'Fri, 31 Jan 2020 16:16:47 GMT', 'paymentRequired': True, 'requestedDeparture': 'Sat, 01 Feb 2020 00:30:29 GMT', 'userID': 3449}]",8.8325,6.208611111111111,16,Friday,0,15,533.385
5e49ecb2f9af8b304c13b346,0039,2020-01-31 16:24:44,2020-02-01 00:53:53,2020-01-31 20:56:23,15.185,2_39_131_30_2020-01-31 16:24:34.767359,0002,CA-305,2-39-131-30,America/Los_Angeles,000004947,"[{'WhPerMile': 380, 'kWhRequested': 19.0, 'milesRequested': 50, 'minutesAvailable': 499, 'modifiedAt': 'Fri, 31 Jan 2020 16:24:44 GMT', 'paymentRequired': True, 'requestedDeparture': 'Sat, 01 Feb 2020 00:43:44 GMT', 'userID': 4947}]",8.485833333333334,4.5275,16,Friday,0,15,227.775
5e49ecb2f9af8b304c13b347,0039,2020-01-31 16:29:43,2020-01-31 22:00:30,2020-01-31 22:01:30,5.677,2_39_78_362_2020-01-31 16:29:42.678168,0002,CA-496,2-39-78-362,America/Los_Angeles,000001470,"[{'WhPerMile': 292, 'kWhRequested': 17.52, 'milesRequested': 60, 'minutesAvailable': 328, 'modifiedAt': 'Fri, 31 Jan 2020 16:30:03 GMT', 'paymentRequired': True, 'requestedDeparture': 'Fri, 31 Jan 2020 21:57:43 GMT', 'userID': 1470}]",5.513055555555556,5.529722222222222,16,Friday,0,15,85.155
5e49ecb2f9af8b304c13b348,0039,2020-01-31 16:51:30,2020-02-01 00:27:57,2020-01-31 17:17:10,1.53,2_39_79_379_2020-01-31 16:51:29.797698,0002,CA-327,2-39-79-379,America/Los_Angeles,000000751,"[{'WhPerMile': 400, 'kWhRequested': 40.0, 'milesRequested': 100, 'minutesAvailable': 717, 'modifiedAt': 'Fri, 31 Jan 2020 16:53:36 GMT', 'paymentRequired': True, 'requestedDeparture': 'Sat, 01 Feb 2020 04:48:30 GMT', 'userID': 751}]",7.6075,0.42777777777777776,16,Friday,0,15,22.95
5e49ecb2f9af8b304c13b349,0039,2020-01-31 16:52:49,2020-01-31 22:40:19,2020-01-31 18:36:07,5.091,2_39_128_562_2020-01-31 16:52:49.352872,0002,CA-508,2-39-128-562,America/Los_Angeles,000001534,"[{'WhPerMile': 250, 'kWhRequested': 7.5, 'milesRequested': 30, 'minutesAvailable': 404, 'modifiedAt': 'Fri, 31 Jan 2020 16:53:49 GMT', 'paymentRequired': True, 'requestedDeparture': 'Fri, 31 Jan 2020 23:36:49 GMT', 'userID': 1534}]",5.791666666666667,1.7216666666666667,16,Friday,0,15,76.36500000000001
5e49ecb2f9af8b304c13b34a,0039,2020-01-31 17:09:29,2020-02-01 05:31:12,2020-01-31 19:02:23,5.537,2_39_127_19_2020-01-31 17:09:29.142043,0002,CA-309,2-39-127-19,America/Los_Angeles,000000567,"[{'WhPerMile': 400, 'kWhRequested': 8.0, 'milesRequested': 20, 'minutesAvailable': 411, 'modifiedAt': 'Fri, 31 Jan 2020 17:09:36 GMT', 'paymentRequired': True, 'requestedDeparture': 'Sat, 01 Feb 2020 00:00:29 GMT', 'userID': 567}]",12.361944444444445,1.8816666666666666,17,Friday,0,15,83.05499999999999
5e49ecb2f9af8b304c13b34b,0039,2020-01-31 17:15:18,2020-02-01 00:34:07,2020-01-31 18:57:22,3.623,2_39_126_20_2020-01-31 17:15:18.373212,0002,CA-310,2-39-126-20,America/Los_Angeles,000000620,"[{'WhPerMile': 400, 'kWhRequested': 12.0, 'milesRequested': 30, 'minutesAvailable': 471, 'modifiedAt': 'Fri, 31 Jan 2020 17:15:36 GMT', 'paymentRequired': True, 'requestedDeparture': 'Sat, 01 Feb 2020 01:06:18 GMT', 'userID': 620}]",7.313611111111111,1.701111111111111,17,Friday,0,15,54.345000000000006
5e49ecb2f9af8b304c13b34c,0039,2020-01-31 17:19:02,2020-01-31 18:36:53,2020-01-31 18:36:39,8.597,2_39_124_22_2020-01-31 17:19:01.991803,0002,CA-312,2-39-124-22,America/Los_Angeles,000003038,"[{'WhPerMile': 400, 'kWhRequested': 40.0, 'milesRequested': 100, 'minutesAvailable': 71, 'modifiedAt': 'Fri, 31 Jan 2020 17:19:36 GMT', 'paymentRequired': True, 'requestedDeparture': 'Fri, 31 Jan 2020 18:30:02 GMT', 'userID': 3038}]",1.2975,1.293611111111111,17,Friday,0,15,128.95499999999998
5e49ecb2f9af8b304c13b34d,0039,2020-01-31 17:33:21,2020-01-31 20:36:16,2020-01-31 19:13:54,0.916,2_39_123_23_2020-01-31 17:33:21.015835,0002,CA-313,2-39-123-23,America/Los_Angeles,,,3.048611111111111,1.6758333333333333,17,Friday,0,15,13.74
5e49ecb2f9af8b304c13b34e,0039,2020-01-31 17:47:39,2020-01-31 20:50:58,2020-01-31 19:44:57,6.078,2_39_79_376_2020-01-31 17:47:39.228872,0002,CA-324,2-39-79-376,America/Los_Angeles,000005368,"[{'WhPerMile': 400, 'kWhRequested': 8.0, 'milesRequested': 20, 'minutesAvailable': 73, 'modifiedAt': 'Fri, 31 Jan 2020 17:50:58 GMT', 'paymentRequired': True, 'requestedDeparture': 'Fri, 31 Jan 2020 19:00:39 GMT', 'userID': 5368}]",3.055277777777778,1.955,17,Friday,0,15,91.17
5e49ecb2f9af8b304c13b34f,0039,2020-01-31 17:47:53,2020-02-01 00:06:11,2020-01-31 19:42:37,12.026,2_39_88_24_2020-01-31 17:47:46.811725,0002,CA-314,2-39-88-24,America/Los_Angeles,000001912,"[{'WhPerMile': 400, 'kWhRequested': 20.0, 'milesRequested': 50, 'minutesAvailable': 333, 'modifiedAt': 'Fri, 31 Jan 2020 17:47:53 GMT', 'paymentRequired': True, 'requestedDeparture': 'Fri, 31 Jan 2020 23:20:53 GMT', 'userID': 1912}]",6.305,1.9122222222222223,17,Friday,0,15,180.39
5e49ecb2f9af8b304c13b350,0039,2020-01-31 17:49:56,2020-02-01 05:50:26,2020-01-31 18:37:37,1.457,2_39_91_437_2020-01-31 17:49:56.206264,0002,CA-317,2-39-91-437,America/Los_Angeles,000000324,"[{'WhPerMile': 444, 'kWhRequested': 8.88, 'milesRequested': 20, 'minutesAvailable': 45, 'modifiedAt': 'Fri, 31 Jan 2020 17:50:16 GMT', 'paymentRequired': True, 'requestedDeparture': 'Fri, 31 Jan 2020 18:34:56 GMT', 'userID': 324}]",12.008333333333333,0.7947222222222222,17,Friday,0,15,21.855
5e49ecb2f9af8b304c13b351,0039,2020-01-31 17:54:40,2020-02-01 01:17:04,2020-01-31 22:06:08,20.359,2_39_79_377_2020-01-31 17:54:40.052339,0002,CA-325,2-39-79-377,America/Los_Angeles,000000515,"[{'WhPerMile': 400, 'kWhRequested': 28.0, 'milesRequested': 70, 'minutesAvailable': 482, 'modifiedAt': 'Fri, 31 Jan 2020 17:54:59 GMT', 'paymentRequired': True, 'requestedDeparture': 'Sat, 01 Feb 2020 01:56:40 GMT', 'userID': 515}, {'WhPerMile': 400, 'kWhRequested': 28.0, 'milesRequested': 70, 'minutesAvailable': 482, 'modifiedAt': 'Fri, 31 Jan 2020 17:55:31 GMT', 'paymentRequired': True, 'requestedDeparture': 'Sat, 01 Feb 2020 01:56:40 GMT', 'userID': 515}]",7.373333333333333,4.191111111111111,17,Friday,0,15,305.38500000000005
5e49ecb2f9af8b304c13b352,0039,2020-01-31 17:57:34,2020-02-01 02:09:23,2020-01-31 19:47:08,11.812,2_39_78_360_2020-01-31 17:57:33.726807,0002,CA-322,2-39-78-360,America/Los_Angeles,000000714,"[{'WhPerMile': 400, 'kWhRequested': 24.0, 'milesRequested': 60, 'minutesAvailable': 361, 'modifiedAt': 'Fri, 31 Jan 2020 17:57:34 GMT', 'paymentRequired': True, 'requestedDeparture': 'Fri, 31 Jan 2020 23:58:34 GMT', 'userID': 714}, {'WhPerMile': 400, 'kWhRequested': 32.0, 'milesRequested': 80, 'minutesAvailable': 445, 'modifiedAt': 'Fri, 31 Jan 2020 17:58:05 GMT', 'paymentRequired': True, 'requestedDeparture': 'Sat, 01 Feb 2020 01:22:34 GMT', 'userID': 714}]",8.196944444444444,1.826111111111111,17,Friday,0,15,177.17999999999998
5e49ecb2f9af8b304c13b353,0039,2020-01-31 18:03:05,2020-01-31 21:36:53,2020-01-31 21:36:48,22.067,2_39_91_441_2020-01-31 18:03:05.440741,0002,CA-499,2-39-91-441,America/Los_Angeles,000002972,"[{'WhPerMile': 400, 'kWhRequested': 24.0, 'milesRequested': 60, 'minutesAvailable': 200, 'modifiedAt': 'Fri, 31 Jan 2020 18:03:50 GMT', 'paymentRequired': True, 'requestedDeparture': 'Fri, 31 Jan 2020 21:23:05 GMT', 'userID': 2972}, {'WhPerMile': 400, 'kWhRequested': 24.0, 'milesRequested': 60, 'minutesAvailable': 252, 'modifiedAt': 'Fri, 31 Jan 2020 18:04:54 GMT', 'paymentRequired': True, 'requestedDeparture': 'Fri, 31 Jan 2020 22:15:05 GMT', 'userID': 2972}, {'WhPerMile': 400, 'kWhRequested': 40.0, 'milesRequested': 100, 'minutesAvailable': 214, 'modifiedAt': 'Fri, 31 Jan 2020 20:38:16 GMT', 'paymentRequired': True, 'requestedDeparture': 'Fri, 31 Jan 2020 21:37:05 GMT', 'userID': 2972}]",3.5633333333333335,3.5619444444444444,18,Friday,0,15,331.005
5e49ecb2f9af8b304c13b354,0039,2020-01-31 18:12:54,2020-02-01 03:15:20,2020-01-31 20:11:10,10.986,2_39_92_436_2020-01-31 18:12:53.574050,0002,CA-318,2-39-92-436,America/Los_Angeles,000000558,"[{'WhPerMile': 400, 'kWhRequested': 20.0, 'milesRequested': 50, 'minutesAvailable': 60, 'modifiedAt': 'Fri, 31 Jan 2020 18:12:56 GMT', 'paymentRequired': True, 'requestedDeparture': 'Fri, 31 Jan 2020 19:12:54 GMT', 'userID': 558}]",9.040555555555555,1.971111111111111,18,Friday,0,15,164.79000000000002
5e49ecb2f9af8b304c13b355,0039,2020-01-31 18:13:10,2020-02-01 01:48:46,2020-01-31 21:46:21,10.926,2_39_78_365_2020-01-31 18:13:09.694533,0002,CA-321,2-39-78-365,America/Los_Angeles,000001095,"[{'WhPerMile': 400, 'kWhRequested': 12.0, 'milesRequested': 30, 'minutesAvailable': 444, 'modifiedAt': 'Fri, 31 Jan 2020 18:16:17 GMT', 'paymentRequired': True, 'requestedDeparture': 'Sat, 01 Feb 2020 01:37:10 GMT', 'userID': 1095}]",7.593333333333334,3.5530555555555554,18,Friday,0,15,163.89000000000001
5e49ecb2f9af8b304c13b356,0039,2020-01-31 18:24:42,2020-02-01 01:12:30,2020-02-01 00:24:40,4.164,2_39_89_25_2020-01-31 18:24:42.202193,0002,CA-315,2-39-89-25,America/Los_Angeles,000000668,"[{'WhPerMile': 425, 'kWhRequested': 4.25, 'milesRequested': 10, 'minutesAvailable': 61, 'modifiedAt': 'Fri, 31 Jan 2020 18:24:56 GMT', 'paymentRequired': True, 'requestedDeparture': 'Fri, 31 Jan 2020 19:25:42 GMT', 'userID': 668}]",6.796666666666667,5.999444444444444,18,Friday,0,15,62.459999999999994
5e49ecb2f9af8b304c13b357,0039,2020-01-31 18:35:40,2020-02-01 00:36:34,2020-02-01 00:25:48,0.933,2_39_90_440_2020-01-31 18:35:39.931704,0002,CA-500,2-39-90-440,America/Los_Angeles,,,6.015,5.835555555555556,18,Friday,0,15,13.995000000000001
5e49ecb2f9af8b304c13b358,0039,2020-01-31 19:13:17,2020-02-01 00:36:45,2020-01-31 19:45:27,1.846,2_39_88_438_2020-01-31 19:13:16.597023,0002,CA-502,2-39-88-438,America/Los_Angeles,000001091,"[{'WhPerMile': 300, 'kWhRequested': 9.0, 'milesRequested': 30, 'minutesAvailable': 139, 'modifiedAt': 'Fri, 31 Jan 2020 19:13:39 GMT', 'paymentRequired': True, 'requestedDeparture': 'Fri, 31 Jan 2020 21:32:17 GMT', 'userID': 1091}]",5.391111111111111,0.5361111111111111,19,Friday,0,15,27.69
5e49ecb2f9af8b304c13b359,0039,2020-01-31 19:18:25,2020-02-01 01:57:18,2020-01-31 20:02:17,1.821,2_39_128_18_2020-01-31 19:18:25.018006,0002,CA-308,2-39-128-18,America/Los_Angeles,000000891,"[{'WhPerMile': 400, 'kWhRequested': 8.0, 'milesRequested': 20, 'minutesAvailable': 216, 'modifiedAt': 'Fri, 31 Jan 2020 19:18:30 GMT', 'paymentRequired': True, 'requestedDeparture': 'Fri, 31 Jan 2020 22:54:25 GMT', 'userID': 891}]",6.648055555555556,0.7311111111111112,19,Friday,0,15,27.314999999999998
5e49ecb2f9af8b304c13b35a,0039,2020-01-31 19:31:03,2020-02-01 00:17:01,2020-01-31 23:47:03,22.382,2_39_124_22_2020-01-31 19:31:02.732056,0002,CA-312,2-39-124-22,America/Los_Angeles,000004011,"[{'WhPerMile': 375, 'kWhRequested': 22.5, 'milesRequested': 60, 'minutesAvailable': 304, 'modifiedAt': 'Fri, 31 Jan 2020 19:31:34 GMT', 'paymentRequired': True, 'requestedDeparture': 'Sat, 01 Feb 2020 00:35:03 GMT', 'userID': 4011}, {'WhPerMile': 375, 'kWhRequested': 22.5, 'milesRequested': 60, 'minutesAvailable': 304, 'modifiedAt': 'Sat, 01 Feb 2020 00:16:47 GMT', 'paymentRequired': True, 'requestedDeparture': 'Sat, 01 Feb 2020 00:35:03 GMT', 'userID': 4011}]",4.766111111111111,4.266666666666667,19,Friday,0,15,335.73
5e49ecb2f9af8b304c13b35b,0039,2020-01-31 20:27:06,2020-02-01 02:43:23,2020-01-31 22:28:40,6.524,2_39_89_439_2020-01-31 20:27:05.607522,0002,CA-501,2-39-89-439,America/Los_Angeles,000001124,"[{'WhPerMile': 400, 'kWhRequested': 8.0, 'milesRequested': 20, 'minutesAvailable': 60, 'modifiedAt': 'Fri, 31 Jan 2020 20:27:28 GMT', 'paymentRequired': True, 'requestedDeparture': 'Fri, 31 Jan 2020 21:27:06 GMT', 'userID': 1124}]",6.271388888888889,2.026111111111111,20,Friday,0,15,97.86
5e49ecb2f9af8b304c13b35c,0039,2020-01-31 21:15:56,2020-01-31 23:57:03,2020-01-31 22:26:44,2.182,2_39_123_23_2020-01-31 21:15:56.482574,0002,CA-313,2-39-123-23,America/Los_Angeles,000000560,"[{'WhPerMile': 400, 'kWhRequested': 8.0, 'milesRequested': 20, 'minutesAvailable': 258, 'modifiedAt': 'Fri, 31 Jan 2020 21:16:05 GMT', 'paymentRequired': True, 'requestedDeparture': 'Sat, 01 Feb 2020 01:33:56 GMT', 'userID': 560}]",2.685277777777778,1.18,21,Friday,0,15,32.73
5e49ecb2f9af8b304c13b35d,0039,2020-01-31 21:19:25,2020-02-01 04:13:18,2020-02-01 04:13:06,0.751,2_39_139_28_2020-01-31 21:19:24.572549,0002,CA-303,2-39-139-28,America/Los_Angeles,,,6.898055555555556,6.894722222222223,21,Friday,0,15,11.265
5e49ecb2f9af8b304c13b35e,0039,2020-01-31 21:40:27,2020-02-01 02:17:50,2020-01-31 23:33:03,5.929,2_39_79_376_2020-01-31 21:40:27.060361,0002,CA-324,2-39-79-376,America/Los_Angeles,000000562,"[{'WhPerMile': 325, 'kWhRequested': 3.25, 'milesRequested': 10, 'minutesAvailable': 186, 'modifiedAt': 'Fri, 31 Jan 2020 21:40:50 GMT', 'paymentRequired': True, 'requestedDeparture': 'Sat, 01 Feb 2020 00:46:27 GMT', 'userID': 562}, {'WhPerMile': 325, 'kWhRequested': 6.5, 'milesRequested': 20, 'minutesAvailable': 186, 'modifiedAt': 'Fri, 31 Jan 2020 21:41:03 GMT', 'paymentRequired': True, 'requestedDeparture': 'Sat, 01 Feb 2020 00:46:27 GMT', 'userID': 562}]",4.623055555555555,1.8766666666666667,21,Friday,0,15,88.935
5e49ecb2f9af8b304c13b35f,0039,2020-01-31 21:44:46,2020-02-01 00:05:07,2020-01-31 22:10:10,2.258,2_39_91_441_2020-01-31 21:44:45.654442,0002,CA-499,2-39-91-441,America/Los_Angeles,000001087,"[{'WhPerMile': 400, 'kWhRequested': 20.0, 'milesRequested': 50, 'minutesAvailable': 203, 'modifiedAt': 'Fri, 31 Jan 2020 21:44:51 GMT', 'paymentRequired': True, 'requestedDeparture': 'Sat, 01 Feb 2020 01:07:46 GMT', 'userID': 1087}]",2.339166666666667,0.42333333333333334,21,Friday,0,15,33.87
5e49ecb2f9af8b304c13b360,0039,2020-01-31 22:34:02,2020-02-01 01:12:28,2020-02-01 00:08:52,0.827,2_39_79_380_2020-01-31 22:34:02.501730,0002,CA-489,2-39-79-380,America/Los_Angeles,,,2.6405555555555558,1.5805555555555555,22,Friday,0,15,12.405
5e49ecb2f9af8b304c13b361,0039,2020-02-01 00:38:14,2020-02-01 02:30:44,2020-02-01 01:22:21,1.973,2_39_123_23_2020-02-01 00:38:13.655153,0002,CA-313,2-39-123-23,America/Los_Angeles,000001920,"[{'WhPerMile': 450, 'kWhRequested': 13.5, 'milesRequested': 30, 'minutesAvailable': 161, 'modifiedAt': 'Sat, 01 Feb 2020 00:39:04 GMT', 'paymentRequired': True, 'requestedDeparture': 'Sat, 01 Feb 2020 03:19:14 GMT', 'userID': 1920}, {'WhPerMile': 450, 'kWhRequested': 13.5, 'milesRequested': 30, 'minutesAvailable': 161, 'modifiedAt': 'Sat, 01 Feb 2020 00:39:08 GMT', 'paymentRequired': True, 'requestedDeparture': 'Sat, 01 Feb 2020 03:19:14 GMT', 'userID': 1920}, {'WhPerMile': 450, 'kWhRequested': 13.5, 'milesRequested': 30, 'minutesAvailable': 153, 'modifiedAt': 'Sat, 01 Feb 2020 00:39:25 GMT', 'paymentRequired': True, 'requestedDeparture': 'Sat, 01 Feb 2020 03:11:14 GMT', 'userID': 1920}]",1.875,0.7352777777777778,0,Saturday,1,15,29.595000000000002
5e49ecb2f9af8b304c13b362,0039,2020-02-01 02:45:42,2020-02-01 03:41:09,2020-02-01 03:16:35,0.658,2_39_83_386_2020-02-01 02:45:42.182945,0002,CA-212,2-39-83-386,America/Los_Angeles,,,0.9241666666666667,0.5147222222222222,2,Saturday,1,15,9.870000000000001
5e49ecb2f9af8b304c13b363,0039,2020-02-01 03:06:06,2020-02-01 03:25:52,2020-02-01 03:25:47,0.614,2_39_126_20_2020-02-01 03:06:06.501159,0002,CA-310,2-39-126-20,America/Los_Angeles,,,0.32944444444444443,0.32805555555555554,3,Saturday,1,15,9.209999999999999
5e4b3e1ff9af8b3419ebb2c3,0039,2020-02-01 17:25:26,2020-02-01 19:33:18,2020-02-01 19:33:14,10.575,2_39_138_29_2020-02-01 17:25:25.915270,0002,CA-304,2-39-138-29,America/Los_Angeles,000001085,"[{'WhPerMile': 250, 'kWhRequested': 15.0, 'milesRequested': 60, 'minutesAvailable': 142, 'modifiedAt': 'Sat, 01 Feb 2020 17:26:12 GMT', 'paymentRequired': True, 'requestedDeparture': 'Sat, 01 Feb 2020 19:47:26 GMT', 'userID': 1085}]",2.131111111111111,2.13,17,Saturday,1,15,158.625
5e4b3e1ff9af8b3419ebb2c4,0039,2020-02-01 18:17:27,2020-02-01 19:26:49,2020-02-01 19:05:12,1.984,2_39_139_28_2020-02-01 18:17:27.459175,0002,CA-303,2-39-139-28,America/Los_Angeles,000000365,"[{'WhPerMile': 333, 'kWhRequested': 9.99, 'milesRequested': 30, 'minutesAvailable': 104, 'modifiedAt': 'Sat, 01 Feb 2020 18:17:44 GMT', 'paymentRequired': True, 'requestedDeparture': 'Sat, 01 Feb 2020 20:01:27 GMT', 'userID': 365}]",1.156111111111111,0.7958333333333333,18,Saturday,1,15,29.759999999999998
5e4b3e1ff9af8b3419ebb2c5,0039,2020-02-01 19:28:05,2020-02-01 22:41:19,2020-02-01 21:50:20,7.767,2_39_79_382_2020-02-01 19:28:05.373541,0002,CA-491,2-39-79-382,America/Los_Angeles,000004701,"[{'WhPerMile': 300, 'kWhRequested': 12.0, 'milesRequested': 40, 'minutesAvailable': 199, 'modifiedAt': 'Sat, 01 Feb 2020 19:28:15 GMT', 'paymentRequired': True, 'requestedDeparture': 'Sat, 01 Feb 2020 22:47:05 GMT', 'userID': 4701}]",3.2205555555555554,2.370833333333333,19,Saturday,1,15,116.50500000000001
5e4b3e1ff9af8b3419ebb2c6,0039,2020-02-01 23:26:02,2020-02-02 01:32:40,2020-02-02 00:10:25,2.063,2_39_127_19_2020-02-01 23:26:01.934173,0002,CA-309,2-39-127-19,America/Los_Angeles,000001920,"[{'WhPerMile': 450, 'kWhRequested': 13.5, 'milesRequested': 30, 'minutesAvailable': 153, 'modifiedAt': 'Sat, 01 Feb 2020 23:26:39 GMT', 'paymentRequired': True, 'requestedDeparture': 'Sun, 02 Feb 2020 01:59:02 GMT', 'userID': 1920}, {'WhPerMile': 450, 'kWhRequested': 13.5, 'milesRequested': 30, 'minutesAvailable': 153, 'modifiedAt': 'Sat, 01 Feb 2020 23:26:45 GMT', 'paymentRequired': True, 'requestedDeparture': 'Sun, 02 Feb 2020 01:59:02 GMT', 'userID': 1920}]",2.1105555555555555,0.7397222222222222,23,Saturday,1,15,30.945000000000004
5e4b3e1ff9af8b3419ebb2c7,0039,2020-02-02 01:28:04,2020-02-03 04:21:23,2020-02-02 03:25:33,5.935,2_39_79_377_2020-02-02 01:28:04.324509,0002,CA-325,2-39-79-377,America/Los_Angeles,000001222,"[{'WhPerMile': 400, 'kWhRequested': 8.0, 'milesRequested': 20, 'minutesAvailable': 72, 'modifiedAt': 'Sun, 02 Feb 2020 01:29:04 GMT', 'paymentRequired': True, 'requestedDeparture': 'Sun, 02 Feb 2020 02:40:04 GMT', 'userID': 1222}]",26.88861111111111,1.9580555555555557,1,Sunday,1,15,89.02499999999999
5e4b3e1ff9af8b3419ebb2c8,0039,2020-02-02 01:49:23,2020-02-02 02:01:38,2020-02-02 02:01:36,1.324,2_39_78_366_2020-02-02 01:49:23.018552,0002,CA-323,2-39-78-366,America/Los_Angeles,000000248,"[{'WhPerMile': 250, 'kWhRequested': 17.5, 'milesRequested': 70, 'minutesAvailable': 228, 'modifiedAt': 'Sun, 02 Feb 2020 01:49:41 GMT', 'paymentRequired': True, 'requestedDeparture': 'Sun, 02 Feb 2020 05:37:23 GMT', 'userID': 248}]",0.20416666666666666,0.2036111111111111,1,Sunday,1,15,19.86
5e4b3e1ff9af8b3419ebb2c9,0039,2020-02-02 02:19:05,2020-02-02 06:13:10,2020-02-02 04:52:31,0.853,2_39_78_366_2020-02-02 02:19:04.964600,0002,CA-323,2-39-78-366,America/Los_Angeles,,,3.901388888888889,2.5572222222222223,2,Sunday,1,15,12.795
5e4b3e1ff9af8b3419ebb2ca,0039,2020-02-02 03:20:56,2020-02-02 04:04:57,2020-02-02 04:04:41,2.393,2_39_138_29_2020-02-02 03:20:56.333765,0002,CA-304,2-39-138-29,America/Los_Angeles,000004622,"[{'WhPerMile': 300, 'kWhRequested': 6.0, 'milesRequested': 20, 'minutesAvailable': 129, 'modifiedAt': 'Sun, 02 Feb 2020 03:21:23 GMT', 'paymentRequired': True, 'requestedDeparture': 'Sun, 02 Feb 2020 05:29:56 GMT', 'userID': 4622}, {'WhPerMile': 300, 'kWhRequested': 6.0, 'milesRequested': 20, 'minutesAvailable': 129, 'modifiedAt': 'Sun, 02 Feb 2020 04:04:52 GMT', 'paymentRequired': True, 'requestedDeparture': 'Sun, 02 Feb 2020 05:29:56 GMT', 'userID': 4622}]",0.7336111111111111,0.7291666666666666,3,Sunday,1,15,35.894999999999996
5e4b3e1ff9af8b3419ebb2cb,0039,2020-02-02 03:36:51,2020-02-02 22:20:39,2020-02-02 11:17:13,49.24,2_39_131_30_2020-02-02 03:36:50.527419,0002,CA-305,2-39-131-30,America/Los_Angeles,000000489,"[{'WhPerMile': 428, 'kWhRequested': 102.72, 'milesRequested': 240, 'minutesAvailable': 720, 'modifiedAt': 'Sun, 02 Feb 2020 03:38:20 GMT', 'paymentRequired': True, 'requestedDeparture': 'Sun, 02 Feb 2020 15:36:51 GMT', 'userID': 489}, {'WhPerMile': 428, 'kWhRequested': 102.72, 'milesRequested': 240, 'minutesAvailable': 633, 'modifiedAt': 'Sun, 02 Feb 2020 03:38:31 GMT', 'paymentRequired': True, 'requestedDeparture': 'Sun, 02 Feb 2020 14:09:51 GMT', 'userID': 489}]",18.73,7.672777777777778,3,Sunday,1,15,738.6
5e4c8f9cf9af8b37e97c7f59,0039,2020-02-02 16:26:39,2020-02-02 18:09:18,2020-02-02 17:50:11,4.019,2_39_89_25_2020-02-02 16:26:39.322813,0002,CA-315,2-39-89-25,America/Los_Angeles,000000743,"[{'WhPerMile': 400, 'kWhRequested': 8.0, 'milesRequested': 20, 'minutesAvailable': 69, 'modifiedAt': 'Sun, 02 Feb 2020 16:27:06 GMT', 'paymentRequired': True, 'requestedDeparture': 'Sun, 02 Feb 2020 17:35:39 GMT', 'userID': 743}]",1.7108333333333334,1.3922222222222222,16,Sunday,1,15,60.285000000000004
5e4c8f9cf9af8b37e97c7f5a,0039,2020-02-02 18:17:38,2020-02-02 22:52:53,2020-02-02 20:45:56,7.599,2_39_79_383_2020-02-02 18:17:37.513041,0002,CA-492,2-39-79-383,America/Los_Angeles,000001007,"[{'WhPerMile': 400, 'kWhRequested': 16.0, 'milesRequested': 40, 'minutesAvailable': 230, 'modifiedAt': 'Sun, 02 Feb 2020 18:18:04 GMT', 'paymentRequired': True, 'requestedDeparture': 'Sun, 02 Feb 2020 22:07:38 GMT', 'userID': 1007}, {'WhPerMile': 400, 'kWhRequested': 16.0, 'milesRequested': 40, 'minutesAvailable': 230, 'modifiedAt': 'Sun, 02 Feb 2020 22:52:34 GMT', 'paymentRequired': True, 'requestedDeparture': 'Sun, 02 Feb 2020 22:07:38 GMT', 'userID': 1007}]",4.5875,2.4716666666666667,18,Sunday,1,15,113.985
5e4c8f9cf9af8b37e97c7f5b,0039,2020-02-02 18:25:09,2020-02-02 21:29:49,2020-02-02 20:50:30,14.891,2_39_78_366_2020-02-02 18:25:09.017872,0002,CA-323,2-39-78-366,America/Los_Angeles,000000248,"[{'WhPerMile': 250, 'kWhRequested': 15.0, 'milesRequested': 60, 'minutesAvailable': 190, 'modifiedAt': 'Sun, 02 Feb 2020 18:25:24 GMT', 'paymentRequired': True, 'requestedDeparture': 'Sun, 02 Feb 2020 21:35:09 GMT', 'userID': 248}]",3.077777777777778,2.4225,18,Sunday,1,15,223.365
5e4c8f9cf9af8b37e97c7f5c,0039,2020-02-02 18:47:25,2020-02-02 19:58:04,2020-02-02 19:17:32,0.85,2_39_89_25_2020-02-02 18:47:24.553518,0002,CA-315,2-39-89-25,America/Los_Angeles,,,1.1775,0.5019444444444444,18,Sunday,1,15,12.75
5e4c8f9cf9af8b37e97c7f5d,0039,2020-02-02 19:17:43,2020-02-02 21:25:36,2020-02-02 21:01:41,5.162,2_39_127_19_2020-02-02 19:17:42.763107,0002,CA-309,2-39-127-19,America/Los_Angeles,000004622,"[{'WhPerMile': 300, 'kWhRequested': 6.0, 'milesRequested': 20, 'minutesAvailable': 129, 'modifiedAt': 'Sun, 02 Feb 2020 19:18:00 GMT', 'paymentRequired': True, 'requestedDeparture': 'Sun, 02 Feb 2020 21:26:43 GMT', 'userID': 4622}, {'WhPerMile': 300, 'kWhRequested': 6.0, 'milesRequested': 20, 'minutesAvailable': 129, 'modifiedAt': 'Sun, 02 Feb 2020 21:23:54 GMT', 'paymentRequired': True, 'requestedDeparture': 'Sun, 02 Feb 2020 21:26:43 GMT', 'userID': 4622}]",2.131388888888889,1.7327777777777778,19,Sunday,1,15,77.42999999999999
5e4c8f9cf9af8b37e97c7f5e,0039,2020-02-02 20:04:54,2020-02-02 23:04:24,2020-02-02 21:25:01,7.759,2_39_139_28_2020-02-02 20:04:53.837784,0002,CA-303,2-39-139-28,America/Los_Angeles,000002290,"[{'WhPerMile': 425, 'kWhRequested': 12.75, 'milesRequested': 30, 'minutesAvailable': 446, 'modifiedAt': 'Sun, 02 Feb 2020 20:06:37 GMT', 'paymentRequired': True, 'requestedDeparture': 'Mon, 03 Feb 2020 03:30:54 GMT', 'userID': 2290}]",2.9916666666666667,1.3352777777777778,20,Sunday,1,15,116.385
5e4c8f9cf9af8b37e97c7f5f,0039,2020-02-02 20:27:26,2020-02-02 21:47:30,2020-02-02 21:08:52,3.144,2_39_138_29_2020-02-02 20:27:26.252406,0002,CA-304,2-39-138-29,America/Los_Angeles,000000798,"[{'WhPerMile': 400, 'kWhRequested': 8.0, 'milesRequested': 20, 'minutesAvailable': 78, 'modifiedAt': 'Sun, 02 Feb 2020 20:30:35 GMT', 'paymentRequired': True, 'requestedDeparture': 'Sun, 02 Feb 2020 21:45:26 GMT', 'userID': 798}]",1.3344444444444445,0.6905555555555556,20,Sunday,1,15,47.160000000000004
5e4c8f9cf9af8b37e97c7f60,0039,2020-02-02 22:51:37,2020-02-02 23:41:08,2020-02-02 23:41:03,5.244,2_39_79_382_2020-02-02 22:51:36.597889,0002,CA-491,2-39-79-382,America/Los_Angeles,000004701,"[{'WhPerMile': 300, 'kWhRequested': 12.0, 'milesRequested': 40, 'minutesAvailable': 157, 'modifiedAt': 'Sun, 02 Feb 2020 22:51:58 GMT', 'paymentRequired': True, 'requestedDeparture': 'Mon, 03 Feb 2020 01:28:37 GMT', 'userID': 4701}]",0.8252777777777778,0.8238888888888889,22,Sunday,1,15,78.66
5e53271ff9af8b6cadce9b78,0039,2020-02-07 16:56:38,2020-02-08 05:30:33,2020-02-08 05:29:37,2.033,2_39_90_26_2020-02-07 16:56:37.631084,0002,CA-316,2-39-90-26,America/Los_Angeles,000000324,"[{'WhPerMile': 444, 'kWhRequested': 8.88, 'milesRequested': 20, 'minutesAvailable': 163, 'modifiedAt': 'Fri, 07 Feb 2020 16:56:48 GMT', 'paymentRequired': True, 'requestedDeparture': 'Fri, 07 Feb 2020 19:39:38 GMT', 'userID': 324}]",12.565277777777778,12.549722222222222,16,Friday,0,15,30.494999999999997
5e5478a1f9af8b6ed9f635ad,0039,2020-02-08 08:23:48,2020-02-08 20:31:11,2020-02-08 10:45:03,13.897,2_39_79_383_2020-02-08 08:23:48.075885,0002,CA-492,2-39-79-383,America/Los_Angeles,000003267,"[{'WhPerMile': 400, 'kWhRequested': 40.0, 'milesRequested': 100, 'minutesAvailable': 428, 'modifiedAt': 'Sat, 08 Feb 2020 08:24:05 GMT', 'paymentRequired': True, 'requestedDeparture': 'Sat, 08 Feb 2020 15:31:48 GMT', 'userID': 3267}]",12.123055555555556,2.3541666666666665,8,Saturday,1,15,208.455
5e5478a1f9af8b6ed9f635ae,0039,2020-02-08 17:54:08,2020-02-08 19:22:51,2020-02-08 19:22:47,9.878,2_39_139_28_2020-02-08 17:54:07.821589,0002,CA-303,2-39-139-28,America/Los_Angeles,000000248,"[{'WhPerMile': 250, 'kWhRequested': 15.0, 'milesRequested': 60, 'minutesAvailable': 190, 'modifiedAt': 'Sat, 08 Feb 2020 17:55:10 GMT', 'paymentRequired': True, 'requestedDeparture': 'Sat, 08 Feb 2020 21:04:08 GMT', 'userID': 248}]",1.478611111111111,1.4775,17,Saturday,1,15,148.17000000000002
5e5478a1f9af8b6ed9f635af,0039,2020-02-08 18:06:04,2020-02-08 19:00:40,2020-02-08 18:43:38,1.435,2_39_131_30_2020-02-08 18:06:04.141281,0002,CA-305,2-39-131-30,America/Los_Angeles,000000365,"[{'WhPerMile': 333, 'kWhRequested': 9.99, 'milesRequested': 30, 'minutesAvailable': 104, 'modifiedAt': 'Sat, 08 Feb 2020 18:06:14 GMT', 'paymentRequired': True, 'requestedDeparture': 'Sat, 08 Feb 2020 19:50:04 GMT', 'userID': 365}]",0.91,0.6261111111111111,18,Saturday,1,15,21.525000000000002
5e5478a1f9af8b6ed9f635b0,0039,2020-02-08 20:30:57,2020-02-08 21:53:43,2020-02-08 21:24:28,4.443,2_39_139_28_2020-02-08 20:30:57.352499,0002,CA-303,2-39-139-28,America/Los_Angeles,000000798,"[{'WhPerMile': 400, 'kWhRequested': 12.0, 'milesRequested': 30, 'minutesAvailable': 96, 'modifiedAt': 'Sat, 08 Feb 2020 20:33:44 GMT', 'paymentRequired': True, 'requestedDeparture': 'Sat, 08 Feb 2020 22:06:57 GMT', 'userID': 798}]",1.3794444444444445,0.8919444444444444,20,Saturday,1,15,66.645
5e5478a1f9af8b6ed9f635b1,0039,2020-02-08 20:33:20,2020-02-08 22:01:28,2020-02-08 22:01:23,4.699,2_39_131_30_2020-02-08 20:33:19.900255,0002,CA-305,2-39-131-30,America/Los_Angeles,000001236,"[{'WhPerMile': 400, 'kWhRequested': 8.0, 'milesRequested': 20, 'minutesAvailable': 67, 'modifiedAt': 'Sat, 08 Feb 2020 20:33:59 GMT', 'paymentRequired': True, 'requestedDeparture': 'Sat, 08 Feb 2020 21:40:20 GMT', 'userID': 1236}]",1.468888888888889,1.4675,20,Saturday,1,15,70.485
5e5478a1f9af8b6ed9f635b2,0039,2020-02-08 20:33:21,2020-02-09 00:38:20,2020-02-09 00:38:14,13.932,2_39_91_437_2020-02-08 20:33:19.507490,0002,CA-317,2-39-91-437,America/Los_Angeles,000001108,"[{'WhPerMile': 400, 'kWhRequested': 20.0, 'milesRequested': 50, 'minutesAvailable': 266, 'modifiedAt': 'Sat, 08 Feb 2020 20:33:20 GMT', 'paymentRequired': True, 'requestedDeparture': 'Sun, 09 Feb 2020 00:59:21 GMT', 'userID': 1108}]",4.083055555555555,4.081388888888889,20,Saturday,1,15,208.98000000000002
5e5478a1f9af8b6ed9f635b3,0039,2020-02-09 02:07:33,2020-02-09 03:57:26,2020-02-09 03:57:22,5.6,2_39_127_19_2020-02-09 02:07:32.864518,0002,CA-309,2-39-127-19,America/Los_Angeles,000004622,"[{'WhPerMile': 300, 'kWhRequested': 6.0, 'milesRequested': 20, 'minutesAvailable': 62, 'modifiedAt': 'Sun, 09 Feb 2020 02:07:57 GMT', 'paymentRequired': True, 'requestedDeparture': 'Sun, 09 Feb 2020 03:09:33 GMT', 'userID': 4622}]",1.831388888888889,1.8302777777777777,2,Sunday,1,15,84.0
5e5478a1f9af8b6ed9f635b4,0039,2020-02-09 03:45:48,2020-02-09 04:02:41,2020-02-09 04:02:38,1.224,2_39_78_367_2020-02-09 03:45:48.183745,0002,CA-494,2-39-78-367,America/Los_Angeles,000003267,"[{'WhPerMile': 400, 'kWhRequested': 40.0, 'milesRequested': 100, 'minutesAvailable': 670, 'modifiedAt': 'Sun, 09 Feb 2020 03:48:00 GMT', 'paymentRequired': True, 'requestedDeparture': 'Sun, 09 Feb 2020 14:55:48 GMT', 'userID': 3267}]",0.2813888888888889,0.28055555555555556,3,Sunday,1,15,18.36
5e5478a1f9af8b6ed9f635b5,0039,2020-02-09 04:20:09,2020-02-10 01:03:58,2020-02-09 14:51:50,0.912,2_39_78_367_2020-02-09 04:20:08.887971,0002,CA-494,2-39-78-367,America/Los_Angeles,,,20.73027777777778,10.528055555555556,4,Sunday,1,15,13.68
5e5478a1f9af8b6ed9f635b6,0039,2020-02-09 05:26:14,2020-02-09 18:39:14,2020-02-09 11:43:41,40.713,2_39_139_28_2020-02-09 05:26:13.928477,0002,CA-303,2-39-139-28,America/Los_Angeles,000000489,"[{'WhPerMile': 428, 'kWhRequested': 102.72, 'milesRequested': 240, 'minutesAvailable': 624, 'modifiedAt': 'Sun, 09 Feb 2020 05:26:35 GMT', 'paymentRequired': True, 'requestedDeparture': 'Sun, 09 Feb 2020 15:50:14 GMT', 'userID': 489}, {'WhPerMile': 428, 'kWhRequested': 102.72, 'milesRequested': 240, 'minutesAvailable': 589, 'modifiedAt': 'Sun, 09 Feb 2020 05:26:46 GMT', 'paymentRequired': True, 'requestedDeparture': 'Sun, 09 Feb 2020 15:15:14 GMT', 'userID': 489}, {'WhPerMile': 428, 'kWhRequested': 102.72, 'milesRequested': 240, 'minutesAvailable': 622, 'modifiedAt': 'Sun, 09 Feb 2020 05:26:56 GMT', 'paymentRequired': True, 'requestedDeparture': 'Sun, 09 Feb 2020 15:48:14 GMT', 'userID': 489}, {'WhPerMile': 428, 'kWhRequested': 107.0, 'milesRequested': 250, 'minutesAvailable': 603, 'modifiedAt': 'Sun, 09 Feb 2020 05:27:13 GMT', 'paymentRequired': True, 'requestedDeparture': 'Sun, 09 Feb 2020 15:29:14 GMT', 'userID': 489}, {'WhPerMile': 428, 'kWhRequested': 107.0, 'milesRequested': 250, 'minutesAvailable': 543, 'modifiedAt': 'Sun, 09 Feb 2020 05:27:24 GMT', 'paymentRequired': True, 'requestedDeparture': 'Sun, 09 Feb 2020 14:29:14 GMT', 'userID': 489}, {'WhPerMile': 428, 'kWhRequested': 107.0, 'milesRequested': 250, 'minutesAvailable': 707, 'modifiedAt': 'Sun, 09 Feb 2020 05:27:41 GMT', 'paymentRequired': True, 'requestedDeparture': 'Sun, 09 Feb 2020 17:13:14 GMT', 'userID': 489}, {'WhPerMile': 428, 'kWhRequested': 107.0, 'milesRequested': 250, 'minutesAvailable': 667, 'modifiedAt': 'Sun, 09 Feb 2020 05:27:47 GMT', 'paymentRequired': True, 'requestedDeparture': 'Sun, 09 Feb 2020 16:33:14 GMT', 'userID': 489}, {'WhPerMile': 428, 'kWhRequested': 107.0, 'milesRequested': 250, 'minutesAvailable': 655, 'modifiedAt': 'Sun, 09 Feb 2020 05:27:57 GMT', 'paymentRequired': True, 'requestedDeparture': 'Sun, 09 Feb 2020 16:21:14 GMT', 'userID': 489}, {'WhPerMile': 428, 'kWhRequested': 107.0, 'milesRequested': 250, 'minutesAvailable': 655, 'modifiedAt': 'Sun, 09 Feb 2020 05:28:17 GMT', 'paymentRequired': True, 'requestedDeparture': 'Sun, 09 Feb 2020 16:21:14 GMT', 'userID': 489}, {'WhPerMile': 428, 'kWhRequested': 102.72, 'milesRequested': 240, 'minutesAvailable': 655, 'modifiedAt': 'Sun, 09 Feb 2020 05:35:55 GMT', 'paymentRequired': True, 'requestedDeparture': 'Sun, 09 Feb 2020 16:21:14 GMT', 'userID': 489}]",13.216666666666667,6.2908333333333335,5,Sunday,1,15,610.695
5e5478a1f9af8b6ed9f635b7,0039,2020-02-09 06:05:04,2020-02-09 09:50:41,2020-02-09 09:50:33,24.842,2_39_79_383_2020-02-09 06:05:04.418380,0002,CA-492,2-39-79-383,America/Los_Angeles,000001470,"[{'WhPerMile': 292, 'kWhRequested': 29.2, 'milesRequested': 100, 'minutesAvailable': 301, 'modifiedAt': 'Sun, 09 Feb 2020 06:05:34 GMT', 'paymentRequired': True, 'requestedDeparture': 'Sun, 09 Feb 2020 11:06:04 GMT', 'userID': 1470}]",3.7602777777777776,3.7580555555555555,6,Sunday,1,15,372.63
5e55ca1ef9af8b760613c5bb,0039,2020-02-09 17:40:04,2020-02-09 19:16:05,2020-02-09 19:08:32,4.306,2_39_89_25_2020-02-09 17:40:03.864400,0002,CA-315,2-39-89-25,America/Los_Angeles,000000743,"[{'WhPerMile': 400, 'kWhRequested': 8.0, 'milesRequested': 20, 'minutesAvailable': 93, 'modifiedAt': 'Sun, 09 Feb 2020 17:40:34 GMT', 'paymentRequired': True, 'requestedDeparture': 'Sun, 09 Feb 2020 19:13:04 GMT', 'userID': 743}]",1.6002777777777777,1.4744444444444444,17,Sunday,1,15,64.59
5e55ca1ef9af8b760613c5bc,0039,2020-02-09 19:08:31,2020-02-09 20:35:31,2020-02-09 20:33:41,4.613,2_39_139_28_2020-02-09 19:08:30.966694,0002,CA-303,2-39-139-28,America/Los_Angeles,000001236,"[{'WhPerMile': 400, 'kWhRequested': 8.0, 'milesRequested': 20, 'minutesAvailable': 67, 'modifiedAt': 'Sun, 09 Feb 2020 19:12:06 GMT', 'paymentRequired': True, 'requestedDeparture': 'Sun, 09 Feb 2020 20:15:31 GMT', 'userID': 1236}, {'WhPerMile': 400, 'kWhRequested': 8.0, 'milesRequested': 20, 'minutesAvailable': 67, 'modifiedAt': 'Sun, 09 Feb 2020 20:35:20 GMT', 'paymentRequired': True, 'requestedDeparture': 'Sun, 09 Feb 2020 20:15:31 GMT', 'userID': 1236}]",1.45,1.4194444444444445,19,Sunday,1,15,69.19500000000001
5e55ca1ef9af8b760613c5bd,0039,2020-02-09 19:23:22,2020-02-09 20:44:36,2020-02-09 20:43:41,4.422,2_39_131_30_2020-02-09 19:23:22.190228,0002,CA-305,2-39-131-30,America/Los_Angeles,000005758,"[{'WhPerMile': 400, 'kWhRequested': 12.0, 'milesRequested': 30, 'minutesAvailable': 138, 'modifiedAt': 'Sun, 09 Feb 2020 19:25:10 GMT', 'paymentRequired': True, 'requestedDeparture': 'Sun, 09 Feb 2020 21:41:22 GMT', 'userID': 5758}, {'WhPerMile': 400, 'kWhRequested': 8.0, 'milesRequested': 20, 'minutesAvailable': 118, 'modifiedAt': 'Sun, 09 Feb 2020 20:07:23 GMT', 'paymentRequired': True, 'requestedDeparture': 'Sun, 09 Feb 2020 21:21:22 GMT', 'userID': 5758}, {'WhPerMile': 400, 'kWhRequested': 8.0, 'milesRequested': 20, 'minutesAvailable': 118, 'modifiedAt': 'Sun, 09 Feb 2020 20:44:24 GMT', 'paymentRequired': True, 'requestedDeparture': 'Sun, 09 Feb 2020 21:21:22 GMT', 'userID': 5758}]",1.353888888888889,1.3386111111111112,19,Sunday,1,15,66.33
5e55ca1ef9af8b760613c5be,0039,2020-02-09 20:15:00,2020-02-09 21:39:31,2020-02-09 20:43:42,4.735,2_39_91_437_2020-02-09 20:15:00.173473,0002,CA-317,2-39-91-437,America/Los_Angeles,000001108,"[{'WhPerMile': 400, 'kWhRequested': 20.0, 'milesRequested': 50, 'minutesAvailable': 99, 'modifiedAt': 'Sun, 09 Feb 2020 20:15:06 GMT', 'paymentRequired': True, 'requestedDeparture': 'Sun, 09 Feb 2020 21:54:00 GMT', 'userID': 1108}, {'WhPerMile': 400, 'kWhRequested': 20.0, 'milesRequested': 50, 'minutesAvailable': 99, 'modifiedAt': 'Sun, 09 Feb 2020 21:39:20 GMT', 'paymentRequired': True, 'requestedDeparture': 'Sun, 09 Feb 2020 21:54:00 GMT', 'userID': 1108}]",1.408611111111111,0.47833333333333333,20,Sunday,1,15,71.025
5e55ca1ef9af8b760613c5bf,0039,2020-02-09 20:37:38,2020-02-09 23:00:36,2020-02-09 21:58:40,8.702,2_39_90_26_2020-02-09 20:37:37.626720,0002,CA-316,2-39-90-26,America/Los_Angeles,000000364,"[{'WhPerMile': 200, 'kWhRequested': 10.0, 'milesRequested': 50, 'minutesAvailable': 136, 'modifiedAt': 'Sun, 09 Feb 2020 20:38:29 GMT', 'paymentRequired': True, 'requestedDeparture': 'Sun, 09 Feb 2020 22:53:38 GMT', 'userID': 364}, {'WhPerMile': 200, 'kWhRequested': 10.0, 'milesRequested': 50, 'minutesAvailable': 136, 'modifiedAt': 'Sun, 09 Feb 2020 23:00:24 GMT', 'paymentRequired': True, 'requestedDeparture': 'Sun, 09 Feb 2020 22:53:38 GMT', 'userID': 364}]",2.3827777777777777,1.3505555555555555,20,Sunday,1,15,130.53
5e55ca1ef9af8b760613c5c0,0039,2020-02-09 21:26:43,2020-02-10 00:41:19,2020-02-09 23:14:48,8.978817222222224,2_39_139_28_2020-02-09 21:26:42.678731,0002,CA-303,2-39-139-28,America/Los_Angeles,000000710,"[{'WhPerMile': 400, 'kWhRequested': 64.0, 'milesRequested': 160, 'minutesAvailable': 273, 'modifiedAt': 'Sun, 09 Feb 2020 21:27:09 GMT', 'paymentRequired': True, 'requestedDeparture': 'Mon, 10 Feb 2020 01:59:43 GMT', 'userID': 710}, {'WhPerMile': 400, 'kWhRequested': 64.0, 'milesRequested': 160, 'minutesAvailable': 273, 'modifiedAt': 'Mon, 10 Feb 2020 00:40:58 GMT', 'paymentRequired': True, 'requestedDeparture': 'Mon, 10 Feb 2020 01:59:43 GMT', 'userID': 710}, {'WhPerMile': 400, 'kWhRequested': 64.0, 'milesRequested': 160, 'minutesAvailable': 273, 'modifiedAt': 'Mon, 10 Feb 2020 00:41:08 GMT', 'paymentRequired': True, 'requestedDeparture': 'Mon, 10 Feb 2020 01:59:43 GMT', 'userID': 710}]",3.243333333333333,1.801388888888889,21,Sunday,1,15,134.68225833333335
5e55ca1ef9af8b760613c5c1,0039,2020-02-09 21:36:42,2020-02-09 22:30:48,2020-02-09 21:58:41,5.23,2_39_131_30_2020-02-09 21:36:41.879098,0002,CA-305,2-39-131-30,America/Los_Angeles,000001938,"[{'WhPerMile': 400, 'kWhRequested': 16.0, 'milesRequested': 40, 'minutesAvailable': 140, 'modifiedAt': 'Sun, 09 Feb 2020 21:36:54 GMT', 'paymentRequired': True, 'requestedDeparture': 'Sun, 09 Feb 2020 23:56:42 GMT', 'userID': 1938}, {'WhPerMile': 400, 'kWhRequested': 16.0, 'milesRequested': 40, 'minutesAvailable': 140, 'modifiedAt': 'Sun, 09 Feb 2020 21:37:11 GMT', 'paymentRequired': True, 'requestedDeparture': 'Sun, 09 Feb 2020 23:56:42 GMT', 'userID': 1938}, {'WhPerMile': 400, 'kWhRequested': 16.0, 'milesRequested': 40, 'minutesAvailable': 140, 'modifiedAt': 'Sun, 09 Feb 2020 21:37:31 GMT', 'paymentRequired': True, 'requestedDeparture': 'Sun, 09 Feb 2020 23:56:42 GMT', 'userID': 1938}, {'WhPerMile': 400, 'kWhRequested': 16.0, 'milesRequested': 40, 'minutesAvailable': 141, 'modifiedAt': 'Sun, 09 Feb 2020 21:38:17 GMT', 'paymentRequired': True, 'requestedDeparture': 'Sun, 09 Feb 2020 23:57:42 GMT', 'userID': 1938}, {'WhPerMile': 400, 'kWhRequested': 16.0, 'milesRequested': 40, 'minutesAvailable': 141, 'modifiedAt': 'Sun, 09 Feb 2020 21:46:17 GMT', 'paymentRequired': True, 'requestedDeparture': 'Sun, 09 Feb 2020 23:57:42 GMT', 'userID': 1938}, {'WhPerMile': 400, 'kWhRequested': 16.0, 'milesRequested': 40, 'minutesAvailable': 141, 'modifiedAt': 'Sun, 09 Feb 2020 22:30:37 GMT', 'paymentRequired': True, 'requestedDeparture': 'Sun, 09 Feb 2020 23:57:42 GMT', 'userID': 1938}]",0.9016666666666666,0.3663888888888889,21,Sunday,1,15,78.45
5e55ca1ef9af8b760613c5c2,0039,2020-02-09 22:31:47,2020-02-10 03:46:10,2020-02-09 23:14:48,7.893,2_39_130_31_2020-02-09 22:31:47.130267,0002,CA-306,2-39-130-31,America/Los_Angeles,000004521,"[{'WhPerMile': 400, 'kWhRequested': 8.0, 'milesRequested': 20, 'minutesAvailable': 136, 'modifiedAt': 'Sun, 09 Feb 2020 23:05:55 GMT', 'paymentRequired': True, 'requestedDeparture': 'Mon, 10 Feb 2020 00:47:47 GMT', 'userID': 4521}, {'WhPerMile': 400, 'kWhRequested': 8.0, 'milesRequested': 20, 'minutesAvailable': 136, 'modifiedAt': 'Mon, 10 Feb 2020 02:31:34 GMT', 'paymentRequired': True, 'requestedDeparture': 'Mon, 10 Feb 2020 00:47:47 GMT', 'userID': 4521}, {'WhPerMile': 400, 'kWhRequested': 8.0, 'milesRequested': 20, 'minutesAvailable': 136, 'modifiedAt': 'Mon, 10 Feb 2020 03:45:59 GMT', 'paymentRequired': True, 'requestedDeparture': 'Mon, 10 Feb 2020 00:47:47 GMT', 'userID': 4521}]",5.239722222222222,0.7169444444444445,22,Sunday,1,15,118.395
5e55ca1ef9af8b760613c5c3,0039,2020-02-09 22:32:08,2020-02-10 00:43:45,2020-02-09 23:12:03,0.791,2_39_127_19_2020-02-09 22:32:08.130090,0002,CA-309,2-39-127-19,America/Los_Angeles,000001920,"[{'WhPerMile': 450, 'kWhRequested': 13.5, 'milesRequested': 30, 'minutesAvailable': 154, 'modifiedAt': 'Sun, 09 Feb 2020 22:33:05 GMT', 'paymentRequired': True, 'requestedDeparture': 'Mon, 10 Feb 2020 01:06:08 GMT', 'userID': 1920}]",2.193611111111111,0.6652777777777777,22,Sunday,1,15,11.865
5e55ca1ef9af8b760613c5c4,0039,2020-02-09 22:46:08,2020-02-11 23:27:54,2020-02-10 00:49:25,12.627,2_39_79_383_2020-02-09 22:46:08.503356,0002,CA-492,2-39-79-383,America/Los_Angeles,000004913,"[{'WhPerMile': 400, 'kWhRequested': 20.0, 'milesRequested': 50, 'minutesAvailable': 720, 'modifiedAt': 'Sun, 09 Feb 2020 22:46:53 GMT', 'paymentRequired': True, 'requestedDeparture': 'Mon, 10 Feb 2020 10:46:08 GMT', 'userID': 4913}]",48.69611111111111,2.0547222222222223,22,Sunday,1,15,189.405
5e55ca1ef9af8b760613c5c5,0039,2020-02-10 00:46:34,2020-02-10 02:58:58,2020-02-10 00:49:27,0.865,2_39_139_28_2020-02-10 00:46:34.216522,0002,CA-303,2-39-139-28,America/Los_Angeles,,,2.2066666666666666,0.04805555555555555,0,Monday,0,15,12.975
5e55ca1ef9af8b760613c5c6,0039,2020-02-10 03:17:55,2020-02-10 04:10:46,2020-02-10 03:35:34,2.621,2_39_125_21_2020-02-10 03:17:55.087446,0002,CA-311,2-39-125-21,America/Los_Angeles,000004622,"[{'WhPerMile': 300, 'kWhRequested': 6.0, 'milesRequested': 20, 'minutesAvailable': 61, 'modifiedAt': 'Mon, 10 Feb 2020 03:18:17 GMT', 'paymentRequired': True, 'requestedDeparture': 'Mon, 10 Feb 2020 04:18:55 GMT', 'userID': 4622}, {'WhPerMile': 300, 'kWhRequested': 6.0, 'milesRequested': 20, 'minutesAvailable': 61, 'modifiedAt': 'Mon, 10 Feb 2020 04:10:35 GMT', 'paymentRequired': True, 'requestedDeparture': 'Mon, 10 Feb 2020 04:18:55 GMT', 'userID': 4622}]",0.8808333333333334,0.2941666666666667,3,Monday,0,15,39.315
5e571bacf9af8b7a25458753,0039,2020-02-10 15:46:46,2020-02-11 00:02:58,2020-02-10 19:21:27,1.108,2_39_79_382_2020-02-10 15:46:46.398453,0002,CA-491,2-39-79-382,America/Los_Angeles,,,8.27,3.5780555555555558,15,Monday,0,15,16.62
5e571bacf9af8b7a25458754,0039,2020-02-10 15:50:14,2020-02-11 01:44:07,2020-02-11 01:04:06,53.925,2_39_78_366_2020-02-10 15:50:14.315379,0002,CA-323,2-39-78-366,America/Los_Angeles,000003853,"[{'WhPerMile': 360, 'kWhRequested': 57.6, 'milesRequested': 160, 'minutesAvailable': 523, 'modifiedAt': 'Mon, 10 Feb 2020 15:50:57 GMT', 'paymentRequired': True, 'requestedDeparture': 'Tue, 11 Feb 2020 00:33:14 GMT', 'userID': 3853}]",9.898055555555555,9.231111111111112,15,Monday,0,15,808.875
5e571bacf9af8b7a25458756,0039,2020-02-10 16:48:55,2020-02-11 01:35:39,2020-02-10 19:26:17,6.113,2_39_79_379_2020-02-10 16:48:55.104952,0002,CA-327,2-39-79-379,America/Los_Angeles,000005368,"[{'WhPerMile': 400, 'kWhRequested': 8.0, 'milesRequested': 20, 'minutesAvailable': 73, 'modifiedAt': 'Mon, 10 Feb 2020 16:52:28 GMT', 'paymentRequired': True, 'requestedDeparture': 'Mon, 10 Feb 2020 18:01:55 GMT', 'userID': 5368}]",8.778888888888888,2.622777777777778,16,Monday,0,15,91.69500000000001
5e571bacf9af8b7a25458757,0039,2020-02-10 16:54:30,2020-02-11 02:01:20,2020-02-10 20:44:30,23.362,2_39_79_377_2020-02-10 16:54:30.344130,0002,CA-325,2-39-79-377,America/Los_Angeles,000001104,"[{'WhPerMile': 250, 'kWhRequested': 37.5, 'milesRequested': 150, 'minutesAvailable': 373, 'modifiedAt': 'Mon, 10 Feb 2020 16:54:57 GMT', 'paymentRequired': True, 'requestedDeparture': 'Mon, 10 Feb 2020 23:07:30 GMT', 'userID': 1104}]",9.113888888888889,3.8333333333333335,16,Monday,0,15,350.42999999999995
5e571bacf9af8b7a25458758,0039,2020-02-10 17:02:21,2020-02-11 05:03:22,2020-02-10 19:21:27,4.441,2_39_89_25_2020-02-10 17:02:21.409431,0002,CA-315,2-39-89-25,America/Los_Angeles,000000743,"[{'WhPerMile': 400, 'kWhRequested': 8.0, 'milesRequested': 20, 'minutesAvailable': 522, 'modifiedAt': 'Mon, 10 Feb 2020 17:02:50 GMT', 'paymentRequired': True, 'requestedDeparture': 'Tue, 11 Feb 2020 01:44:21 GMT', 'userID': 743}, {'WhPerMile': 400, 'kWhRequested': 8.0, 'milesRequested': 20, 'minutesAvailable': 522, 'modifiedAt': 'Mon, 10 Feb 2020 17:03:04 GMT', 'paymentRequired': True, 'requestedDeparture': 'Tue, 11 Feb 2020 01:44:21 GMT', 'userID': 743}]",12.016944444444444,2.3183333333333334,17,Monday,0,15,66.615
5e571bacf9af8b7a25458759,0039,2020-02-10 17:13:41,2020-02-11 03:41:42,2020-02-10 19:21:29,4.263,2_39_129_17_2020-02-10 17:13:40.859974,0002,CA-307,2-39-129-17,America/Los_Angeles,000000567,"[{'WhPerMile': 400, 'kWhRequested': 8.0, 'milesRequested': 20, 'minutesAvailable': 429, 'modifiedAt': 'Mon, 10 Feb 2020 17:15:04 GMT', 'paymentRequired': True, 'requestedDeparture': 'Tue, 11 Feb 2020 00:22:41 GMT', 'userID': 567}, {'WhPerMile': 400, 'kWhRequested': 8.0, 'milesRequested': 20, 'minutesAvailable': 429, 'modifiedAt': 'Mon, 10 Feb 2020 17:15:22 GMT', 'paymentRequired': True, 'requestedDeparture': 'Tue, 11 Feb 2020 00:22:41 GMT', 'userID': 567}, {'WhPerMile': 400, 'kWhRequested': 8.0, 'milesRequested': 20, 'minutesAvailable': 434, 'modifiedAt': 'Mon, 10 Feb 2020 17:20:49 GMT', 'paymentRequired': True, 'requestedDeparture': 'Tue, 11 Feb 2020 00:27:41 GMT', 'userID': 567}]",10.466944444444444,2.13,17,Monday,0,15,63.945
5e571bacf9af8b7a2545875a,0039,2020-02-10 17:13:53,2020-02-11 02:07:15,2020-02-10 19:21:29,5.946,2_39_95_27_2020-02-10 17:13:52.614563,0002,CA-319,2-39-95-27,America/Los_Angeles,000000891,"[{'WhPerMile': 400, 'kWhRequested': 8.0, 'milesRequested': 20, 'minutesAvailable': 216, 'modifiedAt': 'Mon, 10 Feb 2020 17:13:58 GMT', 'paymentRequired': True, 'requestedDeparture': 'Mon, 10 Feb 2020 20:49:53 GMT', 'userID': 891}]",8.889444444444445,2.1266666666666665,17,Monday,0,15,89.19
5e571bacf9af8b7a2545875b,0039,2020-02-10 17:32:16,2020-02-11 01:07:09,2020-02-11 00:18:49,9.891,2_39_88_438_2020-02-10 17:32:16.016758,0002,CA-502,2-39-88-438,America/Los_Angeles,000001534,"[{'WhPerMile': 250, 'kWhRequested': 10.0, 'milesRequested': 40, 'minutesAvailable': 404, 'modifiedAt': 'Mon, 10 Feb 2020 17:33:29 GMT', 'paymentRequired': True, 'requestedDeparture': 'Tue, 11 Feb 2020 00:16:16 GMT', 'userID': 1534}]",7.581388888888889,6.775833333333333,17,Monday,0,15,148.365
5e571bacf9af8b7a2545875c,0039,2020-02-10 17:36:51,2020-02-11 00:08:06,2020-02-10 19:21:28,4.375,2_39_127_19_2020-02-10 17:36:51.254035,0002,CA-309,2-39-127-19,America/Los_Angeles,000001912,"[{'WhPerMile': 400, 'kWhRequested': 20.0, 'milesRequested': 50, 'minutesAvailable': 392, 'modifiedAt': 'Mon, 10 Feb 2020 17:37:00 GMT', 'paymentRequired': True, 'requestedDeparture': 'Tue, 11 Feb 2020 00:08:51 GMT', 'userID': 1912}]",6.520833333333333,1.743611111111111,17,Monday,0,15,65.625
5e571bacf9af8b7a2545875d,0039,2020-02-10 17:37:15,2020-02-11 01:24:44,2020-02-11 01:25:44,27.234,2_39_78_362_2020-02-10 17:37:14.863493,0002,CA-496,2-39-78-362,America/Los_Angeles,000002961,"[{'WhPerMile': 400, 'kWhRequested': 40.0, 'milesRequested': 100, 'minutesAvailable': 459, 'modifiedAt': 'Mon, 10 Feb 2020 17:38:12 GMT', 'paymentRequired': True, 'requestedDeparture': 'Tue, 11 Feb 2020 01:16:15 GMT', 'userID': 2961}]",7.791388888888889,7.808055555555556,17,Monday,0,15,408.51000000000005
5e571bacf9af8b7a2545875e,0039,2020-02-10 17:38:12,2020-02-11 01:14:59,2020-02-10 21:24:01,10.768,2_39_78_365_2020-02-10 17:38:12.166717,0002,CA-321,2-39-78-365,America/Los_Angeles,000000677,"[{'WhPerMile': 325, 'kWhRequested': 19.5, 'milesRequested': 60, 'minutesAvailable': 366, 'modifiedAt': 'Mon, 10 Feb 2020 17:38:39 GMT', 'paymentRequired': True, 'requestedDeparture': 'Mon, 10 Feb 2020 23:44:12 GMT', 'userID': 677}, {'WhPerMile': 325, 'kWhRequested': 19.5, 'milesRequested': 60, 'minutesAvailable': 71, 'modifiedAt': 'Mon, 10 Feb 2020 21:41:39 GMT', 'paymentRequired': True, 'requestedDeparture': 'Mon, 10 Feb 2020 18:49:12 GMT', 'userID': 677}]",7.6130555555555555,3.763611111111111,17,Monday,0,15,161.52
5e571bacf9af8b7a2545875f,0039,2020-02-10 17:48:01,2020-02-10 21:06:30,2020-02-10 19:21:28,2.838,2_39_125_21_2020-02-10 17:48:01.179039,0002,CA-311,2-39-125-21,America/Los_Angeles,000001366,"[{'WhPerMile': 400, 'kWhRequested': 8.0, 'milesRequested': 20, 'minutesAvailable': 60, 'modifiedAt': 'Mon, 10 Feb 2020 17:48:31 GMT', 'paymentRequired': True, 'requestedDeparture': 'Mon, 10 Feb 2020 18:48:01 GMT', 'userID': 1366}]",3.3080555555555557,1.5575,17,Monday,0,15,42.57
5e571bacf9af8b7a25458761,0039,2020-02-10 18:04:58,2020-02-11 02:32:20,2020-02-11 02:32:15,3.348,2_39_79_380_2020-02-10 18:04:58.346535,0002,CA-489,2-39-79-380,America/Los_Angeles,,,8.456111111111111,8.454722222222221,18,Monday,0,15,50.22
5e571bacf9af8b7a25458762,0039,2020-02-10 18:33:58,2020-02-11 03:09:48,2020-02-10 20:52:19,14.005,2_39_90_26_2020-02-10 18:33:57.613872,0002,CA-316,2-39-90-26,America/Los_Angeles,000000558,"[{'WhPerMile': 400, 'kWhRequested': 32.0, 'milesRequested': 80, 'minutesAvailable': 60, 'modifiedAt': 'Mon, 10 Feb 2020 18:34:03 GMT', 'paymentRequired': True, 'requestedDeparture': 'Mon, 10 Feb 2020 19:33:58 GMT', 'userID': 558}]",8.597222222222221,2.305833333333333,18,Monday,0,15,210.07500000000002
5e571bacf9af8b7a25458763,0039,2020-02-10 18:38:30,2020-02-11 02:18:38,2020-02-11 02:13:51,1.029,2_39_79_376_2020-02-10 18:38:29.999937,0002,CA-324,2-39-79-376,America/Los_Angeles,,,7.668888888888889,7.589166666666666,18,Monday,0,15,15.434999999999999
5e571bacf9af8b7a25458764,0039,2020-02-10 18:57:58,2020-02-10 21:42:25,2020-02-10 19:45:37,4.133,2_39_123_23_2020-02-10 18:57:57.579174,0002,CA-313,2-39-123-23,America/Los_Angeles,000000668,"[{'WhPerMile': 425, 'kWhRequested': 4.25, 'milesRequested': 10, 'minutesAvailable': 61, 'modifiedAt': 'Mon, 10 Feb 2020 18:58:18 GMT', 'paymentRequired': True, 'requestedDeparture': 'Mon, 10 Feb 2020 19:58:58 GMT', 'userID': 668}]",2.7408333333333332,0.7941666666666667,18,Monday,0,15,61.995
5e571bacf9af8b7a25458765,0039,2020-02-10 19:07:24,2020-02-11 01:37:02,2020-02-11 01:36:59,15.896,2_39_78_360_2020-02-10 19:07:24.170487,0002,CA-322,2-39-78-360,America/Los_Angeles,000004947,"[{'WhPerMile': 380, 'kWhRequested': 19.0, 'milesRequested': 50, 'minutesAvailable': 367, 'modifiedAt': 'Mon, 10 Feb 2020 19:07:40 GMT', 'paymentRequired': True, 'requestedDeparture': 'Tue, 11 Feb 2020 01:14:24 GMT', 'userID': 4947}]",6.493888888888889,6.493055555555555,19,Monday,0,15,238.44
5e571bacf9af8b7a25458766,0039,2020-02-10 19:09:42,2020-02-11 03:01:01,2020-02-10 20:50:23,5.123,2_39_126_20_2020-02-10 19:09:41.582432,0002,CA-310,2-39-126-20,America/Los_Angeles,000002170,"[{'WhPerMile': 400, 'kWhRequested': 28.0, 'milesRequested': 70, 'minutesAvailable': 417, 'modifiedAt': 'Mon, 10 Feb 2020 19:10:02 GMT', 'paymentRequired': True, 'requestedDeparture': 'Tue, 11 Feb 2020 02:06:42 GMT', 'userID': 2170}, {'WhPerMile': 400, 'kWhRequested': 28.0, 'milesRequested': 70, 'minutesAvailable': 417, 'modifiedAt': 'Mon, 10 Feb 2020 19:10:39 GMT', 'paymentRequired': True, 'requestedDeparture': 'Tue, 11 Feb 2020 02:06:42 GMT', 'userID': 2170}]",7.855277777777777,1.6780555555555556,19,Monday,0,15,76.845
5e571bacf9af8b7a25458767,0039,2020-02-10 19:31:58,2020-02-11 01:14:23,2020-02-11 01:10:56,0.945,2_39_78_363_2020-02-10 19:31:58.332233,0002,CA-320,2-39-78-363,America/Los_Angeles,,,5.706944444444445,5.649444444444445,19,Monday,0,15,14.174999999999999
5e571bacf9af8b7a25458768,0039,2020-02-10 19:54:57,2020-02-10 20:59:11,2020-02-10 20:23:27,1.813,2_39_130_31_2020-02-10 19:54:56.953633,0002,CA-306,2-39-130-31,America/Los_Angeles,000000798,"[{'WhPerMile': 400, 'kWhRequested': 8.0, 'milesRequested': 20, 'minutesAvailable': 96, 'modifiedAt': 'Mon, 10 Feb 2020 19:55:17 GMT', 'paymentRequired': True, 'requestedDeparture': 'Mon, 10 Feb 2020 21:30:57 GMT', 'userID': 798}]",1.0705555555555555,0.475,19,Monday,0,15,27.195
5e571bacf9af8b7a25458769,0039,2020-02-10 20:21:26,2020-02-11 02:51:07,2020-02-10 22:18:41,6.355,2_39_92_436_2020-02-10 20:21:26.250726,0002,CA-318,2-39-92-436,America/Los_Angeles,000001124,"[{'WhPerMile': 400, 'kWhRequested': 8.0, 'milesRequested': 20, 'minutesAvailable': 60, 'modifiedAt': 'Mon, 10 Feb 2020 20:21:49 GMT', 'paymentRequired': True, 'requestedDeparture': 'Mon, 10 Feb 2020 21:21:26 GMT', 'userID': 1124}]",6.494722222222222,1.9541666666666666,20,Monday,0,15,95.325
5e571bacf9af8b7a2545876a,0039,2020-02-10 20:42:37,2020-02-11 01:03:10,2020-02-11 01:02:12,7.168,2_39_78_367_2020-02-10 20:42:36.961079,0002,CA-494,2-39-78-367,America/Los_Angeles,000002291,"[{'WhPerMile': 400, 'kWhRequested': 8.0, 'milesRequested': 20, 'minutesAvailable': 408, 'modifiedAt': 'Mon, 10 Feb 2020 20:48:13 GMT', 'paymentRequired': True, 'requestedDeparture': 'Tue, 11 Feb 2020 03:30:37 GMT', 'userID': 2291}]",4.3425,4.326388888888889,20,Monday,0,15,107.52
5e571bacf9af8b7a2545876b,0039,2020-02-10 21:08:09,2020-02-11 03:01:22,2020-02-10 22:49:01,5.456,2_39_92_442_2020-02-10 21:08:08.513765,0002,CA-498,2-39-92-442,America/Los_Angeles,000000515,"[{'WhPerMile': 400, 'kWhRequested': 12.0, 'milesRequested': 30, 'minutesAvailable': 62, 'modifiedAt': 'Mon, 10 Feb 2020 21:08:39 GMT', 'paymentRequired': True, 'requestedDeparture': 'Mon, 10 Feb 2020 22:10:09 GMT', 'userID': 515}]",5.8869444444444445,1.681111111111111,21,Monday,0,15,81.84
5e571bacf9af8b7a2545876c,0039,2020-02-10 21:47:05,2020-02-11 04:49:12,2020-02-10 22:59:31,2.352,2_39_91_437_2020-02-10 21:47:04.963793,0002,CA-317,2-39-91-437,America/Los_Angeles,000001082,"[{'WhPerMile': 400, 'kWhRequested': 8.0, 'milesRequested': 20, 'minutesAvailable': 64, 'modifiedAt': 'Mon, 10 Feb 2020 21:48:02 GMT', 'paymentRequired': True, 'requestedDeparture': 'Mon, 10 Feb 2020 22:51:05 GMT', 'userID': 1082}]",7.035277777777778,1.2072222222222222,21,Monday,0,15,35.28
5e571bacf9af8b7a2545876d,0039,2020-02-10 21:53:55,2020-02-10 22:29:42,2020-02-10 22:24:10,0.839,2_39_123_23_2020-02-10 21:53:54.796728,0002,CA-313,2-39-123-23,America/Los_Angeles,,,0.5963888888888889,0.5041666666666667,21,Monday,0,15,12.584999999999999
5e571bacf9af8b7a2545876e,0039,2020-02-10 22:41:24,2020-02-11 01:24:32,2020-02-10 23:28:20,4.295,2_39_123_23_2020-02-10 22:41:24.105080,0002,CA-313,2-39-123-23,America/Los_Angeles,000000710,"[{'WhPerMile': 400, 'kWhRequested': 64.0, 'milesRequested': 160, 'minutesAvailable': 273, 'modifiedAt': 'Mon, 10 Feb 2020 22:41:38 GMT', 'paymentRequired': True, 'requestedDeparture': 'Tue, 11 Feb 2020 03:14:24 GMT', 'userID': 710}]",2.718888888888889,0.7822222222222223,22,Monday,0,15,64.425
5e571bacf9af8b7a2545876f,0039,2020-02-10 22:46:49,2020-02-11 00:04:23,2020-02-11 00:05:21,0.88,2_39_124_22_2020-02-10 22:46:49.239378,0002,CA-312,2-39-124-22,America/Los_Angeles,,,1.2927777777777778,1.308888888888889,22,Monday,0,15,13.2
5e571bacf9af8b7a25458770,0039,2020-02-11 00:04:27,2020-02-11 02:20:40,2020-02-11 00:35:26,0.877,2_39_124_22_2020-02-11 00:04:26.951817,0002,CA-312,2-39-124-22,America/Los_Angeles,,,2.270277777777778,0.5163888888888889,0,Tuesday,0,15,13.155
5e571bacf9af8b7a25458771,0039,2020-02-11 00:59:54,2020-02-11 03:07:55,2020-02-11 01:31:09,0.884,2_39_130_31_2020-02-11 00:59:54.153485,0002,CA-306,2-39-130-31,America/Los_Angeles,,,2.133611111111111,0.5208333333333334,0,Tuesday,0,15,13.26
5e571bacf9af8b7a25458772,0039,2020-02-11 05:46:22,2020-02-11 14:03:53,2020-02-11 12:10:46,41.061,2_39_139_28_2020-02-11 05:46:22.217437,0002,CA-303,2-39-139-28,America/Los_Angeles,000000489,"[{'WhPerMile': 428, 'kWhRequested': 102.72, 'milesRequested': 240, 'minutesAvailable': 475, 'modifiedAt': 'Tue, 11 Feb 2020 05:46:51 GMT', 'paymentRequired': True, 'requestedDeparture': 'Tue, 11 Feb 2020 13:41:22 GMT', 'userID': 489}, {'WhPerMile': 428, 'kWhRequested': 102.72, 'milesRequested': 240, 'minutesAvailable': 487, 'modifiedAt': 'Tue, 11 Feb 2020 05:47:02 GMT', 'paymentRequired': True, 'requestedDeparture': 'Tue, 11 Feb 2020 13:53:22 GMT', 'userID': 489}]",8.291944444444445,6.406666666666666,5,Tuesday,0,15,615.915
5e586d33f9af8b7dded9fe16,0039,2020-02-11 15:43:17,2020-02-12 01:12:19,2020-02-11 18:13:45,8.077,2_39_131_30_2020-02-11 15:43:17.175716,0002,CA-305,2-39-131-30,America/Los_Angeles,000000620,"[{'WhPerMile': 400, 'kWhRequested': 12.0, 'milesRequested': 30, 'minutesAvailable': 547, 'modifiedAt': 'Tue, 11 Feb 2020 15:43:31 GMT', 'paymentRequired': True, 'requestedDeparture': 'Wed, 12 Feb 2020 00:50:17 GMT', 'userID': 620}]",9.483888888888888,2.5077777777777777,15,Tuesday,0,15,121.155
5e586d33f9af8b7dded9fe17,0039,2020-02-11 15:54:51,2020-02-12 00:55:55,2020-02-12 00:43:57,0.902,2_39_79_380_2020-02-11 15:54:50.950770,0002,CA-489,2-39-79-380,America/Los_Angeles,,,9.017777777777777,8.818333333333333,15,Tuesday,0,15,13.530000000000001
5e586d33f9af8b7dded9fe18,0039,2020-02-11 16:11:06,2020-02-12 01:35:26,2020-02-11 23:11:42,0.877,2_39_78_366_2020-02-11 16:11:05.854868,0002,CA-323,2-39-78-366,America/Los_Angeles,,,9.405555555555555,7.01,16,Tuesday,0,15,13.155
5e586d33f9af8b7dded9fe19,0039,2020-02-11 16:16:27,2020-02-11 22:46:18,2020-02-11 21:27:17,8.138,2_39_79_382_2020-02-11 16:16:26.783801,0002,CA-491,2-39-79-382,America/Los_Angeles,000004701,"[{'WhPerMile': 300, 'kWhRequested': 12.0, 'milesRequested': 40, 'minutesAvailable': 388, 'modifiedAt': 'Tue, 11 Feb 2020 16:55:29 GMT', 'paymentRequired': True, 'requestedDeparture': 'Tue, 11 Feb 2020 22:44:27 GMT', 'userID': 4701}]",6.4975,5.180555555555555,16,Tuesday,0,15,122.07
5e586d33f9af8b7dded9fe1a,0039,2020-02-11 16:21:18,2020-02-12 00:11:02,2020-02-11 17:46:37,3.937,2_39_128_18_2020-02-11 16:21:18.047533,0002,CA-308,2-39-128-18,America/Los_Angeles,000001564,"[{'WhPerMile': 300, 'kWhRequested': 12.0, 'milesRequested': 40, 'minutesAvailable': 241, 'modifiedAt': 'Tue, 11 Feb 2020 16:21:23 GMT', 'paymentRequired': True, 'requestedDeparture': 'Tue, 11 Feb 2020 20:22:18 GMT', 'userID': 1564}]",7.828888888888889,1.4219444444444445,16,Tuesday,0,15,59.055
5e586d33f9af8b7dded9fe1b,0039,2020-02-11 16:26:39,2020-02-12 01:14:08,2020-02-11 21:26:16,17.028,2_39_79_378_2020-02-11 16:26:38.910455,0002,CA-326,2-39-79-378,America/Los_Angeles,000000832,"[{'WhPerMile': 400, 'kWhRequested': 20.0, 'milesRequested': 50, 'minutesAvailable': 523, 'modifiedAt': 'Tue, 11 Feb 2020 16:27:04 GMT', 'paymentRequired': True, 'requestedDeparture': 'Wed, 12 Feb 2020 01:09:39 GMT', 'userID': 832}]",8.79138888888889,4.993611111111111,16,Tuesday,0,15,255.42
5e586d33f9af8b7dded9fe1c,0039,2020-02-11 16:28:29,2020-02-12 01:44:03,2020-02-11 20:39:41,22.74,2_39_91_437_2020-02-11 16:28:28.673245,0002,CA-317,2-39-91-437,America/Los_Angeles,000000431,"[{'WhPerMile': 300, 'kWhRequested': 27.0, 'milesRequested': 90, 'minutesAvailable': 219, 'modifiedAt': 'Tue, 11 Feb 2020 16:30:47 GMT', 'paymentRequired': True, 'requestedDeparture': 'Tue, 11 Feb 2020 20:07:29 GMT', 'userID': 431}]",9.259444444444444,4.1866666666666665,16,Tuesday,0,15,341.09999999999997
5e586d33f9af8b7dded9fe1d,0039,2020-02-11 16:30:27,2020-02-12 01:42:20,2020-02-12 01:32:40,13.381,2_39_78_365_2020-02-11 16:30:27.414599,0002,CA-321,2-39-78-365,America/Los_Angeles,000000945,"[{'WhPerMile': 400, 'kWhRequested': 32.0, 'milesRequested': 80, 'minutesAvailable': 62, 'modifiedAt': 'Tue, 11 Feb 2020 16:30:38 GMT', 'paymentRequired': True, 'requestedDeparture': 'Tue, 11 Feb 2020 17:32:27 GMT', 'userID': 945}]",9.198055555555555,9.036944444444444,16,Tuesday,0,15,200.715
5e586d33f9af8b7dded9fe1e,0039,2020-02-11 16:30:42,2020-02-11 22:06:50,2020-02-11 20:30:10,23.345,2_39_79_377_2020-02-11 16:30:42.314951,0002,CA-325,2-39-79-377,America/Los_Angeles,000001104,"[{'WhPerMile': 250, 'kWhRequested': 37.5, 'milesRequested': 150, 'minutesAvailable': 373, 'modifiedAt': 'Tue, 11 Feb 2020 16:31:30 GMT', 'paymentRequired': True, 'requestedDeparture': 'Tue, 11 Feb 2020 22:43:42 GMT', 'userID': 1104}]",5.602222222222222,3.991111111111111,16,Tuesday,0,15,350.17499999999995
5e586d33f9af8b7dded9fe1f,0039,2020-02-11 16:31:17,2020-02-12 00:25:40,2020-02-12 00:03:35,24.821,2_39_78_367_2020-02-11 16:31:16.954503,0002,CA-494,2-39-78-367,America/Los_Angeles,000001470,"[{'WhPerMile': 292, 'kWhRequested': 29.2, 'milesRequested': 100, 'minutesAvailable': 301, 'modifiedAt': 'Tue, 11 Feb 2020 16:31:25 GMT', 'paymentRequired': True, 'requestedDeparture': 'Tue, 11 Feb 2020 21:32:17 GMT', 'userID': 1470}]",7.9063888888888885,7.538333333333333,16,Tuesday,0,15,372.315
5e586d33f9af8b7dded9fe20,0039,2020-02-11 16:35:36,2020-02-12 00:30:50,2020-02-11 17:21:22,2.864,2_39_79_376_2020-02-11 16:35:36.123235,0002,CA-324,2-39-79-376,America/Los_Angeles,000000751,"[{'WhPerMile': 400, 'kWhRequested': 40.0, 'milesRequested': 100, 'minutesAvailable': 717, 'modifiedAt': 'Tue, 11 Feb 2020 16:35:49 GMT', 'paymentRequired': True, 'requestedDeparture': 'Wed, 12 Feb 2020 04:32:36 GMT', 'userID': 751}]",7.920555555555556,0.7627777777777778,16,Tuesday,0,15,42.96
5e586d33f9af8b7dded9fe21,0039,2020-02-11 16:40:41,2020-02-12 01:27:37,2020-02-11 18:33:15,10.657,2_39_123_23_2020-02-11 16:40:36.097464,0002,CA-313,2-39-123-23,America/Los_Angeles,000001153,"[{'WhPerMile': 600, 'kWhRequested': 24.0, 'milesRequested': 40, 'minutesAvailable': 434, 'modifiedAt': 'Tue, 11 Feb 2020 16:40:40 GMT', 'paymentRequired': True, 'requestedDeparture': 'Tue, 11 Feb 2020 23:54:41 GMT', 'userID': 1153}]",8.782222222222222,1.876111111111111,16,Tuesday,0,15,159.855
5e586d33f9af8b7dded9fe22,0039,2020-02-11 16:47:24,2020-02-11 22:10:32,2020-02-11 21:49:55,0.747,2_39_125_21_2020-02-11 16:47:23.802836,0002,CA-311,2-39-125-21,America/Los_Angeles,,,5.385555555555555,5.041944444444445,16,Tuesday,0,15,11.205
5e586d33f9af8b7dded9fe23,0039,2020-02-11 17:07:51,2020-02-12 02:07:39,2020-02-11 22:18:02,4.539,2_39_91_441_2020-02-11 17:07:50.751427,0002,CA-499,2-39-91-441,America/Los_Angeles,000000564,"[{'WhPerMile': 231, 'kWhRequested': 4.62, 'milesRequested': 20, 'minutesAvailable': 537, 'modifiedAt': 'Tue, 11 Feb 2020 17:08:08 GMT', 'paymentRequired': True, 'requestedDeparture': 'Wed, 12 Feb 2020 02:04:51 GMT', 'userID': 564}]",8.996666666666666,5.169722222222222,17,Tuesday,0,15,68.085
5e586d33f9af8b7dded9fe24,0039,2020-02-11 17:08:23,2020-02-12 02:47:33,2020-02-11 18:20:22,3.783,2_39_89_25_2020-02-11 17:08:22.982084,0002,CA-315,2-39-89-25,America/Los_Angeles,000000567,"[{'WhPerMile': 400, 'kWhRequested': 8.0, 'milesRequested': 20, 'minutesAvailable': 434, 'modifiedAt': 'Tue, 11 Feb 2020 17:08:35 GMT', 'paymentRequired': True, 'requestedDeparture': 'Wed, 12 Feb 2020 00:22:23 GMT', 'userID': 567}]",9.652777777777779,1.1997222222222221,17,Tuesday,0,15,56.745
5e586d33f9af8b7dded9fe25,0039,2020-02-11 17:09:18,2020-02-12 01:38:27,2020-02-11 18:32:54,3.991,2_39_89_439_2020-02-11 17:09:17.760936,0002,CA-501,2-39-89-439,America/Los_Angeles,000000743,"[{'WhPerMile': 400, 'kWhRequested': 8.0, 'milesRequested': 20, 'minutesAvailable': 522, 'modifiedAt': 'Tue, 11 Feb 2020 17:09:28 GMT', 'paymentRequired': True, 'requestedDeparture': 'Wed, 12 Feb 2020 01:51:18 GMT', 'userID': 743}]",8.485833333333334,1.3933333333333333,17,Tuesday,0,15,59.865
5e586d33f9af8b7dded9fe26,0039,2020-02-11 17:09:54,2020-02-11 19:50:30,2020-02-11 19:51:30,0.926,2_39_78_360_2020-02-11 17:09:54.450237,0002,CA-322,2-39-78-360,America/Los_Angeles,,,2.6766666666666667,2.6933333333333334,17,Tuesday,0,15,13.89
5e586d33f9af8b7dded9fe27,0039,2020-02-11 17:15:58,2020-02-12 03:10:40,2020-02-11 19:10:53,10.743,2_39_92_436_2020-02-11 17:15:57.917488,0002,CA-318,2-39-92-436,America/Los_Angeles,000000558,"[{'WhPerMile': 400, 'kWhRequested': 24.0, 'milesRequested': 60, 'minutesAvailable': 60, 'modifiedAt': 'Tue, 11 Feb 2020 17:15:59 GMT', 'paymentRequired': True, 'requestedDeparture': 'Tue, 11 Feb 2020 18:15:58 GMT', 'userID': 558}]",9.911666666666667,1.9152777777777779,17,Tuesday,0,15,161.145
5e586d33f9af8b7dded9fe28,0039,2020-02-11 17:23:56,2020-02-12 00:34:13,2020-02-12 00:35:12,24.807,2_39_78_362_2020-02-11 17:23:55.582030,0002,CA-496,2-39-78-362,America/Los_Angeles,000001137,"[{'WhPerMile': 400, 'kWhRequested': 40.0, 'milesRequested': 100, 'minutesAvailable': 398, 'modifiedAt': 'Tue, 11 Feb 2020 17:24:21 GMT', 'paymentRequired': True, 'requestedDeparture': 'Wed, 12 Feb 2020 00:01:56 GMT', 'userID': 1137}]",7.171388888888889,7.187777777777778,17,Tuesday,0,15,372.10499999999996
5e586d33f9af8b7dded9fe29,0039,2020-02-11 17:29:26,2020-02-11 23:17:20,2020-02-11 20:05:36,12.612,2_39_92_442_2020-02-11 17:29:26.237918,0002,CA-498,2-39-92-442,America/Los_Angeles,000000068,"[{'WhPerMile': 214, 'kWhRequested': 14.98, 'milesRequested': 70, 'minutesAvailable': 234, 'modifiedAt': 'Tue, 11 Feb 2020 17:29:40 GMT', 'paymentRequired': True, 'requestedDeparture': 'Tue, 11 Feb 2020 21:23:26 GMT', 'userID': 68}]",5.798333333333333,2.602777777777778,17,Tuesday,0,15,189.18
5e586d33f9af8b7dded9fe2a,0039,2020-02-11 17:37:13,2020-02-11 21:54:32,2020-02-11 21:18:32,3.436,2_39_90_440_2020-02-11 17:37:12.945421,0002,CA-500,2-39-90-440,America/Los_Angeles,000002149,"[{'WhPerMile': 250, 'kWhRequested': 5.0, 'milesRequested': 20, 'minutesAvailable': 277, 'modifiedAt': 'Tue, 11 Feb 2020 17:37:32 GMT', 'paymentRequired': True, 'requestedDeparture': 'Tue, 11 Feb 2020 22:14:13 GMT', 'userID': 2149}]",4.288611111111111,3.6886111111111113,17,Tuesday,0,15,51.54
5e586d33f9af8b7dded9fe2b,0039,2020-02-11 17:45:16,2020-02-11 22:22:22,2020-02-11 22:18:56,0.917,2_39_88_24_2020-02-11 17:45:16.137770,0002,CA-314,2-39-88-24,America/Los_Angeles,,,4.618333333333333,4.561111111111111,17,Tuesday,0,15,13.755
5e586d33f9af8b7dded9fe2c,0039,2020-02-11 17:48:14,2020-02-12 02:35:03,2020-02-11 20:13:30,15.549,2_39_90_26_2020-02-11 17:48:14.265042,0002,CA-316,2-39-90-26,America/Los_Angeles,000000714,"[{'WhPerMile': 400, 'kWhRequested': 32.0, 'milesRequested': 80, 'minutesAvailable': 445, 'modifiedAt': 'Tue, 11 Feb 2020 17:48:23 GMT', 'paymentRequired': True, 'requestedDeparture': 'Wed, 12 Feb 2020 01:13:14 GMT', 'userID': 714}, {'WhPerMile': 400, 'kWhRequested': 32.0, 'milesRequested': 80, 'minutesAvailable': 445, 'modifiedAt': 'Tue, 11 Feb 2020 17:48:37 GMT', 'paymentRequired': True, 'requestedDeparture': 'Wed, 12 Feb 2020 01:13:14 GMT', 'userID': 714}]",8.780277777777778,2.421111111111111,17,Tuesday,0,15,233.23499999999999
5e586d33f9af8b7dded9fe2d,0039,2020-02-11 18:05:29,2020-02-12 03:03:02,2020-02-11 20:53:12,12.029,2_39_124_22_2020-02-11 18:05:28.915506,0002,CA-312,2-39-124-22,America/Los_Angeles,000000958,"[{'WhPerMile': 200, 'kWhRequested': 20.0, 'milesRequested': 100, 'minutesAvailable': 570, 'modifiedAt': 'Tue, 11 Feb 2020 18:07:36 GMT', 'paymentRequired': True, 'requestedDeparture': 'Wed, 12 Feb 2020 03:35:29 GMT', 'userID': 958}]",8.959166666666667,2.7952777777777778,18,Tuesday,0,15,180.435
5e586d33f9af8b7dded9fe2e,0039,2020-02-11 20:06:33,2020-02-12 01:59:07,2020-02-12 00:03:34,24.72,2_39_129_17_2020-02-11 20:06:32.773176,0002,CA-307,2-39-129-17,America/Los_Angeles,000000067,"[{'WhPerMile': 250, 'kWhRequested': 50.0, 'milesRequested': 200, 'minutesAvailable': 472, 'modifiedAt': 'Tue, 11 Feb 2020 20:06:45 GMT', 'paymentRequired': True, 'requestedDeparture': 'Wed, 12 Feb 2020 03:58:33 GMT', 'userID': 67}]",5.876111111111111,3.950277777777778,20,Tuesday,0,15,370.79999999999995
5e586d33f9af8b7dded9fe2f,0039,2020-02-11 20:24:53,2020-02-11 23:54:55,2020-02-11 21:31:44,1.87,2_39_139_28_2020-02-11 20:24:52.886053,0002,CA-303,2-39-139-28,America/Los_Angeles,000000560,"[{'WhPerMile': 400, 'kWhRequested': 8.0, 'milesRequested': 20, 'minutesAvailable': 258, 'modifiedAt': 'Tue, 11 Feb 2020 20:25:13 GMT', 'paymentRequired': True, 'requestedDeparture': 'Wed, 12 Feb 2020 00:42:53 GMT', 'userID': 560}]",3.5005555555555556,1.1141666666666667,20,Tuesday,0,15,28.05
5e586d33f9af8b7dded9fe30,0039,2020-02-11 20:27:11,2020-02-12 02:47:55,2020-02-11 22:26:23,6.467,2_39_95_444_2020-02-11 20:27:10.965573,0002,CA-497,2-39-95-444,America/Los_Angeles,000001124,"[{'WhPerMile': 400, 'kWhRequested': 8.0, 'milesRequested': 20, 'minutesAvailable': 60, 'modifiedAt': 'Tue, 11 Feb 2020 20:27:32 GMT', 'paymentRequired': True, 'requestedDeparture': 'Tue, 11 Feb 2020 21:27:11 GMT', 'userID': 1124}]",6.345555555555555,1.9866666666666666,20,Tuesday,0,15,97.005
5e586d33f9af8b7dded9fe31,0039,2020-02-11 21:07:17,2020-02-11 22:42:24,2020-02-11 22:17:57,0.927,2_39_126_20_2020-02-11 21:07:17.119948,0002,CA-310,2-39-126-20,America/Los_Angeles,,,1.5852777777777778,1.1777777777777778,21,Tuesday,0,15,13.905000000000001
5e586d33f9af8b7dded9fe32,0039,2020-02-11 21:27:51,2020-02-11 23:57:20,2020-02-11 23:42:05,6.003,2_39_130_564_2020-02-11 21:27:37.873532,0002,CA-510,2-39-130-564,America/Los_Angeles,000001093,"[{'WhPerMile': 333, 'kWhRequested': 6.66, 'milesRequested': 20, 'minutesAvailable': 62, 'modifiedAt': 'Tue, 11 Feb 2020 21:27:50 GMT', 'paymentRequired': True, 'requestedDeparture': 'Tue, 11 Feb 2020 22:29:51 GMT', 'userID': 1093}, {'WhPerMile': 333, 'kWhRequested': 6.66, 'milesRequested': 20, 'minutesAvailable': 123, 'modifiedAt': 'Tue, 11 Feb 2020 21:28:53 GMT', 'paymentRequired': True, 'requestedDeparture': 'Tue, 11 Feb 2020 23:30:51 GMT', 'userID': 1093}, {'WhPerMile': 333, 'kWhRequested': 6.66, 'milesRequested': 20, 'minutesAvailable': 123, 'modifiedAt': 'Tue, 11 Feb 2020 21:29:03 GMT', 'paymentRequired': True, 'requestedDeparture': 'Tue, 11 Feb 2020 23:30:51 GMT', 'userID': 1093}, {'WhPerMile': 333, 'kWhRequested': 6.66, 'milesRequested': 20, 'minutesAvailable': 153, 'modifiedAt': 'Tue, 11 Feb 2020 21:59:35 GMT', 'paymentRequired': True, 'requestedDeparture': 'Wed, 12 Feb 2020 00:00:51 GMT', 'userID': 1093}, {'WhPerMile': 333, 'kWhRequested': 6.66, 'milesRequested': 20, 'minutesAvailable': 199, 'modifiedAt': 'Tue, 11 Feb 2020 23:28:08 GMT', 'paymentRequired': True, 'requestedDeparture': 'Wed, 12 Feb 2020 00:46:51 GMT', 'userID': 1093}]",2.491388888888889,2.237222222222222,21,Tuesday,0,15,90.045
5e586d33f9af8b7dded9fe33,0039,2020-02-11 22:42:00,2020-02-12 05:29:08,2020-02-11 23:52:20,2.342,2_39_88_24_2020-02-11 22:41:59.958492,0002,CA-314,2-39-88-24,America/Los_Angeles,000001082,"[{'WhPerMile': 400, 'kWhRequested': 8.0, 'milesRequested': 20, 'minutesAvailable': 64, 'modifiedAt': 'Tue, 11 Feb 2020 22:43:11 GMT', 'paymentRequired': True, 'requestedDeparture': 'Tue, 11 Feb 2020 23:46:00 GMT', 'userID': 1082}]",6.785555555555556,1.1722222222222223,22,Tuesday,0,15,35.13
5e586d33f9af8b7dded9fe34,0039,2020-02-11 22:47:14,2020-02-12 02:16:09,2020-02-12 02:16:04,6.472,2_39_79_377_2020-02-11 22:47:14.083456,0002,CA-325,2-39-79-377,America/Los_Angeles,000002149,"[{'WhPerMile': 250, 'kWhRequested': 15.0, 'milesRequested': 60, 'minutesAvailable': 277, 'modifiedAt': 'Tue, 11 Feb 2020 22:47:45 GMT', 'paymentRequired': True, 'requestedDeparture': 'Wed, 12 Feb 2020 03:24:14 GMT', 'userID': 2149}]",3.4819444444444443,3.4805555555555556,22,Tuesday,0,15,97.08000000000001
5e586d33f9af8b7dded9fe35,0039,2020-02-11 23:05:33,2020-02-12 00:41:46,2020-02-12 00:41:41,10.586,2_39_79_382_2020-02-11 23:05:33.174366,0002,CA-491,2-39-79-382,America/Los_Angeles,000001039,"[{'WhPerMile': 400, 'kWhRequested': 80.0, 'milesRequested': 200, 'minutesAvailable': 327, 'modifiedAt': 'Tue, 11 Feb 2020 23:06:15 GMT', 'paymentRequired': True, 'requestedDeparture': 'Wed, 12 Feb 2020 04:32:33 GMT', 'userID': 1039}]",1.603611111111111,1.6022222222222222,23,Tuesday,0,15,158.79
5e586d33f9af8b7dded9fe36,0039,2020-02-11 23:08:24,2020-02-12 02:53:25,2020-02-12 02:53:21,24.894,2_39_126_20_2020-02-11 23:08:23.890432,0002,CA-310,2-39-126-20,America/Los_Angeles,000003270,"[{'WhPerMile': 200, 'kWhRequested': 40.0, 'milesRequested': 200, 'minutesAvailable': 470, 'modifiedAt': 'Tue, 11 Feb 2020 23:08:34 GMT', 'paymentRequired': True, 'requestedDeparture': 'Wed, 12 Feb 2020 06:58:24 GMT', 'userID': 3270}]",3.750277777777778,3.7491666666666665,23,Tuesday,0,15,373.40999999999997
5e586d33f9af8b7dded9fe37,0039,2020-02-11 23:19:39,2020-02-12 02:37:16,2020-02-12 01:31:50,6.445,2_39_125_21_2020-02-11 23:19:19.888207,0002,CA-311,2-39-125-21,America/Los_Angeles,000005594,"[{'WhPerMile': 360, 'kWhRequested': 7.2, 'milesRequested': 20, 'minutesAvailable': 207, 'modifiedAt': 'Tue, 11 Feb 2020 23:19:39 GMT', 'paymentRequired': True, 'requestedDeparture': 'Wed, 12 Feb 2020 02:46:39 GMT', 'userID': 5594}, {'WhPerMile': 360, 'kWhRequested': 7.2, 'milesRequested': 20, 'minutesAvailable': 207, 'modifiedAt': 'Tue, 11 Feb 2020 23:28:29 GMT', 'paymentRequired': True, 'requestedDeparture': 'Wed, 12 Feb 2020 02:46:39 GMT', 'userID': 5594}, {'WhPerMile': 360, 'kWhRequested': 7.2, 'milesRequested': 20, 'minutesAvailable': 216, 'modifiedAt': 'Tue, 11 Feb 2020 23:29:25 GMT', 'paymentRequired': True, 'requestedDeparture': 'Wed, 12 Feb 2020 02:55:39 GMT', 'userID': 5594}, {'WhPerMile': 360, 'kWhRequested': 7.2, 'milesRequested': 20, 'minutesAvailable': 218, 'modifiedAt': 'Wed, 12 Feb 2020 02:28:01 GMT', 'paymentRequired': True, 'requestedDeparture': 'Wed, 12 Feb 2020 02:57:39 GMT', 'userID': 5594}]",3.2936111111111113,2.2030555555555558,23,Tuesday,0,15,96.67500000000001
5e586d33f9af8b7dded9fe38,0039,2020-02-11 23:52:22,2020-02-12 01:57:56,2020-02-12 01:17:33,0.867,2_39_138_29_2020-02-11 23:52:22.049431,0002,CA-304,2-39-138-29,America/Los_Angeles,,,2.0927777777777776,1.4197222222222223,23,Tuesday,0,15,13.004999999999999
5e586d33f9af8b7dded9fe39,0039,2020-02-12 00:28:58,2020-02-12 01:13:26,2020-02-12 01:13:21,2.389,2_39_128_18_2020-02-12 00:28:57.931202,0002,CA-308,2-39-128-18,America/Los_Angeles,000001366,"[{'WhPerMile': 400, 'kWhRequested': 8.0, 'milesRequested': 20, 'minutesAvailable': 60, 'modifiedAt': 'Wed, 12 Feb 2020 00:29:44 GMT', 'paymentRequired': True, 'requestedDeparture': 'Wed, 12 Feb 2020 01:28:58 GMT', 'userID': 1366}]",0.7411111111111112,0.7397222222222222,0,Wednesday,0,15,35.834999999999994
5e586d33f9af8b7dded9fe3a,0039,2020-02-12 01:12:40,2020-02-12 01:34:01,2020-02-12 01:33:53,1.084,2_39_79_376_2020-02-12 01:12:40.387201,0002,CA-324,2-39-79-376,America/Los_Angeles,000005368,"[{'WhPerMile': 400, 'kWhRequested': 8.0, 'milesRequested': 20, 'minutesAvailable': 73, 'modifiedAt': 'Wed, 12 Feb 2020 01:16:38 GMT', 'paymentRequired': True, 'requestedDeparture': 'Wed, 12 Feb 2020 02:25:40 GMT', 'userID': 5368}]",0.35583333333333333,0.3536111111111111,1,Wednesday,0,15,16.26
5e586d33f9af8b7dded9fe3b,0039,2020-02-12 01:18:53,2020-02-12 02:38:45,2020-02-12 02:38:40,4.378,2_39_128_18_2020-02-12 01:18:53.367373,0002,CA-308,2-39-128-18,America/Los_Angeles,000000365,"[{'WhPerMile': 333, 'kWhRequested': 9.99, 'milesRequested': 30, 'minutesAvailable': 104, 'modifiedAt': 'Wed, 12 Feb 2020 01:19:17 GMT', 'paymentRequired': True, 'requestedDeparture': 'Wed, 12 Feb 2020 03:02:53 GMT', 'userID': 365}]",1.3311111111111111,1.3297222222222222,1,Wednesday,0,15,65.67
5e586d33f9af8b7dded9fe3c,0039,2020-02-12 01:33:01,2020-02-12 04:41:46,2020-02-12 03:48:06,6.282,2_39_79_380_2020-02-12 01:32:44.691731,0002,CA-489,2-39-79-380,America/Los_Angeles,000001458,"[{'WhPerMile': 400, 'kWhRequested': 16.0, 'milesRequested': 40, 'minutesAvailable': 60, 'modifiedAt': 'Wed, 12 Feb 2020 01:33:00 GMT', 'paymentRequired': True, 'requestedDeparture': 'Wed, 12 Feb 2020 02:33:01 GMT', 'userID': 1458}]",3.1458333333333335,2.251388888888889,1,Wednesday,0,15,94.23
5e586d33f9af8b7dded9fe3d,0039,2020-02-12 02:55:52,2020-02-12 03:06:10,2020-02-12 03:06:02,1.106,2_39_139_28_2020-02-12 02:55:51.873687,0002,CA-303,2-39-139-28,America/Los_Angeles,000000675,"[{'WhPerMile': 400, 'kWhRequested': 24.0, 'milesRequested': 60, 'minutesAvailable': 248, 'modifiedAt': 'Wed, 12 Feb 2020 02:55:52 GMT', 'paymentRequired': True, 'requestedDeparture': 'Wed, 12 Feb 2020 07:03:52 GMT', 'userID': 675}]",0.17166666666666666,0.16944444444444445,2,Wednesday,0,15,16.59
5e586d33f9af8b7dded9fe3e,0039,2020-02-12 03:29:57,2020-02-12 04:35:06,2020-02-12 04:35:02,7.245,2_39_139_28_2020-02-12 03:29:57.347850,0002,CA-303,2-39-139-28,America/Los_Angeles,000000675,"[{'WhPerMile': 400, 'kWhRequested': 24.0, 'milesRequested': 60, 'minutesAvailable': 248, 'modifiedAt': 'Wed, 12 Feb 2020 03:30:08 GMT', 'paymentRequired': True, 'requestedDeparture': 'Wed, 12 Feb 2020 07:37:57 GMT', 'userID': 675}]",1.0858333333333334,1.0847222222222221,3,Wednesday,0,15,108.675
5e586d33f9af8b7dded9fe3f,0039,2020-02-12 04:25:05,2020-02-12 05:57:18,2020-02-12 05:57:09,5.115,2_39_131_30_2020-02-12 04:25:05.309014,0002,CA-305,2-39-131-30,America/Los_Angeles,000001263,"[{'WhPerMile': 400, 'kWhRequested': 12.0, 'milesRequested': 30, 'minutesAvailable': 115, 'modifiedAt': 'Wed, 12 Feb 2020 04:25:20 GMT', 'paymentRequired': True, 'requestedDeparture': 'Wed, 12 Feb 2020 06:20:05 GMT', 'userID': 1263}, {'WhPerMile': 400, 'kWhRequested': 8.0, 'milesRequested': 20, 'minutesAvailable': 115, 'modifiedAt': 'Wed, 12 Feb 2020 04:25:54 GMT', 'paymentRequired': True, 'requestedDeparture': 'Wed, 12 Feb 2020 06:20:05 GMT', 'userID': 1263}, {'WhPerMile': 400, 'kWhRequested': 8.0, 'milesRequested': 20, 'minutesAvailable': 115, 'modifiedAt': 'Wed, 12 Feb 2020 05:46:26 GMT', 'paymentRequired': True, 'requestedDeparture': 'Wed, 12 Feb 2020 06:20:05 GMT', 'userID': 1263}]",1.5369444444444444,1.5344444444444445,4,Wednesday,0,15,76.72500000000001
5e59beb8f9af8b02edd8835b,0039,2020-02-12 14:59:21,2020-02-13 23:13:50,2020-02-13 00:36:20,1.316,2_39_79_383_2020-02-12 14:59:20.929207,0002,CA-492,2-39-79-383,America/Los_Angeles,,,32.24138888888889,9.616388888888888,14,Wednesday,0,15,19.740000000000002
5e59beb8f9af8b02edd8835c,0039,2020-02-12 15:49:20,2020-02-12 18:10:51,2020-02-12 18:11:50,0.804,2_39_79_380_2020-02-12 15:49:20.173564,0002,CA-489,2-39-79-380,America/Los_Angeles,,,2.358611111111111,2.375,15,Wednesday,0,15,12.06
5e59beb8f9af8b02edd8835d,0039,2020-02-12 15:50:42,2020-02-12 22:32:11,2020-02-12 17:16:19,2.805,2_39_79_382_2020-02-12 15:50:41.701742,0002,CA-491,2-39-79-382,America/Los_Angeles,000004701,"[{'WhPerMile': 300, 'kWhRequested': 12.0, 'milesRequested': 40, 'minutesAvailable': 388, 'modifiedAt': 'Wed, 12 Feb 2020 15:50:48 GMT', 'paymentRequired': True, 'requestedDeparture': 'Wed, 12 Feb 2020 22:18:42 GMT', 'userID': 4701}]",6.691388888888889,1.4269444444444443,15,Wednesday,0,15,42.075
5e59beb8f9af8b02edd8835e,0039,2020-02-12 16:10:10,2020-02-13 01:54:38,2020-02-12 19:17:51,12.215,2_39_79_381_2020-02-12 16:10:09.661187,0002,CA-490,2-39-79-381,America/Los_Angeles,000001458,"[{'WhPerMile': 400, 'kWhRequested': 24.0, 'milesRequested': 60, 'minutesAvailable': 60, 'modifiedAt': 'Wed, 12 Feb 2020 16:12:07 GMT', 'paymentRequired': True, 'requestedDeparture': 'Wed, 12 Feb 2020 17:10:10 GMT', 'userID': 1458}, {'WhPerMile': 400, 'kWhRequested': 24.0, 'milesRequested': 60, 'minutesAvailable': 60, 'modifiedAt': 'Wed, 12 Feb 2020 22:21:36 GMT', 'paymentRequired': True, 'requestedDeparture': 'Wed, 12 Feb 2020 17:10:10 GMT', 'userID': 1458}]",9.741111111111111,3.1280555555555556,16,Wednesday,0,15,183.225
5e59beb8f9af8b02edd8835f,0039,2020-02-12 16:23:32,2020-02-13 06:20:41,2020-02-12 17:29:44,2.127,2_39_92_436_2020-02-12 16:23:32.470072,0002,CA-318,2-39-92-436,America/Los_Angeles,000000324,"[{'WhPerMile': 444, 'kWhRequested': 8.88, 'milesRequested': 20, 'minutesAvailable': 221, 'modifiedAt': 'Wed, 12 Feb 2020 16:23:55 GMT', 'paymentRequired': True, 'requestedDeparture': 'Wed, 12 Feb 2020 20:04:32 GMT', 'userID': 324}]",13.9525,1.1033333333333333,16,Wednesday,0,15,31.904999999999998
5e59beb8f9af8b02edd88360,0039,2020-02-12 16:28:05,2020-02-13 00:33:00,2020-02-12 22:43:29,15.393,2_39_78_364_2020-02-12 16:27:54.609926,0002,CA-495,2-39-78-364,America/Los_Angeles,000000671,"[{'WhPerMile': 267, 'kWhRequested': 29.37, 'milesRequested': 110, 'minutesAvailable': 271, 'modifiedAt': 'Wed, 12 Feb 2020 16:28:04 GMT', 'paymentRequired': True, 'requestedDeparture': 'Wed, 12 Feb 2020 20:59:05 GMT', 'userID': 671}]",8.081944444444444,6.256666666666667,16,Wednesday,0,15,230.895
5e59beb8f9af8b02edd88361,0039,2020-02-12 16:30:07,2020-02-13 01:30:07,2020-02-13 00:58:27,11.966,2_39_131_30_2020-02-12 16:30:07.178832,0002,CA-305,2-39-131-30,America/Los_Angeles,000000559,"[{'WhPerMile': 400, 'kWhRequested': 12.0, 'milesRequested': 30, 'minutesAvailable': 519, 'modifiedAt': 'Wed, 12 Feb 2020 16:30:16 GMT', 'paymentRequired': True, 'requestedDeparture': 'Thu, 13 Feb 2020 01:09:07 GMT', 'userID': 559}]",9.0,8.472222222222221,16,Wednesday,0,15,179.48999999999998
5e59beb8f9af8b02edd88362,0039,2020-02-12 16:30:57,2020-02-13 02:17:12,2020-02-12 17:50:46,4.404,2_39_126_560_2020-02-12 16:30:57.074166,0002,CA-506,2-39-126-560,America/Los_Angeles,000001534,"[{'WhPerMile': 250, 'kWhRequested': 10.0, 'milesRequested': 40, 'minutesAvailable': 404, 'modifiedAt': 'Wed, 12 Feb 2020 16:31:17 GMT', 'paymentRequired': True, 'requestedDeparture': 'Wed, 12 Feb 2020 23:14:57 GMT', 'userID': 1534}]",9.770833333333334,1.3302777777777777,16,Wednesday,0,15,66.06
5e59beb8f9af8b02edd88363,0039,2020-02-12 16:34:11,2020-02-12 22:58:04,2020-02-12 18:46:47,12.876,2_39_92_442_2020-02-12 16:34:11.369379,0002,CA-498,2-39-92-442,America/Los_Angeles,000000068,"[{'WhPerMile': 214, 'kWhRequested': 17.12, 'milesRequested': 80, 'minutesAvailable': 303, 'modifiedAt': 'Wed, 12 Feb 2020 16:34:22 GMT', 'paymentRequired': True, 'requestedDeparture': 'Wed, 12 Feb 2020 21:37:11 GMT', 'userID': 68}]",6.398055555555556,2.21,16,Wednesday,0,15,193.14
5e59beb8f9af8b02edd88364,0039,2020-02-12 16:36:54,2020-02-13 02:38:14,2020-02-12 19:35:04,9.479,2_39_125_21_2020-02-12 16:36:54.188421,0002,CA-311,2-39-125-21,America/Los_Angeles,000000712,"[{'WhPerMile': 400, 'kWhRequested': 16.0, 'milesRequested': 40, 'minutesAvailable': 405, 'modifiedAt': 'Wed, 12 Feb 2020 16:37:06 GMT', 'paymentRequired': True, 'requestedDeparture': 'Wed, 12 Feb 2020 23:21:54 GMT', 'userID': 712}]",10.022222222222222,2.9694444444444446,16,Wednesday,0,15,142.185
5e59beb8f9af8b02edd88365,0039,2020-02-12 16:37:10,2020-02-13 01:00:28,2020-02-12 17:01:55,0.852,2_39_127_19_2020-02-12 16:37:10.065586,0002,CA-309,2-39-127-19,America/Los_Angeles,000001366,"[{'WhPerMile': 400, 'kWhRequested': 8.0, 'milesRequested': 20, 'minutesAvailable': 60, 'modifiedAt': 'Wed, 12 Feb 2020 16:37:20 GMT', 'paymentRequired': True, 'requestedDeparture': 'Wed, 12 Feb 2020 17:37:10 GMT', 'userID': 1366}]",8.388333333333334,0.4125,16,Wednesday,0,15,12.78
5e59beb8f9af8b02edd88366,0039,2020-02-12 16:38:07,2020-02-12 23:32:54,2020-02-12 23:33:51,10.859,2_39_78_362_2020-02-12 16:38:07.235138,0002,CA-496,2-39-78-362,America/Los_Angeles,000001470,"[{'WhPerMile': 292, 'kWhRequested': 29.2, 'milesRequested': 100, 'minutesAvailable': 301, 'modifiedAt': 'Wed, 12 Feb 2020 16:38:20 GMT', 'paymentRequired': True, 'requestedDeparture': 'Wed, 12 Feb 2020 21:39:07 GMT', 'userID': 1470}]",6.913055555555555,6.928888888888889,16,Wednesday,0,15,162.885
5e59beb8f9af8b02edd88367,0039,2020-02-12 16:42:05,2020-02-13 02:40:40,2020-02-12 19:51:24,13.593,2_39_78_366_2020-02-12 16:42:04.911652,0002,CA-323,2-39-78-366,America/Los_Angeles,000000945,"[{'WhPerMile': 400, 'kWhRequested': 32.0, 'milesRequested': 80, 'minutesAvailable': 62, 'modifiedAt': 'Wed, 12 Feb 2020 16:42:16 GMT', 'paymentRequired': True, 'requestedDeparture': 'Wed, 12 Feb 2020 17:44:05 GMT', 'userID': 945}]",9.97638888888889,3.1552777777777776,16,Wednesday,0,15,203.895
5e59beb8f9af8b02edd88368,0039,2020-02-12 16:43:35,2020-02-13 01:49:49,2020-02-13 00:57:32,1.904,2_39_79_378_2020-02-12 16:43:34.740134,0002,CA-326,2-39-79-378,America/Los_Angeles,,,9.10388888888889,8.2325,16,Wednesday,0,15,28.56
5e59beb8f9af8b02edd88369,0039,2020-02-12 16:55:21,2020-02-13 00:40:36,2020-02-12 20:48:45,23.598,2_39_79_376_2020-02-12 16:55:20.766885,0002,CA-324,2-39-79-376,America/Los_Angeles,000001104,"[{'WhPerMile': 250, 'kWhRequested': 37.5, 'milesRequested': 150, 'minutesAvailable': 373, 'modifiedAt': 'Wed, 12 Feb 2020 16:55:31 GMT', 'paymentRequired': True, 'requestedDeparture': 'Wed, 12 Feb 2020 23:08:21 GMT', 'userID': 1104}]",7.754166666666666,3.89,16,Wednesday,0,15,353.96999999999997
5e59beb8f9af8b02edd8836a,0039,2020-02-12 17:08:45,2020-02-13 00:38:23,2020-02-12 19:17:01,6.513,2_39_78_365_2020-02-12 17:08:27.156551,0002,CA-321,2-39-78-365,America/Los_Angeles,000005368,"[{'WhPerMile': 400, 'kWhRequested': 8.0, 'milesRequested': 20, 'minutesAvailable': 73, 'modifiedAt': 'Wed, 12 Feb 2020 17:08:45 GMT', 'paymentRequired': True, 'requestedDeparture': 'Wed, 12 Feb 2020 18:21:45 GMT', 'userID': 5368}]",7.493888888888889,2.137777777777778,17,Wednesday,0,15,97.695
5e59beb8f9af8b02edd8836b,0039,2020-02-12 17:10:05,2020-02-13 01:03:33,2020-02-12 19:51:11,8.21,2_39_89_25_2020-02-12 17:10:05.060011,0002,CA-315,2-39-89-25,America/Los_Angeles,000001364,"[{'WhPerMile': 400, 'kWhRequested': 28.0, 'milesRequested': 70, 'minutesAvailable': 182, 'modifiedAt': 'Wed, 12 Feb 2020 17:10:12 GMT', 'paymentRequired': True, 'requestedDeparture': 'Wed, 12 Feb 2020 20:12:05 GMT', 'userID': 1364}]",7.891111111111111,2.685,17,Wednesday,0,15,123.15
5e59beb8f9af8b02edd8836c,0039,2020-02-12 17:11:12,2020-02-12 20:42:06,2020-02-12 17:55:35,4.345,2_39_124_22_2020-02-12 17:11:12.189970,0002,CA-312,2-39-124-22,America/Los_Angeles,000001912,"[{'WhPerMile': 400, 'kWhRequested': 20.0, 'milesRequested': 50, 'minutesAvailable': 392, 'modifiedAt': 'Wed, 12 Feb 2020 17:11:26 GMT', 'paymentRequired': True, 'requestedDeparture': 'Wed, 12 Feb 2020 23:43:12 GMT', 'userID': 1912}]",3.515,0.7397222222222222,17,Wednesday,0,15,65.175
5e59beb8f9af8b02edd8836d,0039,2020-02-12 17:13:38,2020-02-12 20:03:42,2020-02-12 19:54:36,4.496,2_39_78_367_2020-02-12 17:13:38.348492,0002,CA-494,2-39-78-367,America/Los_Angeles,000000564,"[{'WhPerMile': 231, 'kWhRequested': 4.62, 'milesRequested': 20, 'minutesAvailable': 537, 'modifiedAt': 'Wed, 12 Feb 2020 17:13:52 GMT', 'paymentRequired': True, 'requestedDeparture': 'Thu, 13 Feb 2020 02:10:38 GMT', 'userID': 564}]",2.8344444444444443,2.682777777777778,17,Wednesday,0,15,67.44000000000001
5e59beb8f9af8b02edd8836e,0039,2020-02-12 17:13:51,2020-02-13 05:04:49,2020-02-12 18:40:52,4.092,2_39_89_439_2020-02-12 17:13:50.571667,0002,CA-501,2-39-89-439,America/Los_Angeles,000000743,"[{'WhPerMile': 400, 'kWhRequested': 8.0, 'milesRequested': 20, 'minutesAvailable': 522, 'modifiedAt': 'Wed, 12 Feb 2020 17:14:01 GMT', 'paymentRequired': True, 'requestedDeparture': 'Thu, 13 Feb 2020 01:55:51 GMT', 'userID': 743}]",11.849444444444444,1.4502777777777778,17,Wednesday,0,15,61.379999999999995
5e59beb8f9af8b02edd8836f,0039,2020-02-12 17:13:55,2020-02-13 03:09:57,2020-02-12 18:33:12,4.11,2_39_123_23_2020-02-12 17:13:55.181164,0002,CA-313,2-39-123-23,America/Los_Angeles,000000567,"[{'WhPerMile': 400, 'kWhRequested': 8.0, 'milesRequested': 20, 'minutesAvailable': 434, 'modifiedAt': 'Wed, 12 Feb 2020 17:14:36 GMT', 'paymentRequired': True, 'requestedDeparture': 'Thu, 13 Feb 2020 00:27:55 GMT', 'userID': 567}, {'WhPerMile': 400, 'kWhRequested': 8.0, 'milesRequested': 20, 'minutesAvailable': 434, 'modifiedAt': 'Wed, 12 Feb 2020 17:14:48 GMT', 'paymentRequired': True, 'requestedDeparture': 'Thu, 13 Feb 2020 00:27:55 GMT', 'userID': 567}]",9.93388888888889,1.321388888888889,17,Wednesday,0,15,61.650000000000006
5e59beb8f9af8b02edd88370,0039,2020-02-12 17:24:34,2020-02-12 23:54:47,2020-02-12 22:50:28,15.799,2_39_78_360_2020-02-12 17:24:33.775021,0002,CA-322,2-39-78-360,America/Los_Angeles,000003853,"[{'WhPerMile': 360, 'kWhRequested': 25.2, 'milesRequested': 70, 'minutesAvailable': 523, 'modifiedAt': 'Wed, 12 Feb 2020 17:24:46 GMT', 'paymentRequired': True, 'requestedDeparture': 'Thu, 13 Feb 2020 02:07:34 GMT', 'userID': 3853}]",6.503611111111111,5.431666666666667,17,Wednesday,0,15,236.98499999999999
5e59beb8f9af8b02edd88371,0039,2020-02-12 17:29:34,2020-02-12 23:48:44,2020-02-12 22:41:28,0.969,2_39_95_27_2020-02-12 17:29:34.180877,0002,CA-319,2-39-95-27,America/Los_Angeles,,,6.319444444444445,5.198333333333333,17,Wednesday,0,15,14.535
5e59beb8f9af8b02edd88372,0039,2020-02-12 17:33:15,2020-02-13 02:56:13,2020-02-13 02:56:12,8.762,2_39_78_363_2020-02-12 17:33:14.663229,0002,CA-320,2-39-78-363,America/Los_Angeles,000000714,"[{'WhPerMile': 400, 'kWhRequested': 32.0, 'milesRequested': 80, 'minutesAvailable': 445, 'modifiedAt': 'Wed, 12 Feb 2020 17:33:50 GMT', 'paymentRequired': True, 'requestedDeparture': 'Thu, 13 Feb 2020 00:58:15 GMT', 'userID': 714}]",9.382777777777777,9.3825,17,Wednesday,0,15,131.43
5e59beb8f9af8b02edd88373,0039,2020-02-12 17:44:50,2020-02-13 01:56:54,2020-02-12 19:45:36,5.899,2_39_90_440_2020-02-12 17:44:50.069091,0002,CA-500,2-39-90-440,America/Los_Angeles,000001222,"[{'WhPerMile': 400, 'kWhRequested': 8.0, 'milesRequested': 20, 'minutesAvailable': 72, 'modifiedAt': 'Wed, 12 Feb 2020 17:46:16 GMT', 'paymentRequired': True, 'requestedDeparture': 'Wed, 12 Feb 2020 18:56:50 GMT', 'userID': 1222}]",8.20111111111111,2.012777777777778,17,Wednesday,0,15,88.485
5e59beb8f9af8b02edd88374,0039,2020-02-12 17:45:40,2020-02-13 04:30:13,2020-02-12 19:42:17,11.631,2_39_91_437_2020-02-12 17:45:39.813683,0002,CA-317,2-39-91-437,America/Los_Angeles,000000558,"[{'WhPerMile': 400, 'kWhRequested': 28.0, 'milesRequested': 70, 'minutesAvailable': 60, 'modifiedAt': 'Wed, 12 Feb 2020 17:45:42 GMT', 'paymentRequired': True, 'requestedDeparture': 'Wed, 12 Feb 2020 18:45:40 GMT', 'userID': 558}]",10.7425,1.9436111111111112,17,Wednesday,0,15,174.465
5e59beb8f9af8b02edd88375,0039,2020-02-12 18:03:14,2020-02-13 00:25:27,2020-02-12 18:38:36,2.183,2_39_90_26_2020-02-12 18:03:13.736250,0002,CA-316,2-39-90-26,America/Los_Angeles,000000751,"[{'WhPerMile': 400, 'kWhRequested': 40.0, 'milesRequested': 100, 'minutesAvailable': 717, 'modifiedAt': 'Wed, 12 Feb 2020 18:03:28 GMT', 'paymentRequired': True, 'requestedDeparture': 'Thu, 13 Feb 2020 06:00:14 GMT', 'userID': 751}, {'WhPerMile': 400, 'kWhRequested': 40.0, 'milesRequested': 100, 'minutesAvailable': 717, 'modifiedAt': 'Wed, 12 Feb 2020 18:03:38 GMT', 'paymentRequired': True, 'requestedDeparture': 'Thu, 13 Feb 2020 06:00:14 GMT', 'userID': 751}]",6.370277777777778,0.5894444444444444,18,Wednesday,0,15,32.745
5e59beb8f9af8b02edd88376,0039,2020-02-12 18:11:27,2020-02-12 21:35:55,2020-02-12 18:42:22,0.786,2_39_79_380_2020-02-12 18:11:27.163776,0002,CA-489,2-39-79-380,America/Los_Angeles,,,3.4077777777777776,0.5152777777777777,18,Wednesday,0,15,11.790000000000001
5e59beb8f9af8b02edd88377,0039,2020-02-12 18:18:33,2020-02-12 22:44:10,2020-02-12 19:53:03,9.696,2_39_88_24_2020-02-12 18:18:33.492818,0002,CA-314,2-39-88-24,America/Los_Angeles,000001087,"[{'WhPerMile': 400, 'kWhRequested': 32.0, 'milesRequested': 80, 'minutesAvailable': 311, 'modifiedAt': 'Wed, 12 Feb 2020 18:18:39 GMT', 'paymentRequired': True, 'requestedDeparture': 'Wed, 12 Feb 2020 23:29:33 GMT', 'userID': 1087}]",4.426944444444445,1.575,18,Wednesday,0,15,145.44
5e59beb8f9af8b02edd88378,0039,2020-02-12 18:24:37,2020-02-13 01:32:32,2020-02-12 19:50:39,9.063,2_39_126_20_2020-02-12 18:24:37.254523,0002,CA-310,2-39-126-20,America/Los_Angeles,000002961,"[{'WhPerMile': 400, 'kWhRequested': 40.0, 'milesRequested': 100, 'minutesAvailable': 459, 'modifiedAt': 'Wed, 12 Feb 2020 18:24:46 GMT', 'paymentRequired': True, 'requestedDeparture': 'Thu, 13 Feb 2020 02:03:37 GMT', 'userID': 2961}]",7.131944444444445,1.433888888888889,18,Wednesday,0,15,135.94500000000002
5e59beb8f9af8b02edd88379,0039,2020-02-12 18:54:02,2020-02-13 02:53:49,2020-02-12 21:07:33,6.566,2_39_123_557_2020-02-12 18:54:02.394450,0002,CA-503,2-39-123-557,America/Los_Angeles,000002170,"[{'WhPerMile': 400, 'kWhRequested': 28.0, 'milesRequested': 70, 'minutesAvailable': 417, 'modifiedAt': 'Wed, 12 Feb 2020 18:54:33 GMT', 'paymentRequired': True, 'requestedDeparture': 'Thu, 13 Feb 2020 01:51:02 GMT', 'userID': 2170}]",7.996388888888889,2.225277777777778,18,Wednesday,0,15,98.49
5e59beb8f9af8b02edd8837a,0039,2020-02-12 19:19:42,2020-02-13 04:27:51,2020-02-12 20:37:00,2.522,2_39_128_562_2020-02-12 19:19:42.454745,0002,CA-508,2-39-128-562,America/Los_Angeles,000001082,"[{'WhPerMile': 400, 'kWhRequested': 8.0, 'milesRequested': 20, 'minutesAvailable': 64, 'modifiedAt': 'Wed, 12 Feb 2020 19:20:12 GMT', 'paymentRequired': True, 'requestedDeparture': 'Wed, 12 Feb 2020 20:23:42 GMT', 'userID': 1082}]",9.135833333333334,1.2883333333333333,19,Wednesday,0,15,37.83
5e59beb8f9af8b02edd8837b,0039,2020-02-12 20:21:18,2020-02-13 02:06:46,2020-02-13 01:29:50,0.882,2_39_78_367_2020-02-12 20:21:17.670106,0002,CA-494,2-39-78-367,America/Los_Angeles,,,5.757777777777778,5.142222222222222,20,Wednesday,0,15,13.23
5e59beb8f9af8b02edd8837c,0039,2020-02-12 20:47:52,2020-02-13 01:26:09,2020-02-12 22:29:56,4.782,2_39_124_22_2020-02-12 20:47:52.331068,0002,CA-312,2-39-124-22,America/Los_Angeles,000000891,"[{'WhPerMile': 400, 'kWhRequested': 8.0, 'milesRequested': 20, 'minutesAvailable': 216, 'modifiedAt': 'Wed, 12 Feb 2020 20:48:52 GMT', 'paymentRequired': True, 'requestedDeparture': 'Thu, 13 Feb 2020 00:23:52 GMT', 'userID': 891}]",4.638055555555556,1.701111111111111,20,Wednesday,0,15,71.73
5e59beb8f9af8b02edd8837d,0039,2020-02-12 21:59:25,2020-02-13 01:07:19,2020-02-13 00:59:06,0.771,2_39_79_380_2020-02-12 21:59:24.922537,0002,CA-489,2-39-79-380,America/Los_Angeles,,,3.131666666666667,2.9947222222222223,21,Wednesday,0,15,11.565
5e59beb8f9af8b02edd8837e,0039,2020-02-12 23:09:18,2020-02-13 00:02:42,2020-02-12 23:56:08,4.126,2_39_92_442_2020-02-12 23:09:18.356332,0002,CA-498,2-39-92-442,America/Los_Angeles,000000668,"[{'WhPerMile': 425, 'kWhRequested': 4.25, 'milesRequested': 10, 'minutesAvailable': 61, 'modifiedAt': 'Wed, 12 Feb 2020 23:09:25 GMT', 'paymentRequired': True, 'requestedDeparture': 'Thu, 13 Feb 2020 00:10:18 GMT', 'userID': 668}]",0.89,0.7805555555555556,23,Wednesday,0,15,61.89000000000001
5e59beb8f9af8b02edd8837f,0039,2020-02-12 23:38:48,2020-02-13 01:59:06,2020-02-13 01:59:01,15.603,2_39_88_24_2020-02-12 23:38:48.486559,0002,CA-314,2-39-88-24,America/Los_Angeles,000003270,"[{'WhPerMile': 200, 'kWhRequested': 40.0, 'milesRequested': 200, 'minutesAvailable': 470, 'modifiedAt': 'Wed, 12 Feb 2020 23:39:42 GMT', 'paymentRequired': True, 'requestedDeparture': 'Thu, 13 Feb 2020 07:28:48 GMT', 'userID': 3270}]",2.3383333333333334,2.3369444444444443,23,Wednesday,0,15,234.045
5e59beb8f9af8b02edd88380,0039,2020-02-12 23:54:31,2020-02-13 01:24:21,2020-02-13 01:24:13,4.84,2_39_95_27_2020-02-12 23:54:30.613515,0002,CA-319,2-39-95-27,America/Los_Angeles,000001920,"[{'WhPerMile': 450, 'kWhRequested': 13.5, 'milesRequested': 30, 'minutesAvailable': 154, 'modifiedAt': 'Wed, 12 Feb 2020 23:54:59 GMT', 'paymentRequired': True, 'requestedDeparture': 'Thu, 13 Feb 2020 02:28:31 GMT', 'userID': 1920}]",1.4972222222222222,1.495,23,Wednesday,0,15,72.6
5e59beb8f9af8b02edd88381,0039,2020-02-12 23:56:44,2020-02-13 01:07:58,2020-02-13 01:07:55,5.882,2_39_78_360_2020-02-12 23:56:44.068783,0002,CA-322,2-39-78-360,America/Los_Angeles,000005855,"[{'WhPerMile': 400, 'kWhRequested': 20.0, 'milesRequested': 50, 'minutesAvailable': 73, 'modifiedAt': 'Wed, 12 Feb 2020 23:58:29 GMT', 'paymentRequired': True, 'requestedDeparture': 'Thu, 13 Feb 2020 01:09:44 GMT', 'userID': 5855}]",1.1872222222222222,1.186388888888889,23,Wednesday,0,15,88.22999999999999
5e59beb8f9af8b02edd88382,0039,2020-02-13 01:11:14,2020-02-13 01:33:28,2020-02-13 01:32:59,1.181,2_39_78_360_2020-02-13 01:11:13.722691,0002,CA-322,2-39-78-360,America/Los_Angeles,000005368,"[{'WhPerMile': 400, 'kWhRequested': 8.0, 'milesRequested': 20, 'minutesAvailable': 73, 'modifiedAt': 'Thu, 13 Feb 2020 01:14:36 GMT', 'paymentRequired': True, 'requestedDeparture': 'Thu, 13 Feb 2020 02:24:14 GMT', 'userID': 5368}]",0.3705555555555556,0.3625,1,Thursday,0,15,17.715
5e59beb8f9af8b02edd88383,0039,2020-02-13 02:46:34,2020-02-13 04:34:52,2020-02-13 04:32:37,6.676,2_39_131_30_2020-02-13 02:46:33.932548,0002,CA-305,2-39-131-30,America/Los_Angeles,000001564,"[{'WhPerMile': 300, 'kWhRequested': 12.0, 'milesRequested': 40, 'minutesAvailable': 152, 'modifiedAt': 'Thu, 13 Feb 2020 02:46:49 GMT', 'paymentRequired': True, 'requestedDeparture': 'Thu, 13 Feb 2020 05:18:34 GMT', 'userID': 1564}]",1.805,1.7675,2,Thursday,0,15,100.14
5e5b1034f9af8b06c4b621e0,0039,2020-02-13 15:43:55,2020-02-13 22:57:08,2020-02-13 19:12:38,13.374,2_39_79_380_2020-02-13 15:43:41.066672,0002,CA-489,2-39-79-380,America/Los_Angeles,000001458,"[{'WhPerMile': 400, 'kWhRequested': 24.0, 'milesRequested': 60, 'minutesAvailable': 60, 'modifiedAt': 'Thu, 13 Feb 2020 15:43:55 GMT', 'paymentRequired': True, 'requestedDeparture': 'Thu, 13 Feb 2020 16:43:55 GMT', 'userID': 1458}, {'WhPerMile': 400, 'kWhRequested': 24.0, 'milesRequested': 60, 'minutesAvailable': 60, 'modifiedAt': 'Thu, 13 Feb 2020 22:56:48 GMT', 'paymentRequired': True, 'requestedDeparture': 'Thu, 13 Feb 2020 16:43:55 GMT', 'userID': 1458}]",7.220277777777778,3.4786111111111113,15,Thursday,0,15,200.61
5e5b1034f9af8b06c4b621e1,0039,2020-02-13 15:50:28,2020-02-13 23:00:28,2020-02-13 17:24:31,3.307,2_39_79_382_2020-02-13 15:50:28.419694,0002,CA-491,2-39-79-382,America/Los_Angeles,000004701,"[{'WhPerMile': 300, 'kWhRequested': 12.0, 'milesRequested': 40, 'minutesAvailable': 388, 'modifiedAt': 'Thu, 13 Feb 2020 15:50:55 GMT', 'paymentRequired': True, 'requestedDeparture': 'Thu, 13 Feb 2020 22:18:28 GMT', 'userID': 4701}]",7.166666666666667,1.5675,15,Thursday,0,15,49.605
5e5b1034f9af8b06c4b621e2,0039,2020-02-13 15:54:27,2020-02-13 21:20:12,2020-02-13 20:19:39,0.812,2_39_79_381_2020-02-13 15:54:26.838423,0002,CA-490,2-39-79-381,America/Los_Angeles,,,5.429166666666666,4.42,15,Thursday,0,15,12.180000000000001
5e5b1034f9af8b06c4b621e3,0039,2020-02-13 16:12:28,2020-02-14 02:37:07,2020-02-13 17:29:22,3.732,2_39_79_377_2020-02-13 16:12:27.800879,0002,CA-325,2-39-79-377,America/Los_Angeles,000002170,"[{'WhPerMile': 400, 'kWhRequested': 28.0, 'milesRequested': 70, 'minutesAvailable': 417, 'modifiedAt': 'Thu, 13 Feb 2020 16:12:44 GMT', 'paymentRequired': True, 'requestedDeparture': 'Thu, 13 Feb 2020 23:09:28 GMT', 'userID': 2170}]",10.410833333333333,1.2816666666666667,16,Thursday,0,15,55.980000000000004
5e5b1034f9af8b06c4b621e4,0039,2020-02-13 16:15:52,2020-02-13 23:28:57,2020-02-13 23:05:35,6.203,2_39_78_363_2020-02-13 16:15:48.725497,0002,CA-320,2-39-78-363,America/Los_Angeles,000004947,"[{'WhPerMile': 380, 'kWhRequested': 7.6, 'milesRequested': 20, 'minutesAvailable': 751, 'modifiedAt': 'Thu, 13 Feb 2020 16:15:52 GMT', 'paymentRequired': True, 'requestedDeparture': 'Fri, 14 Feb 2020 04:46:52 GMT', 'userID': 4947}]",7.218055555555556,6.828611111111111,16,Thursday,0,15,93.045
5e5b1034f9af8b06c4b621e5,0039,2020-02-13 16:18:29,2020-02-13 17:09:43,2020-02-13 17:09:39,5.563,2_39_78_366_2020-02-13 16:18:28.883733,0002,CA-323,2-39-78-366,America/Los_Angeles,000003853,"[{'WhPerMile': 360, 'kWhRequested': 18.0, 'milesRequested': 50, 'minutesAvailable': 523, 'modifiedAt': 'Thu, 13 Feb 2020 16:18:47 GMT', 'paymentRequired': True, 'requestedDeparture': 'Fri, 14 Feb 2020 01:01:29 GMT', 'userID': 3853}]",0.8538888888888889,0.8527777777777777,16,Thursday,0,15,83.445
5e5b1034f9af8b06c4b621e6,0039,2020-02-13 16:25:16,2020-02-14 02:47:26,2020-02-14 02:27:51,1.041,2_39_79_379_2020-02-13 16:25:16.372695,0002,CA-327,2-39-79-379,America/Los_Angeles,,,10.369444444444444,10.043055555555556,16,Thursday,0,15,15.614999999999998
5e5b1034f9af8b06c4b621e7,0039,2020-02-13 16:28:43,2020-02-14 01:21:38,2020-02-13 18:14:04,11.341,2_39_92_442_2020-02-13 16:28:43.388794,0002,CA-498,2-39-92-442,America/Los_Angeles,000001470,"[{'WhPerMile': 292, 'kWhRequested': 29.2, 'milesRequested': 100, 'minutesAvailable': 301, 'modifiedAt': 'Thu, 13 Feb 2020 16:28:58 GMT', 'paymentRequired': True, 'requestedDeparture': 'Thu, 13 Feb 2020 21:29:43 GMT', 'userID': 1470}]",8.881944444444445,1.7558333333333334,16,Thursday,0,15,170.11499999999998
5e5b1034f9af8b06c4b621e8,0039,2020-02-13 16:41:33,2020-02-13 21:55:33,2020-02-13 18:00:28,3.358,2_39_131_30_2020-02-13 16:41:32.695926,0002,CA-305,2-39-131-30,America/Los_Angeles,000001366,"[{'WhPerMile': 400, 'kWhRequested': 8.0, 'milesRequested': 20, 'minutesAvailable': 60, 'modifiedAt': 'Thu, 13 Feb 2020 16:41:53 GMT', 'paymentRequired': True, 'requestedDeparture': 'Thu, 13 Feb 2020 17:41:33 GMT', 'userID': 1366}]",5.233333333333333,1.3152777777777778,16,Thursday,0,15,50.370000000000005
5e5b1034f9af8b06c4b621e9,0039,2020-02-13 16:41:51,2020-02-14 00:52:21,2020-02-13 21:06:04,23.815,2_39_79_378_2020-02-13 16:41:51.408795,0002,CA-326,2-39-79-378,America/Los_Angeles,000001104,"[{'WhPerMile': 250, 'kWhRequested': 25.0, 'milesRequested': 100, 'minutesAvailable': 373, 'modifiedAt': 'Thu, 13 Feb 2020 16:42:53 GMT', 'paymentRequired': True, 'requestedDeparture': 'Thu, 13 Feb 2020 22:54:51 GMT', 'userID': 1104}]",8.175,4.403611111111111,16,Thursday,0,15,357.225
5e5b1034f9af8b06c4b621ea,0039,2020-02-13 16:43:39,2020-02-14 01:04:26,2020-02-13 19:21:40,5.488,2_39_79_376_2020-02-13 16:43:38.533190,0002,CA-324,2-39-79-376,America/Los_Angeles,000001864,"[{'WhPerMile': 400, 'kWhRequested': 12.0, 'milesRequested': 30, 'minutesAvailable': 496, 'modifiedAt': 'Thu, 13 Feb 2020 16:43:46 GMT', 'paymentRequired': True, 'requestedDeparture': 'Fri, 14 Feb 2020 00:59:39 GMT', 'userID': 1864}]",8.346388888888889,2.633611111111111,16,Thursday,0,15,82.32000000000001
5e5b1034f9af8b06c4b621eb,0039,2020-02-13 16:45:06,2020-02-14 00:56:57,2020-02-13 18:33:00,9.742,2_39_91_437_2020-02-13 16:45:05.604631,0002,CA-317,2-39-91-437,America/Los_Angeles,000000431,"[{'WhPerMile': 300, 'kWhRequested': 18.0, 'milesRequested': 60, 'minutesAvailable': 219, 'modifiedAt': 'Thu, 13 Feb 2020 16:45:23 GMT', 'paymentRequired': True, 'requestedDeparture': 'Thu, 13 Feb 2020 20:24:06 GMT', 'userID': 431}]",8.1975,1.7983333333333333,16,Thursday,0,15,146.13000000000002
5e5b1034f9af8b06c4b621ec,0039,2020-02-13 16:49:43,2020-02-14 02:30:28,2020-02-13 18:13:44,4.618,2_39_127_19_2020-02-13 16:49:43.435580,0002,CA-309,2-39-127-19,America/Los_Angeles,000000712,"[{'WhPerMile': 400, 'kWhRequested': 16.0, 'milesRequested': 40, 'minutesAvailable': 405, 'modifiedAt': 'Thu, 13 Feb 2020 16:49:47 GMT', 'paymentRequired': True, 'requestedDeparture': 'Thu, 13 Feb 2020 23:34:43 GMT', 'userID': 712}]",9.679166666666667,1.4002777777777777,16,Thursday,0,15,69.27000000000001
5e5b1034f9af8b06c4b621ed,0039,2020-02-13 16:54:40,2020-02-14 01:08:46,2020-02-13 20:30:56,8.517,2_39_126_20_2020-02-13 16:54:39.985454,0002,CA-310,2-39-126-20,America/Los_Angeles,000000620,"[{'WhPerMile': 400, 'kWhRequested': 12.0, 'milesRequested': 30, 'minutesAvailable': 483, 'modifiedAt': 'Thu, 13 Feb 2020 16:54:54 GMT', 'paymentRequired': True, 'requestedDeparture': 'Fri, 14 Feb 2020 00:57:40 GMT', 'userID': 620}]",8.235,3.6044444444444443,16,Thursday,0,15,127.755
5e5b1034f9af8b06c4b621ee,0039,2020-02-13 16:55:57,2020-02-14 00:32:31,2020-02-13 20:35:23,16.717,2_39_78_365_2020-02-13 16:55:57.220591,0002,CA-321,2-39-78-365,America/Los_Angeles,000001137,"[{'WhPerMile': 400, 'kWhRequested': 40.0, 'milesRequested': 100, 'minutesAvailable': 420, 'modifiedAt': 'Thu, 13 Feb 2020 16:56:55 GMT', 'paymentRequired': True, 'requestedDeparture': 'Thu, 13 Feb 2020 23:55:57 GMT', 'userID': 1137}]",7.609444444444445,3.6572222222222224,16,Thursday,0,15,250.755
5e5b1034f9af8b06c4b621ef,0039,2020-02-13 16:59:58,2020-02-13 21:15:00,2020-02-13 21:14:56,14.489,2_39_90_440_2020-02-13 16:59:51.947743,0002,CA-500,2-39-90-440,America/Los_Angeles,000003556,"[{'WhPerMile': 500, 'kWhRequested': 40.0, 'milesRequested': 80, 'minutesAvailable': 599, 'modifiedAt': 'Thu, 13 Feb 2020 16:59:58 GMT', 'paymentRequired': True, 'requestedDeparture': 'Fri, 14 Feb 2020 02:58:58 GMT', 'userID': 3556}]",4.250555555555556,4.249444444444444,16,Thursday,0,15,217.335
5e5b1034f9af8b06c4b621f0,0039,2020-02-13 17:09:52,2020-02-14 01:25:33,2020-02-13 19:04:24,5.832,2_39_95_27_2020-02-13 17:09:52.034364,0002,CA-319,2-39-95-27,America/Los_Angeles,000005368,"[{'WhPerMile': 400, 'kWhRequested': 8.0, 'milesRequested': 20, 'minutesAvailable': 73, 'modifiedAt': 'Thu, 13 Feb 2020 17:12:50 GMT', 'paymentRequired': True, 'requestedDeparture': 'Thu, 13 Feb 2020 18:22:52 GMT', 'userID': 5368}]",8.261388888888888,1.9088888888888889,17,Thursday,0,15,87.48
5e5b1034f9af8b06c4b621f1,0039,2020-02-13 17:10:03,2020-02-14 03:14:06,2020-02-13 19:07:32,11.788,2_39_88_438_2020-02-13 17:10:02.684299,0002,CA-502,2-39-88-438,America/Los_Angeles,000000558,"[{'WhPerMile': 400, 'kWhRequested': 32.0, 'milesRequested': 80, 'minutesAvailable': 60, 'modifiedAt': 'Thu, 13 Feb 2020 17:10:17 GMT', 'paymentRequired': True, 'requestedDeparture': 'Thu, 13 Feb 2020 18:10:03 GMT', 'userID': 558}]",10.0675,1.9580555555555557,17,Thursday,0,15,176.82
5e5b1034f9af8b06c4b621f2,0039,2020-02-13 17:12:38,2020-02-14 01:46:18,2020-02-13 19:02:03,4.233,2_39_89_25_2020-02-13 17:12:38.063931,0002,CA-315,2-39-89-25,America/Los_Angeles,000000743,"[{'WhPerMile': 400, 'kWhRequested': 8.0, 'milesRequested': 20, 'minutesAvailable': 522, 'modifiedAt': 'Thu, 13 Feb 2020 17:12:48 GMT', 'paymentRequired': True, 'requestedDeparture': 'Fri, 14 Feb 2020 01:54:38 GMT', 'userID': 743}]",8.561111111111112,1.823611111111111,17,Thursday,0,15,63.495
5e5b1034f9af8b06c4b621f3,0039,2020-02-13 17:35:27,2020-02-14 00:50:20,2020-02-13 20:34:42,17.273,2_39_78_366_2020-02-13 17:35:26.591558,0002,CA-323,2-39-78-366,America/Los_Angeles,000000832,"[{'WhPerMile': 400, 'kWhRequested': 24.0, 'milesRequested': 60, 'minutesAvailable': 446, 'modifiedAt': 'Thu, 13 Feb 2020 17:35:54 GMT', 'paymentRequired': True, 'requestedDeparture': 'Fri, 14 Feb 2020 01:01:27 GMT', 'userID': 832}]",7.248055555555555,2.9875,17,Thursday,0,15,259.09499999999997
5e5b1034f9af8b06c4b621f4,0039,2020-02-13 17:41:41,2020-02-13 23:22:34,2020-02-13 20:07:33,10.818,2_39_92_436_2020-02-13 17:41:33.328340,0002,CA-318,2-39-92-436,America/Los_Angeles,000002461,"[{'WhPerMile': 400, 'kWhRequested': 12.0, 'milesRequested': 30, 'minutesAvailable': 273, 'modifiedAt': 'Thu, 13 Feb 2020 17:41:41 GMT', 'paymentRequired': True, 'requestedDeparture': 'Thu, 13 Feb 2020 22:14:41 GMT', 'userID': 2461}]",5.681388888888889,2.431111111111111,17,Thursday,0,15,162.26999999999998
5e5b1034f9af8b06c4b621f5,0039,2020-02-13 17:50:05,2020-02-14 00:39:51,2020-02-13 20:31:19,15.944,2_39_91_441_2020-02-13 17:50:05.167906,0002,CA-499,2-39-91-441,America/Los_Angeles,000000069,"[{'WhPerMile': 400, 'kWhRequested': 40.0, 'milesRequested': 100, 'minutesAvailable': 363, 'modifiedAt': 'Thu, 13 Feb 2020 17:50:36 GMT', 'paymentRequired': True, 'requestedDeparture': 'Thu, 13 Feb 2020 23:53:05 GMT', 'userID': 69}]",6.829444444444444,2.687222222222222,17,Thursday,0,15,239.16000000000003
5e5b1034f9af8b06c4b621f6,0039,2020-02-13 17:56:04,2020-02-13 20:38:32,2020-02-13 20:39:32,0.885,2_39_78_362_2020-02-13 17:56:04.020684,0002,CA-496,2-39-78-362,America/Los_Angeles,,,2.707777777777778,2.7244444444444444,17,Thursday,0,15,13.275
5e5b1034f9af8b06c4b621f7,0039,2020-02-13 18:01:13,2020-02-14 01:25:51,2020-02-13 18:40:10,2.382,2_39_123_23_2020-02-13 18:01:12.764176,0002,CA-313,2-39-123-23,America/Los_Angeles,000000751,"[{'WhPerMile': 400, 'kWhRequested': 40.0, 'milesRequested': 100, 'minutesAvailable': 717, 'modifiedAt': 'Thu, 13 Feb 2020 18:01:43 GMT', 'paymentRequired': True, 'requestedDeparture': 'Fri, 14 Feb 2020 05:58:13 GMT', 'userID': 751}]",7.410555555555556,0.6491666666666667,18,Thursday,0,15,35.730000000000004
5e5b1034f9af8b06c4b621f8,0039,2020-02-13 18:14:33,2020-02-13 19:06:38,2020-02-13 19:06:25,5.666,2_39_88_24_2020-02-13 18:14:33.342482,0002,CA-314,2-39-88-24,America/Los_Angeles,000001087,"[{'WhPerMile': 400, 'kWhRequested': 32.0, 'milesRequested': 80, 'minutesAvailable': 311, 'modifiedAt': 'Thu, 13 Feb 2020 18:14:36 GMT', 'paymentRequired': True, 'requestedDeparture': 'Thu, 13 Feb 2020 23:25:33 GMT', 'userID': 1087}]",0.8680555555555556,0.8644444444444445,18,Thursday,0,15,84.99000000000001
5e5b1034f9af8b06c4b621f9,0039,2020-02-13 18:14:58,2020-02-14 02:07:43,2020-02-13 20:22:27,12.148,2_39_124_22_2020-02-13 18:14:58.282577,0002,CA-312,2-39-124-22,America/Los_Angeles,000001095,"[{'WhPerMile': 400, 'kWhRequested': 16.0, 'milesRequested': 40, 'minutesAvailable': 444, 'modifiedAt': 'Thu, 13 Feb 2020 18:15:11 GMT', 'paymentRequired': True, 'requestedDeparture': 'Fri, 14 Feb 2020 01:38:58 GMT', 'userID': 1095}]",7.879166666666666,2.124722222222222,18,Thursday,0,15,182.22
5e5b1034f9af8b06c4b621fa,0039,2020-02-13 19:37:30,2020-02-14 02:07:10,2020-02-13 21:47:20,14.448,2_39_88_24_2020-02-13 19:37:30.281571,0002,CA-314,2-39-88-24,America/Los_Angeles,000000714,"[{'WhPerMile': 400, 'kWhRequested': 32.0, 'milesRequested': 80, 'minutesAvailable': 445, 'modifiedAt': 'Thu, 13 Feb 2020 19:37:58 GMT', 'paymentRequired': True, 'requestedDeparture': 'Fri, 14 Feb 2020 03:02:30 GMT', 'userID': 714}]",6.4944444444444445,2.1638888888888888,19,Thursday,0,15,216.72
5e5b1034f9af8b06c4b621fb,0039,2020-02-13 20:40:57,2020-02-14 03:01:13,2020-02-13 22:41:00,6.502,2_39_128_562_2020-02-13 20:40:56.552145,0002,CA-508,2-39-128-562,America/Los_Angeles,000001124,"[{'WhPerMile': 400, 'kWhRequested': 8.0, 'milesRequested': 20, 'minutesAvailable': 60, 'modifiedAt': 'Thu, 13 Feb 2020 20:41:17 GMT', 'paymentRequired': True, 'requestedDeparture': 'Thu, 13 Feb 2020 21:40:57 GMT', 'userID': 1124}]",6.337777777777778,2.0008333333333335,20,Thursday,0,15,97.53
5e5b1034f9af8b06c4b621fc,0039,2020-02-13 20:56:08,2020-02-14 00:51:27,2020-02-14 00:52:27,0.895,2_39_78_362_2020-02-13 20:56:07.755201,0002,CA-496,2-39-78-362,America/Los_Angeles,,,3.9219444444444442,3.9386111111111113,20,Thursday,0,15,13.425
5e5b1034f9af8b06c4b621fd,0039,2020-02-13 21:38:04,2020-02-13 23:15:48,2020-02-13 23:15:43,10.24,2_39_79_381_2020-02-13 21:38:04.154504,0002,CA-490,2-39-79-381,America/Los_Angeles,000000420,"[{'WhPerMile': 267, 'kWhRequested': 26.7, 'milesRequested': 100, 'minutesAvailable': 174, 'modifiedAt': 'Thu, 13 Feb 2020 21:40:51 GMT', 'paymentRequired': True, 'requestedDeparture': 'Fri, 14 Feb 2020 00:32:04 GMT', 'userID': 420}]",1.6288888888888888,1.6275,21,Thursday,0,15,153.6
5e5b1034f9af8b06c4b621fe,0039,2020-02-13 22:00:16,2020-02-14 01:44:37,2020-02-13 22:30:39,0.846,2_39_90_440_2020-02-13 22:00:15.885720,0002,CA-500,2-39-90-440,America/Los_Angeles,,,3.7391666666666667,0.5063888888888889,22,Thursday,0,15,12.69
5e5b1034f9af8b06c4b621ff,0039,2020-02-13 22:50:06,2020-02-14 02:09:50,2020-02-13 23:41:03,2.229,2_39_95_444_2020-02-13 22:50:05.951250,0002,CA-497,2-39-95-444,America/Los_Angeles,000000891,"[{'WhPerMile': 400, 'kWhRequested': 8.0, 'milesRequested': 20, 'minutesAvailable': 216, 'modifiedAt': 'Thu, 13 Feb 2020 22:50:08 GMT', 'paymentRequired': True, 'requestedDeparture': 'Fri, 14 Feb 2020 02:26:06 GMT', 'userID': 891}]",3.328888888888889,0.8491666666666666,22,Thursday,0,15,33.435
5e5b1034f9af8b06c4b62200,0039,2020-02-13 23:02:42,2020-02-13 23:33:38,2020-02-13 23:33:06,0.853,2_39_79_382_2020-02-13 23:02:41.927116,0002,CA-491,2-39-79-382,America/Los_Angeles,,,0.5155555555555555,0.5066666666666667,23,Thursday,0,15,12.795
5e5b1034f9af8b06c4b62201,0039,2020-02-13 23:19:57,2020-02-14 00:53:13,2020-02-13 23:50:33,0.865,2_39_79_383_2020-02-13 23:19:56.592382,0002,CA-492,2-39-79-383,America/Los_Angeles,,,1.5544444444444445,0.51,23,Thursday,0,15,12.975
5e5b1034f9af8b06c4b62202,0039,2020-02-13 23:25:16,2020-02-14 03:59:55,2020-02-14 00:41:10,2.466,2_39_92_436_2020-02-13 23:25:15.558624,0002,CA-318,2-39-92-436,America/Los_Angeles,000001082,"[{'WhPerMile': 400, 'kWhRequested': 8.0, 'milesRequested': 20, 'minutesAvailable': 64, 'modifiedAt': 'Thu, 13 Feb 2020 23:25:45 GMT', 'paymentRequired': True, 'requestedDeparture': 'Fri, 14 Feb 2020 00:29:16 GMT', 'userID': 1082}]",4.5775,1.265,23,Thursday,0,15,36.99
5e5b1034f9af8b06c4b62203,0039,2020-02-14 00:09:58,2020-02-14 03:48:16,2020-02-14 03:32:48,4.24,2_39_78_363_2020-02-14 00:09:57.629407,0002,CA-320,2-39-78-363,America/Los_Angeles,000001920,"[{'WhPerMile': 600, 'kWhRequested': 18.0, 'milesRequested': 30, 'minutesAvailable': 154, 'modifiedAt': 'Fri, 14 Feb 2020 00:12:41 GMT', 'paymentRequired': True, 'requestedDeparture': 'Fri, 14 Feb 2020 02:43:58 GMT', 'userID': 1920}, {'WhPerMile': 600, 'kWhRequested': 18.0, 'milesRequested': 30, 'minutesAvailable': 60, 'modifiedAt': 'Fri, 14 Feb 2020 00:13:02 GMT', 'paymentRequired': True, 'requestedDeparture': 'Fri, 14 Feb 2020 01:09:58 GMT', 'userID': 1920}]",3.638333333333333,3.3805555555555555,0,Friday,0,15,63.6
5e5b1034f9af8b06c4b62204,0039,2020-02-14 00:44:25,2020-02-14 02:16:42,2020-02-14 02:16:38,8.254,2_39_125_21_2020-02-14 00:44:25.225241,0002,CA-311,2-39-125-21,America/Los_Angeles,000003271,"[{'WhPerMile': 275, 'kWhRequested': 13.75, 'milesRequested': 50, 'minutesAvailable': 124, 'modifiedAt': 'Fri, 14 Feb 2020 00:45:01 GMT', 'paymentRequired': True, 'requestedDeparture': 'Fri, 14 Feb 2020 02:48:25 GMT', 'userID': 3271}]",1.5380555555555555,1.5369444444444444,0,Friday,0,15,123.80999999999999
5e5b1034f9af8b06c4b62205,0039,2020-02-14 01:55:52,2020-02-14 03:04:02,2020-02-14 02:41:34,3.889,2_39_139_28_2020-02-14 01:55:52.225068,0002,CA-303,2-39-139-28,America/Los_Angeles,000003123,"[{'WhPerMile': 400, 'kWhRequested': 4.0, 'milesRequested': 10, 'minutesAvailable': 154, 'modifiedAt': 'Fri, 14 Feb 2020 01:55:54 GMT', 'paymentRequired': True, 'requestedDeparture': 'Fri, 14 Feb 2020 04:29:52 GMT', 'userID': 3123}]",1.136111111111111,0.7616666666666667,1,Friday,0,15,58.334999999999994
5e5b1034f9af8b06c4b62206,0039,2020-02-14 02:57:54,2020-02-14 03:38:58,2020-02-14 03:38:49,2.254,2_39_138_29_2020-02-14 02:57:54.436040,0002,CA-304,2-39-138-29,America/Los_Angeles,000000365,"[{'WhPerMile': 333, 'kWhRequested': 9.99, 'milesRequested': 30, 'minutesAvailable': 104, 'modifiedAt': 'Fri, 14 Feb 2020 02:58:07 GMT', 'paymentRequired': True, 'requestedDeparture': 'Fri, 14 Feb 2020 04:41:54 GMT', 'userID': 365}]",0.6844444444444444,0.6819444444444445,2,Friday,0,15,33.81
5e5b1034f9af8b06c4b62207,0039,2020-02-14 02:59:16,2020-02-14 04:31:41,2020-02-14 04:20:58,4.142,2_39_129_17_2020-02-14 02:59:16.172563,0002,CA-307,2-39-129-17,America/Los_Angeles,000003818,"[{'WhPerMile': 400, 'kWhRequested': 8.0, 'milesRequested': 20, 'minutesAvailable': 230, 'modifiedAt': 'Fri, 14 Feb 2020 02:59:31 GMT', 'paymentRequired': True, 'requestedDeparture': 'Fri, 14 Feb 2020 06:49:16 GMT', 'userID': 3818}]",1.5402777777777779,1.3616666666666666,2,Friday,0,15,62.13
5e5b1034f9af8b06c4b62208,0039,2020-02-14 04:23:54,2020-02-14 05:44:53,2020-02-14 05:44:49,4.48,2_39_139_28_2020-02-14 04:23:54.344141,0002,CA-303,2-39-139-28,America/Los_Angeles,000001263,"[{'WhPerMile': 400, 'kWhRequested': 8.0, 'milesRequested': 20, 'minutesAvailable': 115, 'modifiedAt': 'Fri, 14 Feb 2020 04:24:21 GMT', 'paymentRequired': True, 'requestedDeparture': 'Fri, 14 Feb 2020 06:18:54 GMT', 'userID': 1263}]",1.3497222222222223,1.3486111111111112,4,Friday,0,15,67.2
5e5c61adf9af8b0aaff44f6c,0039,2020-02-14 14:45:02,2020-02-14 21:11:13,2020-02-14 19:53:27,14.375,2_39_79_383_2020-02-14 14:45:01.550752,0002,CA-492,2-39-79-383,America/Los_Angeles,000004913,"[{'WhPerMile': 400, 'kWhRequested': 20.0, 'milesRequested': 50, 'minutesAvailable': 720, 'modifiedAt': 'Fri, 14 Feb 2020 14:45:28 GMT', 'paymentRequired': True, 'requestedDeparture': 'Sat, 15 Feb 2020 02:45:02 GMT', 'userID': 4913}]",6.436388888888889,5.1402777777777775,14,Friday,0,15,215.625
5e5c61adf9af8b0aaff44f6d,0039,2020-02-14 14:55:14,2020-02-15 00:31:56,2020-02-14 18:47:59,5.654,2_39_89_25_2020-02-14 14:55:13.830014,0002,CA-315,2-39-89-25,America/Los_Angeles,000000743,"[{'WhPerMile': 400, 'kWhRequested': 8.0, 'milesRequested': 20, 'minutesAvailable': 522, 'modifiedAt': 'Fri, 14 Feb 2020 14:55:23 GMT', 'paymentRequired': True, 'requestedDeparture': 'Fri, 14 Feb 2020 23:37:14 GMT', 'userID': 743}]",9.611666666666666,3.879166666666667,14,Friday,0,15,84.81
5e5c61adf9af8b0aaff44f6e,0039,2020-02-14 15:40:31,2020-02-15 00:58:17,2020-02-14 18:47:58,12.145,2_39_78_366_2020-02-14 15:40:30.605112,0002,CA-323,2-39-78-366,America/Los_Angeles,000003853,"[{'WhPerMile': 360, 'kWhRequested': 36.0, 'milesRequested': 100, 'minutesAvailable': 405, 'modifiedAt': 'Fri, 14 Feb 2020 15:40:54 GMT', 'paymentRequired': True, 'requestedDeparture': 'Fri, 14 Feb 2020 22:25:31 GMT', 'userID': 3853}]",9.296111111111111,3.1241666666666665,15,Friday,0,15,182.17499999999998
5e5c61adf9af8b0aaff44f6f,0039,2020-02-14 15:41:41,2020-02-15 02:03:47,2020-02-14 22:36:18,0.819,2_39_79_380_2020-02-14 15:41:41.312434,0002,CA-489,2-39-79-380,America/Los_Angeles,,,10.368333333333334,6.910277777777778,15,Friday,0,15,12.285
5e5c61adf9af8b0aaff44f70,0039,2020-02-14 15:49:25,2020-02-15 02:11:47,2020-02-14 22:02:11,17.55,2_39_79_382_2020-02-14 15:49:24.813369,0002,CA-491,2-39-79-382,America/Los_Angeles,000004701,"[{'WhPerMile': 300, 'kWhRequested': 18.0, 'milesRequested': 60, 'minutesAvailable': 537, 'modifiedAt': 'Fri, 14 Feb 2020 15:49:33 GMT', 'paymentRequired': True, 'requestedDeparture': 'Sat, 15 Feb 2020 00:46:25 GMT', 'userID': 4701}]",10.372777777777777,6.212777777777778,15,Friday,0,15,263.25
5e5c61adf9af8b0aaff44f71,0039,2020-02-14 16:09:36,2020-02-14 20:44:25,2020-02-14 18:53:32,14.895,2_39_79_376_2020-02-14 16:09:36.478434,0002,CA-324,2-39-79-376,America/Los_Angeles,000003424,"[{'WhPerMile': 295, 'kWhRequested': 35.4, 'milesRequested': 120, 'minutesAvailable': 611, 'modifiedAt': 'Fri, 14 Feb 2020 16:15:02 GMT', 'paymentRequired': True, 'requestedDeparture': 'Sat, 15 Feb 2020 02:20:36 GMT', 'userID': 3424}]",4.580277777777778,2.732222222222222,16,Friday,0,15,223.42499999999998
5e5c61adf9af8b0aaff44f72,0039,2020-02-14 16:29:43,2020-02-14 21:13:30,2020-02-14 18:47:58,5.731,2_39_139_28_2020-02-14 16:29:42.817630,0002,CA-303,2-39-139-28,America/Los_Angeles,000000562,"[{'WhPerMile': 325, 'kWhRequested': 6.5, 'milesRequested': 20, 'minutesAvailable': 212, 'modifiedAt': 'Fri, 14 Feb 2020 16:31:06 GMT', 'paymentRequired': True, 'requestedDeparture': 'Fri, 14 Feb 2020 20:01:43 GMT', 'userID': 562}]",4.729722222222223,2.3041666666666667,16,Friday,0,15,85.965
5e5c61adf9af8b0aaff44f73,0039,2020-02-14 16:33:48,2020-02-15 01:33:21,2020-02-14 18:47:58,10.084,2_39_91_437_2020-02-14 16:33:47.669363,0002,CA-317,2-39-91-437,America/Los_Angeles,000000431,"[{'WhPerMile': 300, 'kWhRequested': 18.0, 'milesRequested': 60, 'minutesAvailable': 219, 'modifiedAt': 'Fri, 14 Feb 2020 16:34:11 GMT', 'paymentRequired': True, 'requestedDeparture': 'Fri, 14 Feb 2020 20:12:48 GMT', 'userID': 431}]",8.9925,2.236111111111111,16,Friday,0,15,151.26
5e5c61adf9af8b0aaff44f74,0039,2020-02-14 16:35:46,2020-02-14 21:42:30,2020-02-14 21:13:35,12.458,2_39_78_361_2020-02-14 16:35:46.430857,0002,CA-493,2-39-78-361,America/Los_Angeles,000001470,"[{'WhPerMile': 292, 'kWhRequested': 29.2, 'milesRequested': 100, 'minutesAvailable': 301, 'modifiedAt': 'Fri, 14 Feb 2020 16:36:24 GMT', 'paymentRequired': True, 'requestedDeparture': 'Fri, 14 Feb 2020 21:36:46 GMT', 'userID': 1470}]",5.112222222222222,4.630277777777778,16,Friday,0,15,186.87
5e5c61adf9af8b0aaff44f75,0039,2020-02-14 16:46:26,2020-02-14 19:28:44,2020-02-14 19:26:09,8.027,2_39_79_381_2020-02-14 16:46:12.024935,0002,CA-490,2-39-79-381,America/Los_Angeles,000000671,"[{'WhPerMile': 267, 'kWhRequested': 29.37, 'milesRequested': 110, 'minutesAvailable': 435, 'modifiedAt': 'Fri, 14 Feb 2020 16:46:26 GMT', 'paymentRequired': True, 'requestedDeparture': 'Sat, 15 Feb 2020 00:01:26 GMT', 'userID': 671}]",2.705,2.6619444444444444,16,Friday,0,15,120.40499999999999
5e5c61adf9af8b0aaff44f76,0039,2020-02-14 16:52:34,2020-02-15 00:38:21,2020-02-14 18:48:01,0.836,2_39_92_436_2020-02-14 16:52:34.018299,0002,CA-318,2-39-92-436,America/Los_Angeles,,,7.763055555555556,1.9241666666666666,16,Friday,0,15,12.54
5e5c61adf9af8b0aaff44f77,0039,2020-02-14 16:59:31,2020-02-15 01:40:06,2020-02-14 18:47:59,5.297,2_39_78_363_2020-02-14 16:59:31.112056,0002,CA-320,2-39-78-363,America/Los_Angeles,000002244,"[{'WhPerMile': 400, 'kWhRequested': 8.0, 'milesRequested': 20, 'minutesAvailable': 60, 'modifiedAt': 'Fri, 14 Feb 2020 17:00:32 GMT', 'paymentRequired': True, 'requestedDeparture': 'Fri, 14 Feb 2020 17:59:31 GMT', 'userID': 2244}]",8.676388888888889,1.8077777777777777,16,Friday,0,15,79.455
5e5c61adf9af8b0aaff44f78,0039,2020-02-14 17:07:06,2020-02-15 01:50:08,2020-02-15 01:50:00,15.766,2_39_78_367_2020-02-14 17:07:06.341805,0002,CA-494,2-39-78-367,America/Los_Angeles,000002149,"[{'WhPerMile': 250, 'kWhRequested': 17.5, 'milesRequested': 70, 'minutesAvailable': 320, 'modifiedAt': 'Fri, 14 Feb 2020 17:07:39 GMT', 'paymentRequired': True, 'requestedDeparture': 'Fri, 14 Feb 2020 22:27:06 GMT', 'userID': 2149}]",8.717222222222222,8.715,17,Friday,0,15,236.49
5e5c61adf9af8b0aaff44f79,0039,2020-02-14 17:19:29,2020-02-15 02:15:49,2020-02-14 19:29:23,6.314,2_39_92_442_2020-02-14 17:18:57.245157,0002,CA-498,2-39-92-442,America/Los_Angeles,000005594,"[{'WhPerMile': 360, 'kWhRequested': 7.2, 'milesRequested': 20, 'minutesAvailable': 218, 'modifiedAt': 'Fri, 14 Feb 2020 17:19:29 GMT', 'paymentRequired': True, 'requestedDeparture': 'Fri, 14 Feb 2020 20:57:29 GMT', 'userID': 5594}, {'WhPerMile': 360, 'kWhRequested': 7.2, 'milesRequested': 20, 'minutesAvailable': 218, 'modifiedAt': 'Fri, 14 Feb 2020 17:20:25 GMT', 'paymentRequired': True, 'requestedDeparture': 'Fri, 14 Feb 2020 20:57:29 GMT', 'userID': 5594}, {'WhPerMile': 360, 'kWhRequested': 7.2, 'milesRequested': 20, 'minutesAvailable': 219, 'modifiedAt': 'Fri, 14 Feb 2020 17:20:41 GMT', 'paymentRequired': True, 'requestedDeparture': 'Fri, 14 Feb 2020 20:58:29 GMT', 'userID': 5594}, {'WhPerMile': 360, 'kWhRequested': 7.2, 'milesRequested': 20, 'minutesAvailable': 220, 'modifiedAt': 'Fri, 14 Feb 2020 17:21:35 GMT', 'paymentRequired': True, 'requestedDeparture': 'Fri, 14 Feb 2020 20:59:29 GMT', 'userID': 5594}]",8.938888888888888,2.165,17,Friday,0,15,94.71000000000001
5e5c61adf9af8b0aaff44f7a,0039,2020-02-14 17:20:30,2020-02-15 03:19:53,2020-02-14 18:47:59,3.759,2_39_125_21_2020-02-14 17:20:29.832486,0002,CA-311,2-39-125-21,America/Los_Angeles,000000567,"[{'WhPerMile': 400, 'kWhRequested': 8.0, 'milesRequested': 20, 'minutesAvailable': 434, 'modifiedAt': 'Fri, 14 Feb 2020 17:20:38 GMT', 'paymentRequired': True, 'requestedDeparture': 'Sat, 15 Feb 2020 00:34:30 GMT', 'userID': 567}]",9.989722222222222,1.4580555555555557,17,Friday,0,15,56.385
5e5c61adf9af8b0aaff44f7b,0039,2020-02-14 17:21:17,2020-02-15 01:56:43,2020-02-14 18:47:58,1.22,2_39_79_379_2020-02-14 17:21:16.900821,0002,CA-327,2-39-79-379,America/Los_Angeles,,,8.590555555555556,1.4447222222222222,17,Friday,0,15,18.3
5e5c61adf9af8b0aaff44f7c,0039,2020-02-14 17:32:44,2020-02-15 05:19:18,2020-02-14 18:47:59,2.089,2_39_90_26_2020-02-14 17:32:43.621886,0002,CA-316,2-39-90-26,America/Los_Angeles,000000324,"[{'WhPerMile': 444, 'kWhRequested': 8.88, 'milesRequested': 20, 'minutesAvailable': 221, 'modifiedAt': 'Fri, 14 Feb 2020 17:32:58 GMT', 'paymentRequired': True, 'requestedDeparture': 'Fri, 14 Feb 2020 21:13:44 GMT', 'userID': 324}]",11.776111111111112,1.2541666666666667,17,Friday,0,15,31.335
5e5c61adf9af8b0aaff44f7d,0039,2020-02-14 17:47:35,2020-02-15 01:36:42,2020-02-14 20:04:53,7.189,2_39_78_365_2020-02-14 17:47:34.963803,0002,CA-321,2-39-78-365,America/Los_Angeles,000000515,"[{'WhPerMile': 400, 'kWhRequested': 12.0, 'milesRequested': 30, 'minutesAvailable': 62, 'modifiedAt': 'Fri, 14 Feb 2020 17:47:51 GMT', 'paymentRequired': True, 'requestedDeparture': 'Fri, 14 Feb 2020 18:49:35 GMT', 'userID': 515}]",7.818611111111111,2.2883333333333336,17,Friday,0,15,107.83500000000001
5e5c61adf9af8b0aaff44f7e,0039,2020-02-14 18:00:46,2020-02-15 05:09:26,2020-02-14 19:56:37,5.831,2_39_95_27_2020-02-14 18:00:46.138754,0002,CA-319,2-39-95-27,America/Los_Angeles,000001222,"[{'WhPerMile': 400, 'kWhRequested': 8.0, 'milesRequested': 20, 'minutesAvailable': 72, 'modifiedAt': 'Fri, 14 Feb 2020 18:01:02 GMT', 'paymentRequired': True, 'requestedDeparture': 'Fri, 14 Feb 2020 19:12:46 GMT', 'userID': 1222}]",11.144444444444444,1.9308333333333334,18,Friday,0,15,87.465
5e5c61adf9af8b0aaff44f7f,0039,2020-02-14 18:02:05,2020-02-14 19:25:55,2020-02-14 19:15:12,3.492,2_39_127_19_2020-02-14 18:01:53.746885,0002,CA-309,2-39-127-19,America/Los_Angeles,000006097,"[{'WhPerMile': 400, 'kWhRequested': 8.0, 'milesRequested': 20, 'minutesAvailable': 60, 'modifiedAt': 'Fri, 14 Feb 2020 18:02:04 GMT', 'paymentRequired': True, 'requestedDeparture': 'Fri, 14 Feb 2020 19:02:05 GMT', 'userID': 6097}]",1.3972222222222221,1.218611111111111,18,Friday,0,15,52.38
5e5c61adf9af8b0aaff44f80,0039,2020-02-14 18:05:39,2020-02-14 22:06:25,2020-02-14 19:43:45,10.365,2_39_124_22_2020-02-14 18:05:38.613496,0002,CA-312,2-39-124-22,America/Los_Angeles,000001087,"[{'WhPerMile': 400, 'kWhRequested': 32.0, 'milesRequested': 80, 'minutesAvailable': 311, 'modifiedAt': 'Fri, 14 Feb 2020 18:05:43 GMT', 'paymentRequired': True, 'requestedDeparture': 'Fri, 14 Feb 2020 23:16:39 GMT', 'userID': 1087}]",4.012777777777778,1.635,18,Friday,0,15,155.475
5e5c61adf9af8b0aaff44f81,0039,2020-02-14 18:34:06,2020-02-14 22:18:57,2020-02-14 22:19:48,0.946,2_39_78_360_2020-02-14 18:34:06.080580,0002,CA-322,2-39-78-360,America/Los_Angeles,,,3.7475,3.7616666666666667,18,Friday,0,15,14.19
5e5c61adf9af8b0aaff44f82,0039,2020-02-14 18:38:59,2020-02-14 19:25:26,2020-02-14 19:21:32,1.714,2_39_126_20_2020-02-14 18:38:59.207912,0002,CA-310,2-39-126-20,America/Los_Angeles,000000891,"[{'WhPerMile': 400, 'kWhRequested': 8.0, 'milesRequested': 20, 'minutesAvailable': 216, 'modifiedAt': 'Fri, 14 Feb 2020 18:39:00 GMT', 'paymentRequired': True, 'requestedDeparture': 'Fri, 14 Feb 2020 22:14:59 GMT', 'userID': 891}]",0.7741666666666667,0.7091666666666666,18,Friday,0,15,25.71
5e5c61adf9af8b0aaff44f83,0039,2020-02-14 18:55:55,2020-02-14 21:24:13,2020-02-14 19:47:24,4.369,2_39_88_24_2020-02-14 18:55:55.364431,0002,CA-314,2-39-88-24,America/Los_Angeles,000000798,"[{'WhPerMile': 400, 'kWhRequested': 12.0, 'milesRequested': 30, 'minutesAvailable': 96, 'modifiedAt': 'Fri, 14 Feb 2020 18:58:45 GMT', 'paymentRequired': True, 'requestedDeparture': 'Fri, 14 Feb 2020 20:31:55 GMT', 'userID': 798}]",2.4716666666666667,0.8580555555555556,18,Friday,0,15,65.535
5e5c61adf9af8b0aaff44f84,0039,2020-02-14 18:56:50,2020-02-14 21:54:05,2020-02-14 21:54:01,17.987,2_39_79_377_2020-02-14 18:56:49.632600,0002,CA-325,2-39-79-377,America/Los_Angeles,000003270,"[{'WhPerMile': 200, 'kWhRequested': 40.0, 'milesRequested': 200, 'minutesAvailable': 470, 'modifiedAt': 'Fri, 14 Feb 2020 19:00:08 GMT', 'paymentRequired': True, 'requestedDeparture': 'Sat, 15 Feb 2020 02:46:50 GMT', 'userID': 3270}]",2.9541666666666666,2.9530555555555558,18,Friday,0,15,269.80499999999995
5e5c61adf9af8b0aaff44f85,0039,2020-02-14 19:09:34,2020-02-14 22:23:46,2020-02-14 20:05:21,2.334,2_39_78_364_2020-02-14 19:09:34.491941,0002,CA-495,2-39-78-364,America/Los_Angeles,000001864,"[{'WhPerMile': 400, 'kWhRequested': 4.0, 'milesRequested': 10, 'minutesAvailable': 172, 'modifiedAt': 'Fri, 14 Feb 2020 19:09:59 GMT', 'paymentRequired': True, 'requestedDeparture': 'Fri, 14 Feb 2020 22:01:34 GMT', 'userID': 1864}]",3.236666666666667,0.9297222222222222,19,Friday,0,15,35.01
5e5c61adf9af8b0aaff44f86,0039,2020-02-14 19:59:32,2020-02-15 00:53:58,2020-02-14 21:31:12,8.551,2_39_79_381_2020-02-14 19:59:31.722365,0002,CA-490,2-39-79-381,America/Los_Angeles,000000832,"[{'WhPerMile': 400, 'kWhRequested': 16.0, 'milesRequested': 40, 'minutesAvailable': 300, 'modifiedAt': 'Fri, 14 Feb 2020 20:00:06 GMT', 'paymentRequired': True, 'requestedDeparture': 'Sat, 15 Feb 2020 00:59:32 GMT', 'userID': 832}]",4.907222222222222,1.5277777777777777,19,Friday,0,15,128.26500000000001
5e5c61adf9af8b0aaff44f87,0039,2020-02-14 20:09:19,2020-02-15 01:02:07,2020-02-14 21:23:47,4.645,2_39_95_444_2020-02-14 20:09:19.242768,0002,CA-497,2-39-95-444,America/Los_Angeles,000000751,"[{'WhPerMile': 400, 'kWhRequested': 40.0, 'milesRequested': 100, 'minutesAvailable': 717, 'modifiedAt': 'Fri, 14 Feb 2020 20:09:27 GMT', 'paymentRequired': True, 'requestedDeparture': 'Sat, 15 Feb 2020 08:06:19 GMT', 'userID': 751}]",4.88,1.241111111111111,20,Friday,0,15,69.675
5e5c61adf9af8b0aaff44f88,0039,2020-02-14 21:18:31,2020-02-15 01:08:18,2020-02-14 23:24:28,6.65,2_39_79_376_2020-02-14 21:18:30.602653,0002,CA-324,2-39-79-376,America/Los_Angeles,000001124,"[{'WhPerMile': 400, 'kWhRequested': 8.0, 'milesRequested': 20, 'minutesAvailable': 60, 'modifiedAt': 'Fri, 14 Feb 2020 21:18:47 GMT', 'paymentRequired': True, 'requestedDeparture': 'Fri, 14 Feb 2020 22:18:31 GMT', 'userID': 1124}]",3.8297222222222222,2.0991666666666666,21,Friday,0,15,99.75
5e5c61adf9af8b0aaff44f89,0039,2020-02-14 21:35:23,2020-02-14 23:42:40,2020-02-14 22:15:15,1.661,2_39_88_24_2020-02-14 21:35:01.451067,0002,CA-314,2-39-88-24,America/Los_Angeles,000006097,"[{'WhPerMile': 400, 'kWhRequested': 8.0, 'milesRequested': 20, 'minutesAvailable': 84, 'modifiedAt': 'Fri, 14 Feb 2020 21:35:23 GMT', 'paymentRequired': True, 'requestedDeparture': 'Fri, 14 Feb 2020 22:59:23 GMT', 'userID': 6097}]",2.1213888888888888,0.6644444444444444,21,Friday,0,15,24.915
5e5c61adf9af8b0aaff44f8a,0039,2020-02-14 22:08:04,2020-02-15 00:22:35,2020-02-14 23:54:36,9.896,2_39_79_377_2020-02-14 22:08:04.500541,0002,CA-325,2-39-79-377,America/Los_Angeles,000001104,"[{'WhPerMile': 250, 'kWhRequested': 10.0, 'milesRequested': 40, 'minutesAvailable': 373, 'modifiedAt': 'Fri, 14 Feb 2020 22:08:42 GMT', 'paymentRequired': True, 'requestedDeparture': 'Sat, 15 Feb 2020 04:21:04 GMT', 'userID': 1104}]",2.2419444444444445,1.7755555555555556,22,Friday,0,15,148.44
5e5c61adf9af8b0aaff44f8b,0039,2020-02-14 22:15:53,2020-02-15 01:08:29,2020-02-14 23:01:27,4.123,2_39_124_22_2020-02-14 22:15:52.885209,0002,CA-312,2-39-124-22,America/Los_Angeles,000000668,"[{'WhPerMile': 425, 'kWhRequested': 4.25, 'milesRequested': 10, 'minutesAvailable': 61, 'modifiedAt': 'Fri, 14 Feb 2020 22:16:06 GMT', 'paymentRequired': True, 'requestedDeparture': 'Fri, 14 Feb 2020 23:16:53 GMT', 'userID': 668}]",2.8766666666666665,0.7594444444444445,22,Friday,0,15,61.845000000000006
5e5c61adf9af8b0aaff44f8c,0039,2020-02-14 22:35:53,2020-02-15 02:06:15,2020-02-15 01:36:12,1.662,2_39_78_360_2020-02-14 22:35:53.108369,0002,CA-322,2-39-78-360,America/Los_Angeles,000000562,"[{'WhPerMile': 325, 'kWhRequested': 3.25, 'milesRequested': 10, 'minutesAvailable': 127, 'modifiedAt': 'Fri, 14 Feb 2020 22:36:35 GMT', 'paymentRequired': True, 'requestedDeparture': 'Sat, 15 Feb 2020 00:42:53 GMT', 'userID': 562}]",3.506111111111111,3.0052777777777777,22,Friday,0,15,24.93
5e5c61adf9af8b0aaff44f8d,0039,2020-02-14 22:43:09,2020-02-15 00:09:15,2020-02-14 23:23:32,3.383,2_39_90_440_2020-02-14 22:43:08.902967,0002,CA-500,2-39-90-440,America/Los_Angeles,000001912,"[{'WhPerMile': 400, 'kWhRequested': 20.0, 'milesRequested': 50, 'minutesAvailable': 392, 'modifiedAt': 'Fri, 14 Feb 2020 22:43:09 GMT', 'paymentRequired': True, 'requestedDeparture': 'Sat, 15 Feb 2020 05:15:09 GMT', 'userID': 1912}]",1.435,0.6730555555555555,22,Friday,0,15,50.745
5e5c61adf9af8b0aaff44f8e,0039,2020-02-15 01:05:42,2020-02-15 02:47:46,2020-02-15 02:24:19,3.745,2_39_130_31_2020-02-15 01:05:42.422870,0002,CA-306,2-39-130-31,America/Los_Angeles,000001920,"[{'WhPerMile': 600, 'kWhRequested': 12.0, 'milesRequested': 20, 'minutesAvailable': 154, 'modifiedAt': 'Sat, 15 Feb 2020 01:06:17 GMT', 'paymentRequired': True, 'requestedDeparture': 'Sat, 15 Feb 2020 03:39:42 GMT', 'userID': 1920}, {'WhPerMile': 600, 'kWhRequested': 12.0, 'milesRequested': 20, 'minutesAvailable': 134, 'modifiedAt': 'Sat, 15 Feb 2020 01:06:33 GMT', 'paymentRequired': True, 'requestedDeparture': 'Sat, 15 Feb 2020 03:19:42 GMT', 'userID': 1920}]",1.701111111111111,1.3102777777777779,1,Saturday,1,15,56.175000000000004
5e5c61adf9af8b0aaff44f8f,0039,2020-02-15 01:21:23,2020-02-15 01:43:54,2020-02-15 01:43:49,0.615,2_39_79_377_2020-02-15 01:21:23.170713,0002,CA-325,2-39-79-377,America/Los_Angeles,,,0.37527777777777777,0.3738888888888889,1,Saturday,1,15,9.225
5e5db31ef9af8b0e9caf4bdb,0039,2020-02-15 16:34:17,2020-02-15 20:58:18,2020-02-15 18:14:02,0.827,2_39_79_380_2020-02-15 16:34:17.031105,0002,CA-489,2-39-79-380,America/Los_Angeles,,,4.400277777777778,1.6625,16,Saturday,1,15,12.405
5e5db31ef9af8b0e9caf4bdc,0039,2020-02-15 17:42:41,2020-02-15 19:07:13,2020-02-15 19:07:08,8.443,2_39_131_30_2020-02-15 17:42:40.671152,0002,CA-305,2-39-131-30,America/Los_Angeles,000002290,"[{'WhPerMile': 425, 'kWhRequested': 21.25, 'milesRequested': 50, 'minutesAvailable': 446, 'modifiedAt': 'Sat, 15 Feb 2020 17:44:14 GMT', 'paymentRequired': True, 'requestedDeparture': 'Sun, 16 Feb 2020 01:08:41 GMT', 'userID': 2290}]",1.4088888888888889,1.4075,17,Saturday,1,15,126.645
5e5db31ef9af8b0e9caf4bdd,0039,2020-02-15 20:44:49,2020-02-15 22:03:50,2020-02-15 22:03:45,5.378,2_39_128_18_2020-02-15 20:44:48.872879,0002,CA-308,2-39-128-18,America/Los_Angeles,000000620,"[{'WhPerMile': 400, 'kWhRequested': 12.0, 'milesRequested': 30, 'minutesAvailable': 119, 'modifiedAt': 'Sat, 15 Feb 2020 20:46:07 GMT', 'paymentRequired': True, 'requestedDeparture': 'Sat, 15 Feb 2020 22:43:49 GMT', 'userID': 620}]",1.3169444444444445,1.3155555555555556,20,Saturday,1,15,80.67
5e5db31ef9af8b0e9caf4bde,0039,2020-02-15 21:47:52,2020-02-15 23:42:05,2020-02-15 23:42:00,5.572,2_39_127_19_2020-02-15 21:47:51.700451,0002,CA-309,2-39-127-19,America/Los_Angeles,000004622,"[{'WhPerMile': 300, 'kWhRequested': 6.0, 'milesRequested': 20, 'minutesAvailable': 61, 'modifiedAt': 'Sat, 15 Feb 2020 21:48:10 GMT', 'paymentRequired': True, 'requestedDeparture': 'Sat, 15 Feb 2020 22:48:52 GMT', 'userID': 4622}]",1.9036111111111111,1.9022222222222223,21,Saturday,1,15,83.58
5e5db31ef9af8b0e9caf4bdf,0039,2020-02-16 00:11:26,2020-02-16 02:16:37,2020-02-16 00:53:48,1.881,2_39_123_23_2020-02-16 00:11:26.173386,0002,CA-313,2-39-123-23,America/Los_Angeles,000001920,"[{'WhPerMile': 600, 'kWhRequested': 12.0, 'milesRequested': 20, 'minutesAvailable': 134, 'modifiedAt': 'Sun, 16 Feb 2020 00:12:04 GMT', 'paymentRequired': True, 'requestedDeparture': 'Sun, 16 Feb 2020 02:25:26 GMT', 'userID': 1920}]",2.086388888888889,0.7061111111111111,0,Sunday,1,15,28.215
5e5db31ef9af8b0e9caf4be0,0039,2020-02-16 02:29:01,2020-02-16 03:57:05,2020-02-16 03:01:03,0.861,2_39_139_28_2020-02-16 02:29:00.595558,0002,CA-303,2-39-139-28,America/Los_Angeles,,,1.4677777777777778,0.5338888888888889,2,Sunday,1,15,12.915
5e5db31ef9af8b0e9caf4be1,0039,2020-02-16 02:37:02,2020-02-16 04:00:27,2020-02-16 03:07:23,0.871,2_39_88_24_2020-02-16 02:37:02.370163,0002,CA-314,2-39-88-24,America/Los_Angeles,,,1.3902777777777777,0.5058333333333334,2,Sunday,1,15,13.065
5e5db31ef9af8b0e9caf4be2,0039,2020-02-16 03:13:35,2020-02-16 18:39:34,2020-02-16 11:12:13,51.346,2_39_131_30_2020-02-16 03:13:34.555538,0002,CA-305,2-39-131-30,America/Los_Angeles,000000489,"[{'WhPerMile': 428, 'kWhRequested': 102.72, 'milesRequested': 240, 'minutesAvailable': 487, 'modifiedAt': 'Sun, 16 Feb 2020 03:13:47 GMT', 'paymentRequired': True, 'requestedDeparture': 'Sun, 16 Feb 2020 11:20:35 GMT', 'userID': 489}, {'WhPerMile': 428, 'kWhRequested': 102.72, 'milesRequested': 240, 'minutesAvailable': 626, 'modifiedAt': 'Sun, 16 Feb 2020 03:13:54 GMT', 'paymentRequired': True, 'requestedDeparture': 'Sun, 16 Feb 2020 13:39:35 GMT', 'userID': 489}]",15.433055555555555,7.977222222222222,3,Sunday,1,15,770.1899999999999
5e5f049bf9af8b129974114f,0039,2020-02-16 17:54:42,2020-02-16 19:38:01,2020-02-16 19:34:23,4.869,2_39_89_25_2020-02-16 17:54:42.195275,0002,CA-315,2-39-89-25,America/Los_Angeles,000000743,"[{'WhPerMile': 400, 'kWhRequested': 8.0, 'milesRequested': 20, 'minutesAvailable': 45, 'modifiedAt': 'Sun, 16 Feb 2020 17:55:29 GMT', 'paymentRequired': True, 'requestedDeparture': 'Sun, 16 Feb 2020 18:39:42 GMT', 'userID': 743}]",1.7219444444444445,1.6613888888888888,17,Sunday,1,15,73.035
5e5f049bf9af8b1299741150,0039,2020-02-16 21:25:54,2020-02-16 23:12:58,2020-02-16 23:12:49,11.205,2_39_138_29_2020-02-16 21:25:54.430182,0002,CA-304,2-39-138-29,America/Los_Angeles,000001085,"[{'WhPerMile': 250, 'kWhRequested': 15.0, 'milesRequested': 60, 'minutesAvailable': 142, 'modifiedAt': 'Sun, 16 Feb 2020 21:26:23 GMT', 'paymentRequired': True, 'requestedDeparture': 'Sun, 16 Feb 2020 23:47:54 GMT', 'userID': 1085}]",1.7844444444444445,1.7819444444444446,21,Sunday,1,15,168.075
5e5f049bf9af8b1299741151,0039,2020-02-16 21:29:00,2020-02-16 23:11:32,2020-02-16 23:11:27,5.646,2_39_131_30_2020-02-16 21:29:00.281777,0002,CA-305,2-39-131-30,America/Los_Angeles,000001395,"[{'WhPerMile': 400, 'kWhRequested': 12.0, 'milesRequested': 30, 'minutesAvailable': 390, 'modifiedAt': 'Sun, 16 Feb 2020 21:29:47 GMT', 'paymentRequired': True, 'requestedDeparture': 'Mon, 17 Feb 2020 03:59:00 GMT', 'userID': 1395}, {'WhPerMile': 400, 'kWhRequested': 16.0, 'milesRequested': 40, 'minutesAvailable': 60, 'modifiedAt': 'Sun, 16 Feb 2020 21:30:09 GMT', 'paymentRequired': True, 'requestedDeparture': 'Sun, 16 Feb 2020 22:29:00 GMT', 'userID': 1395}]",1.708888888888889,1.7075,21,Sunday,1,15,84.69
5e5f049bf9af8b1299741152,0039,2020-02-16 23:07:35,2020-02-17 00:47:09,2020-02-16 23:38:00,0.86,2_39_88_24_2020-02-16 23:07:35.110332,0002,CA-314,2-39-88-24,America/Los_Angeles,,,1.6594444444444445,0.5069444444444444,23,Sunday,1,15,12.9
5e5f049bf9af8b1299741153,0039,2020-02-16 23:29:22,2020-02-17 00:43:55,2020-02-17 00:43:46,3.924,2_39_139_28_2020-02-16 23:29:22.079461,0002,CA-303,2-39-139-28,America/Los_Angeles,000001236,"[{'WhPerMile': 400, 'kWhRequested': 8.0, 'milesRequested': 20, 'minutesAvailable': 67, 'modifiedAt': 'Sun, 16 Feb 2020 23:32:40 GMT', 'paymentRequired': True, 'requestedDeparture': 'Mon, 17 Feb 2020 00:36:22 GMT', 'userID': 1236}]",1.2425,1.24,23,Sunday,1,15,58.86
5e605620f9af8b166c709138,0039,2020-02-17 17:40:35,2020-02-17 19:38:40,2020-02-17 18:11:35,0.836,2_39_79_380_2020-02-17 17:40:35.128719,0002,CA-489,2-39-79-380,America/Los_Angeles,,,1.9680555555555554,0.5166666666666667,17,Monday,0,15,12.54
5e605620f9af8b166c709139,0039,2020-02-17 18:04:38,2020-02-18 02:03:38,2020-02-17 20:12:07,12.335,2_39_79_379_2020-02-17 18:04:38.256154,0002,CA-327,2-39-79-379,America/Los_Angeles,000001095,"[{'WhPerMile': 400, 'kWhRequested': 16.0, 'milesRequested': 40, 'minutesAvailable': 444, 'modifiedAt': 'Mon, 17 Feb 2020 18:05:09 GMT', 'paymentRequired': True, 'requestedDeparture': 'Tue, 18 Feb 2020 01:28:38 GMT', 'userID': 1095}]",7.983333333333333,2.124722222222222,18,Monday,0,15,185.025
5e605620f9af8b166c70913a,0039,2020-02-17 18:10:14,2020-02-17 18:51:56,2020-02-17 18:51:51,2.308,2_39_139_28_2020-02-17 18:10:13.722040,0002,CA-303,2-39-139-28,America/Los_Angeles,000000365,"[{'WhPerMile': 333, 'kWhRequested': 9.99, 'milesRequested': 30, 'minutesAvailable': 104, 'modifiedAt': 'Mon, 17 Feb 2020 18:10:24 GMT', 'paymentRequired': True, 'requestedDeparture': 'Mon, 17 Feb 2020 19:54:14 GMT', 'userID': 365}]",0.695,0.6936111111111111,18,Monday,0,15,34.62
5e605620f9af8b166c70913b,0039,2020-02-17 18:22:52,2020-02-17 19:53:10,2020-02-17 19:04:57,1.724,2_39_130_31_2020-02-17 18:22:52.155510,0002,CA-306,2-39-130-31,America/Los_Angeles,000000891,"[{'WhPerMile': 400, 'kWhRequested': 8.0, 'milesRequested': 20, 'minutesAvailable': 216, 'modifiedAt': 'Mon, 17 Feb 2020 18:23:12 GMT', 'paymentRequired': True, 'requestedDeparture': 'Mon, 17 Feb 2020 21:58:52 GMT', 'userID': 891}]",1.505,0.7013888888888888,18,Monday,0,15,25.86
5e605620f9af8b166c70913c,0039,2020-02-17 18:31:34,2020-02-18 02:05:16,2020-02-17 20:06:44,10.256,2_39_79_376_2020-02-17 18:31:33.969620,0002,CA-324,2-39-79-376,America/Los_Angeles,000000714,"[{'WhPerMile': 400, 'kWhRequested': 32.0, 'milesRequested': 80, 'minutesAvailable': 445, 'modifiedAt': 'Mon, 17 Feb 2020 18:32:03 GMT', 'paymentRequired': True, 'requestedDeparture': 'Tue, 18 Feb 2020 01:56:34 GMT', 'userID': 714}, {'WhPerMile': 400, 'kWhRequested': 32.0, 'milesRequested': 80, 'minutesAvailable': 60, 'modifiedAt': 'Mon, 17 Feb 2020 18:32:28 GMT', 'paymentRequired': True, 'requestedDeparture': 'Mon, 17 Feb 2020 19:31:34 GMT', 'userID': 714}, {'WhPerMile': 400, 'kWhRequested': 32.0, 'milesRequested': 80, 'minutesAvailable': 331, 'modifiedAt': 'Mon, 17 Feb 2020 18:32:42 GMT', 'paymentRequired': True, 'requestedDeparture': 'Tue, 18 Feb 2020 00:02:34 GMT', 'userID': 714}]",7.5616666666666665,1.586111111111111,18,Monday,0,15,153.84
5e605620f9af8b166c70913d,0039,2020-02-17 19:45:59,2020-02-17 20:57:23,2020-02-17 20:57:18,7.836,2_39_139_28_2020-02-17 19:45:58.853142,0002,CA-303,2-39-139-28,America/Los_Angeles,000003424,"[{'WhPerMile': 295, 'kWhRequested': 29.5, 'milesRequested': 100, 'minutesAvailable': 227, 'modifiedAt': 'Mon, 17 Feb 2020 19:46:20 GMT', 'paymentRequired': True, 'requestedDeparture': 'Mon, 17 Feb 2020 23:32:59 GMT', 'userID': 3424}]",1.19,1.188611111111111,19,Monday,0,15,117.54
5e605620f9af8b166c70913e,0039,2020-02-17 19:51:07,2020-02-17 21:45:31,2020-02-17 21:45:27,6.258,2_39_127_19_2020-02-17 19:51:06.717142,0002,CA-309,2-39-127-19,America/Los_Angeles,000001920,"[{'WhPerMile': 600, 'kWhRequested': 12.0, 'milesRequested': 20, 'minutesAvailable': 134, 'modifiedAt': 'Mon, 17 Feb 2020 19:51:36 GMT', 'paymentRequired': True, 'requestedDeparture': 'Mon, 17 Feb 2020 22:05:07 GMT', 'userID': 1920}, {'WhPerMile': 600, 'kWhRequested': 12.0, 'milesRequested': 20, 'minutesAvailable': 134, 'modifiedAt': 'Mon, 17 Feb 2020 19:51:46 GMT', 'paymentRequired': True, 'requestedDeparture': 'Mon, 17 Feb 2020 22:05:07 GMT', 'userID': 1920}, {'WhPerMile': 600, 'kWhRequested': 12.0, 'milesRequested': 20, 'minutesAvailable': 120, 'modifiedAt': 'Mon, 17 Feb 2020 19:51:59 GMT', 'paymentRequired': True, 'requestedDeparture': 'Mon, 17 Feb 2020 21:51:07 GMT', 'userID': 1920}]",1.9066666666666667,1.9055555555555554,19,Monday,0,15,93.87
5e605620f9af8b166c70913f,0039,2020-02-17 21:31:31,2020-02-18 00:37:58,2020-02-18 00:19:42,0.836,2_39_79_380_2020-02-17 21:31:31.077092,0002,CA-489,2-39-79-380,America/Los_Angeles,,,3.1075,2.8030555555555554,21,Monday,0,15,12.54
5e605620f9af8b166c709140,0039,2020-02-17 22:20:40,2020-02-18 02:45:39,2020-02-18 00:27:27,6.47,2_39_78_365_2020-02-17 22:20:39.577262,0002,CA-321,2-39-78-365,America/Los_Angeles,000001124,"[{'WhPerMile': 400, 'kWhRequested': 8.0, 'milesRequested': 20, 'minutesAvailable': 60, 'modifiedAt': 'Mon, 17 Feb 2020 22:20:57 GMT', 'paymentRequired': True, 'requestedDeparture': 'Mon, 17 Feb 2020 23:20:40 GMT', 'userID': 1124}]",4.416388888888889,2.1130555555555555,22,Monday,0,15,97.05
5e605620f9af8b166c709141,0039,2020-02-18 00:17:38,2020-02-18 07:17:46,2020-02-18 06:02:10,36.936,2_39_139_28_2020-02-18 00:17:37.800316,0002,CA-303,2-39-139-28,America/Los_Angeles,000000067,"[{'WhPerMile': 250, 'kWhRequested': 50.0, 'milesRequested': 200, 'minutesAvailable': 472, 'modifiedAt': 'Tue, 18 Feb 2020 00:17:48 GMT', 'paymentRequired': True, 'requestedDeparture': 'Tue, 18 Feb 2020 08:09:38 GMT', 'userID': 67}]",7.002222222222223,5.742222222222222,0,Tuesday,0,15,554.04
5e605620f9af8b166c709142,0039,2020-02-18 02:02:16,2020-02-18 16:36:57,2020-02-18 04:02:15,6.323,2_39_79_381_2020-02-18 02:02:03.362460,0002,CA-490,2-39-79-381,America/Los_Angeles,000001410,"[{'WhPerMile': 400, 'kWhRequested': 12.0, 'milesRequested': 30, 'minutesAvailable': 720, 'modifiedAt': 'Tue, 18 Feb 2020 02:02:15 GMT', 'paymentRequired': True, 'requestedDeparture': 'Tue, 18 Feb 2020 14:02:16 GMT', 'userID': 1410}]",14.578055555555556,1.9997222222222222,2,Tuesday,0,15,94.845
5e605620f9af8b166c709143,0039,2020-02-18 03:35:51,2020-02-18 04:40:44,2020-02-18 04:27:05,2.198,2_39_129_17_2020-02-18 03:35:51.344019,0002,CA-307,2-39-129-17,America/Los_Angeles,000004622,"[{'WhPerMile': 300, 'kWhRequested': 6.0, 'milesRequested': 20, 'minutesAvailable': 61, 'modifiedAt': 'Tue, 18 Feb 2020 03:36:05 GMT', 'paymentRequired': True, 'requestedDeparture': 'Tue, 18 Feb 2020 04:36:51 GMT', 'userID': 4622}]",1.081388888888889,0.8538888888888889,3,Tuesday,0,15,32.97
5e605620f9af8b166c709144,0039,2020-02-18 03:53:57,2020-02-18 05:31:15,2020-02-18 05:23:24,5.309,2_39_78_365_2020-02-18 03:53:57.134086,0002,CA-321,2-39-78-365,America/Los_Angeles,000001091,"[{'WhPerMile': 300, 'kWhRequested': 9.0, 'milesRequested': 30, 'minutesAvailable': 139, 'modifiedAt': 'Tue, 18 Feb 2020 03:54:22 GMT', 'paymentRequired': True, 'requestedDeparture': 'Tue, 18 Feb 2020 06:12:57 GMT', 'userID': 1091}]",1.6216666666666666,1.4908333333333332,3,Tuesday,0,15,79.635
5e644ab5f9af8b24613386e3,0039,2020-02-18 15:59:00,2020-02-19 00:23:16,2020-02-18 17:54:42,6.447,2_39_139_28_2020-02-18 15:58:59.741931,0002,CA-303,2-39-139-28,America/Los_Angeles,000001564,"[{'WhPerMile': 300, 'kWhRequested': 12.0, 'milesRequested': 40, 'minutesAvailable': 459, 'modifiedAt': 'Tue, 18 Feb 2020 15:59:16 GMT', 'paymentRequired': True, 'requestedDeparture': 'Tue, 18 Feb 2020 23:38:00 GMT', 'userID': 1564}]",8.404444444444444,1.9283333333333332,15,Tuesday,0,15,96.705
5e644ab5f9af8b24613386e4,0039,2020-02-18 16:01:30,2020-02-19 00:36:56,2020-02-18 18:04:15,6.546,2_39_79_377_2020-02-18 16:01:29.589067,0002,CA-325,2-39-79-377,America/Los_Angeles,000001124,"[{'WhPerMile': 400, 'kWhRequested': 8.0, 'milesRequested': 20, 'minutesAvailable': 60, 'modifiedAt': 'Tue, 18 Feb 2020 16:01:47 GMT', 'paymentRequired': True, 'requestedDeparture': 'Tue, 18 Feb 2020 17:01:30 GMT', 'userID': 1124}]",8.590555555555556,2.0458333333333334,16,Tuesday,0,15,98.19
5e644ab5f9af8b24613386e5,0039,2020-02-18 16:03:42,2020-02-19 01:02:11,2020-02-19 00:37:09,0.875,2_39_79_380_2020-02-18 16:03:41.769531,0002,CA-489,2-39-79-380,America/Los_Angeles,,,8.974722222222223,8.5575,16,Tuesday,0,15,13.125
5e644ab5f9af8b24613386e6,0039,2020-02-18 16:15:35,2020-02-19 01:27:31,2020-02-19 01:27:26,43.629,2_39_78_366_2020-02-18 16:15:34.653455,0002,CA-323,2-39-78-366,America/Los_Angeles,000003853,"[{'WhPerMile': 360, 'kWhRequested': 46.8, 'milesRequested': 130, 'minutesAvailable': 405, 'modifiedAt': 'Tue, 18 Feb 2020 16:17:58 GMT', 'paymentRequired': True, 'requestedDeparture': 'Tue, 18 Feb 2020 23:00:35 GMT', 'userID': 3853}, {'WhPerMile': 360, 'kWhRequested': 46.8, 'milesRequested': 130, 'minutesAvailable': 405, 'modifiedAt': 'Tue, 18 Feb 2020 16:18:26 GMT', 'paymentRequired': True, 'requestedDeparture': 'Tue, 18 Feb 2020 23:00:35 GMT', 'userID': 3853}]",9.198888888888888,9.1975,16,Tuesday,0,15,654.435
5e644ab5f9af8b24613386e7,0039,2020-02-18 16:17:05,2020-02-19 01:56:54,2020-02-18 18:48:40,6.274,2_39_90_440_2020-02-18 16:16:46.760531,0002,CA-500,2-39-90-440,America/Los_Angeles,000005594,"[{'WhPerMile': 360, 'kWhRequested': 7.2, 'milesRequested': 20, 'minutesAvailable': 220, 'modifiedAt': 'Tue, 18 Feb 2020 16:17:05 GMT', 'paymentRequired': True, 'requestedDeparture': 'Tue, 18 Feb 2020 19:57:05 GMT', 'userID': 5594}, {'WhPerMile': 360, 'kWhRequested': 7.2, 'milesRequested': 20, 'minutesAvailable': 220, 'modifiedAt': 'Tue, 18 Feb 2020 16:17:20 GMT', 'paymentRequired': True, 'requestedDeparture': 'Tue, 18 Feb 2020 19:57:05 GMT', 'userID': 5594}, {'WhPerMile': 360, 'kWhRequested': 7.2, 'milesRequested': 20, 'minutesAvailable': 350, 'modifiedAt': 'Tue, 18 Feb 2020 21:07:14 GMT', 'paymentRequired': True, 'requestedDeparture': 'Tue, 18 Feb 2020 22:07:05 GMT', 'userID': 5594}, {'WhPerMile': 360, 'kWhRequested': 7.2, 'milesRequested': 20, 'minutesAvailable': 350, 'modifiedAt': 'Tue, 18 Feb 2020 21:08:11 GMT', 'paymentRequired': True, 'requestedDeparture': 'Tue, 18 Feb 2020 22:07:05 GMT', 'userID': 5594}]",9.663611111111111,2.526388888888889,16,Tuesday,0,15,94.11
5e644ab5f9af8b24613386e8,0039,2020-02-18 16:17:24,2020-02-19 01:31:32,2020-02-18 18:47:28,10.74,2_39_92_436_2020-02-18 16:16:11.943638,0002,CA-318,2-39-92-436,America/Los_Angeles,000002461,"[{'WhPerMile': 400, 'kWhRequested': 12.0, 'milesRequested': 30, 'minutesAvailable': 273, 'modifiedAt': 'Tue, 18 Feb 2020 16:17:24 GMT', 'paymentRequired': True, 'requestedDeparture': 'Tue, 18 Feb 2020 20:50:24 GMT', 'userID': 2461}]",9.235555555555555,2.5011111111111113,16,Tuesday,0,15,161.1
5e644ab5f9af8b24613386e9,0039,2020-02-18 16:33:24,2020-02-19 01:20:55,2020-02-18 18:05:56,4.743,2_39_79_379_2020-02-18 16:33:24.031430,0002,CA-327,2-39-79-379,America/Los_Angeles,000000751,"[{'WhPerMile': 400, 'kWhRequested': 28.0, 'milesRequested': 70, 'minutesAvailable': 720, 'modifiedAt': 'Tue, 18 Feb 2020 16:34:18 GMT', 'paymentRequired': True, 'requestedDeparture': 'Wed, 19 Feb 2020 04:33:24 GMT', 'userID': 751}]",8.791944444444445,1.5422222222222222,16,Tuesday,0,15,71.14500000000001
5e644ab5f9af8b24613386ea,0039,2020-02-18 16:45:56,2020-02-19 02:00:47,2020-02-18 17:58:42,3.729,2_39_130_31_2020-02-18 16:45:55.550109,0002,CA-306,2-39-130-31,America/Los_Angeles,000000347,"[{'WhPerMile': 600, 'kWhRequested': 12.0, 'milesRequested': 20, 'minutesAvailable': 77, 'modifiedAt': 'Tue, 18 Feb 2020 16:46:29 GMT', 'paymentRequired': True, 'requestedDeparture': 'Tue, 18 Feb 2020 18:02:56 GMT', 'userID': 347}]",9.2475,1.2127777777777777,16,Tuesday,0,15,55.935
5e644ab5f9af8b24613386eb,0039,2020-02-18 16:47:10,2020-02-19 01:57:09,2020-02-18 19:44:57,17.266,2_39_89_25_2020-02-18 16:47:09.552838,0002,CA-315,2-39-89-25,America/Los_Angeles,000000431,"[{'WhPerMile': 300, 'kWhRequested': 21.0, 'milesRequested': 70, 'minutesAvailable': 219, 'modifiedAt': 'Tue, 18 Feb 2020 16:47:29 GMT', 'paymentRequired': True, 'requestedDeparture': 'Tue, 18 Feb 2020 20:26:10 GMT', 'userID': 431}]",9.16638888888889,2.9630555555555556,16,Tuesday,0,15,258.98999999999995
5e644ab5f9af8b24613386ec,0039,2020-02-18 16:48:34,2020-02-19 02:56:52,2020-02-18 21:05:17,14.202,2_39_126_560_2020-02-18 16:48:33.618182,0002,CA-506,2-39-126-560,America/Los_Angeles,000001534,"[{'WhPerMile': 250, 'kWhRequested': 15.0, 'milesRequested': 60, 'minutesAvailable': 404, 'modifiedAt': 'Tue, 18 Feb 2020 16:49:33 GMT', 'paymentRequired': True, 'requestedDeparture': 'Tue, 18 Feb 2020 23:32:34 GMT', 'userID': 1534}]",10.138333333333334,4.278611111111111,16,Tuesday,0,15,213.03
5e644ab5f9af8b24613386ed,0039,2020-02-18 16:50:10,2020-02-19 06:46:38,2020-02-19 00:36:04,0.835,2_39_79_381_2020-02-18 16:50:09.740783,0002,CA-490,2-39-79-381,America/Los_Angeles,,,13.94111111111111,7.765,16,Tuesday,0,15,12.524999999999999
5e644ab5f9af8b24613386ee,0039,2020-02-18 16:50:27,2020-02-18 19:46:35,2020-02-18 18:43:35,5.098,2_39_127_19_2020-02-18 16:50:26.700004,0002,CA-309,2-39-127-19,America/Los_Angeles,000000562,"[{'WhPerMile': 325, 'kWhRequested': 6.5, 'milesRequested': 20, 'minutesAvailable': 188, 'modifiedAt': 'Tue, 18 Feb 2020 16:52:58 GMT', 'paymentRequired': True, 'requestedDeparture': 'Tue, 18 Feb 2020 19:58:27 GMT', 'userID': 562}]",2.9355555555555557,1.8855555555555557,16,Tuesday,0,15,76.47
5e644ab5f9af8b24613386ef,0039,2020-02-18 17:10:05,2020-02-19 01:00:31,2020-02-18 17:53:04,1.733,2_39_89_439_2020-02-18 17:10:04.834078,0002,CA-501,2-39-89-439,America/Los_Angeles,000000743,"[{'WhPerMile': 400, 'kWhRequested': 8.0, 'milesRequested': 20, 'minutesAvailable': 443, 'modifiedAt': 'Tue, 18 Feb 2020 17:10:15 GMT', 'paymentRequired': True, 'requestedDeparture': 'Wed, 19 Feb 2020 00:33:05 GMT', 'userID': 743}]",7.8405555555555555,0.7163888888888889,17,Tuesday,0,15,25.995
5e644ab5f9af8b24613386f0,0039,2020-02-18 17:10:10,2020-02-19 00:32:34,2020-02-18 22:01:36,11.135,2_39_78_365_2020-02-18 17:10:09.980229,0002,CA-321,2-39-78-365,America/Los_Angeles,000001095,"[{'WhPerMile': 400, 'kWhRequested': 16.0, 'milesRequested': 40, 'minutesAvailable': 444, 'modifiedAt': 'Tue, 18 Feb 2020 17:10:29 GMT', 'paymentRequired': True, 'requestedDeparture': 'Wed, 19 Feb 2020 00:34:10 GMT', 'userID': 1095}]",7.373333333333333,4.857222222222222,17,Tuesday,0,15,167.025
5e644ab5f9af8b24613386f1,0039,2020-02-18 17:10:23,2020-02-19 02:58:16,2020-02-18 18:36:21,4.425,2_39_125_21_2020-02-18 17:10:23.378142,0002,CA-311,2-39-125-21,America/Los_Angeles,000000567,"[{'WhPerMile': 400, 'kWhRequested': 8.0, 'milesRequested': 20, 'minutesAvailable': 434, 'modifiedAt': 'Tue, 18 Feb 2020 17:10:32 GMT', 'paymentRequired': True, 'requestedDeparture': 'Wed, 19 Feb 2020 00:24:23 GMT', 'userID': 567}]",9.798055555555555,1.4327777777777777,17,Tuesday,0,15,66.375
5e644ab5f9af8b24613386f2,0039,2020-02-18 17:12:49,2020-02-18 19:34:33,2020-02-18 19:34:29,15.406,2_39_92_442_2020-02-18 17:12:48.999168,0002,CA-498,2-39-92-442,America/Los_Angeles,000000564,"[{'WhPerMile': 231, 'kWhRequested': 41.58, 'milesRequested': 180, 'minutesAvailable': 539, 'modifiedAt': 'Tue, 18 Feb 2020 17:13:32 GMT', 'paymentRequired': True, 'requestedDeparture': 'Wed, 19 Feb 2020 02:11:49 GMT', 'userID': 564}]",2.362222222222222,2.361111111111111,17,Tuesday,0,15,231.09
5e644ab5f9af8b24613386f3,0039,2020-02-18 17:29:01,2020-02-19 03:26:46,2020-02-18 18:33:07,3.131,2_39_123_23_2020-02-18 17:29:01.384706,0002,CA-313,2-39-123-23,America/Los_Angeles,000002170,"[{'WhPerMile': 400, 'kWhRequested': 28.0, 'milesRequested': 70, 'minutesAvailable': 417, 'modifiedAt': 'Tue, 18 Feb 2020 17:29:07 GMT', 'paymentRequired': True, 'requestedDeparture': 'Wed, 19 Feb 2020 00:26:01 GMT', 'userID': 2170}]",9.9625,1.0683333333333334,17,Tuesday,0,15,46.964999999999996
5e644ab5f9af8b24613386f4,0039,2020-02-18 17:45:33,2020-02-19 00:16:24,2020-02-18 18:32:10,4.548,2_39_124_22_2020-02-18 17:45:33.148099,0002,CA-312,2-39-124-22,America/Los_Angeles,000001912,"[{'WhPerMile': 400, 'kWhRequested': 20.0, 'milesRequested': 50, 'minutesAvailable': 392, 'modifiedAt': 'Tue, 18 Feb 2020 17:45:47 GMT', 'paymentRequired': True, 'requestedDeparture': 'Wed, 19 Feb 2020 00:17:33 GMT', 'userID': 1912}]",6.514166666666667,0.7769444444444444,17,Tuesday,0,15,68.22
5e644ab5f9af8b24613386f5,0039,2020-02-18 17:47:58,2020-02-19 01:14:54,2020-02-18 20:34:26,9.422,2_39_90_26_2020-02-18 17:47:57.581190,0002,CA-316,2-39-90-26,America/Los_Angeles,000000620,"[{'WhPerMile': 400, 'kWhRequested': 12.0, 'milesRequested': 30, 'minutesAvailable': 437, 'modifiedAt': 'Tue, 18 Feb 2020 17:54:50 GMT', 'paymentRequired': True, 'requestedDeparture': 'Wed, 19 Feb 2020 01:04:58 GMT', 'userID': 620}]",7.448888888888889,2.7744444444444443,17,Tuesday,0,15,141.33
5e644ab5f9af8b24613386f6,0039,2020-02-18 17:55:03,2020-02-19 03:16:32,2020-02-18 20:30:07,15.445,2_39_95_27_2020-02-18 17:55:03.166578,0002,CA-319,2-39-95-27,America/Los_Angeles,000000558,"[{'WhPerMile': 400, 'kWhRequested': 36.0, 'milesRequested': 90, 'minutesAvailable': 60, 'modifiedAt': 'Tue, 18 Feb 2020 17:55:05 GMT', 'paymentRequired': True, 'requestedDeparture': 'Tue, 18 Feb 2020 18:55:03 GMT', 'userID': 558}]",9.358055555555556,2.5844444444444443,17,Tuesday,0,15,231.675
5e644ab5f9af8b24613386f7,0039,2020-02-18 17:55:04,2020-02-19 01:15:01,2020-02-18 23:17:17,17.82,2_39_78_364_2020-02-18 17:55:04.450051,0002,CA-495,2-39-78-364,America/Los_Angeles,000000714,"[{'WhPerMile': 400, 'kWhRequested': 32.0, 'milesRequested': 80, 'minutesAvailable': 449, 'modifiedAt': 'Tue, 18 Feb 2020 17:55:23 GMT', 'paymentRequired': True, 'requestedDeparture': 'Wed, 19 Feb 2020 01:24:04 GMT', 'userID': 714}]",7.3325,5.370277777777778,17,Tuesday,0,15,267.3
5e644ab5f9af8b24613386f8,0039,2020-02-18 18:16:54,2020-02-18 18:51:58,2020-02-18 18:51:54,3.766,2_39_91_441_2020-02-18 18:16:54.341450,0002,CA-499,2-39-91-441,America/Los_Angeles,000000668,"[{'WhPerMile': 425, 'kWhRequested': 12.75, 'milesRequested': 30, 'minutesAvailable': 61, 'modifiedAt': 'Tue, 18 Feb 2020 18:17:03 GMT', 'paymentRequired': True, 'requestedDeparture': 'Tue, 18 Feb 2020 19:17:54 GMT', 'userID': 668}]",0.5844444444444444,0.5833333333333334,18,Tuesday,0,15,56.49
5e644ab5f9af8b24613386f9,0039,2020-02-18 18:18:00,2020-02-19 01:53:41,2020-02-18 19:07:31,1.999,2_39_79_378_2020-02-18 18:18:00.230357,0002,CA-326,2-39-79-378,America/Los_Angeles,000000891,"[{'WhPerMile': 400, 'kWhRequested': 8.0, 'milesRequested': 20, 'minutesAvailable': 216, 'modifiedAt': 'Tue, 18 Feb 2020 18:18:07 GMT', 'paymentRequired': True, 'requestedDeparture': 'Tue, 18 Feb 2020 21:54:00 GMT', 'userID': 891}]",7.594722222222222,0.8252777777777778,18,Tuesday,0,15,29.985000000000003
5e644ab5f9af8b24613386fa,0039,2020-02-18 18:37:52,2020-02-18 19:29:23,2020-02-18 19:23:32,1.044,2_39_78_367_2020-02-18 18:37:52.488321,0002,CA-494,2-39-78-367,America/Los_Angeles,,,0.8586111111111111,0.7611111111111111,18,Tuesday,0,15,15.66
5e644ab5f9af8b24613386fb,0039,2020-02-18 18:39:25,2020-02-19 00:46:11,2020-02-19 00:46:05,24.286,2_39_78_360_2020-02-18 18:39:25.193613,0002,CA-322,2-39-78-360,America/Los_Angeles,000001137,"[{'WhPerMile': 400, 'kWhRequested': 36.0, 'milesRequested': 90, 'minutesAvailable': 344, 'modifiedAt': 'Tue, 18 Feb 2020 18:39:55 GMT', 'paymentRequired': True, 'requestedDeparture': 'Wed, 19 Feb 2020 00:23:25 GMT', 'userID': 1137}]",6.112777777777778,6.111111111111111,18,Tuesday,0,15,364.29
5e644ab5f9af8b24613386fc,0039,2020-02-18 18:55:16,2020-02-19 01:08:19,2020-02-18 23:25:27,15.076,2_39_79_376_2020-02-18 18:55:15.714762,0002,CA-324,2-39-79-376,America/Los_Angeles,000000832,"[{'WhPerMile': 400, 'kWhRequested': 12.0, 'milesRequested': 30, 'minutesAvailable': 366, 'modifiedAt': 'Tue, 18 Feb 2020 18:56:08 GMT', 'paymentRequired': True, 'requestedDeparture': 'Wed, 19 Feb 2020 01:01:16 GMT', 'userID': 832}]",6.2175,4.503055555555555,18,Tuesday,0,15,226.14000000000001
5e644ab5f9af8b24613386fd,0039,2020-02-18 18:55:47,2020-02-19 01:41:58,2020-02-19 01:42:58,6.723,2_39_78_362_2020-02-18 18:55:47.273534,0002,CA-496,2-39-78-362,America/Los_Angeles,000005368,"[{'WhPerMile': 400, 'kWhRequested': 8.0, 'milesRequested': 20, 'minutesAvailable': 73, 'modifiedAt': 'Tue, 18 Feb 2020 18:56:08 GMT', 'paymentRequired': True, 'requestedDeparture': 'Tue, 18 Feb 2020 20:08:47 GMT', 'userID': 5368}]",6.769722222222223,6.786388888888889,18,Tuesday,0,15,100.845
5e644ab5f9af8b24613386fe,0039,2020-02-18 19:34:00,2020-02-18 20:05:04,2020-02-18 20:04:58,1.718,2_39_88_24_2020-02-18 19:33:59.521964,0002,CA-314,2-39-88-24,America/Los_Angeles,000001093,"[{'WhPerMile': 333, 'kWhRequested': 6.66, 'milesRequested': 20, 'minutesAvailable': 199, 'modifiedAt': 'Tue, 18 Feb 2020 19:34:16 GMT', 'paymentRequired': True, 'requestedDeparture': 'Tue, 18 Feb 2020 22:53:00 GMT', 'userID': 1093}]",0.5177777777777778,0.5161111111111111,19,Tuesday,0,15,25.77
5e644ab5f9af8b24613386ff,0039,2020-02-18 19:40:32,2020-02-18 20:11:00,2020-02-18 20:10:56,1.723,2_39_92_442_2020-02-18 19:40:31.731370,0002,CA-498,2-39-92-442,America/Los_Angeles,000000515,"[{'WhPerMile': 400, 'kWhRequested': 12.0, 'milesRequested': 30, 'minutesAvailable': 314, 'modifiedAt': 'Tue, 18 Feb 2020 19:40:59 GMT', 'paymentRequired': True, 'requestedDeparture': 'Wed, 19 Feb 2020 00:54:32 GMT', 'userID': 515}]",0.5077777777777778,0.5066666666666667,19,Tuesday,0,15,25.845000000000002
5e644ab5f9af8b2461338700,0039,2020-02-18 19:52:30,2020-02-18 21:35:53,2020-02-18 21:35:48,9.569,2_39_127_19_2020-02-18 19:52:30.330645,0002,CA-309,2-39-127-19,America/Los_Angeles,000000346,"[{'WhPerMile': 400, 'kWhRequested': 12.0, 'milesRequested': 30, 'minutesAvailable': 120, 'modifiedAt': 'Tue, 18 Feb 2020 19:53:05 GMT', 'paymentRequired': True, 'requestedDeparture': 'Tue, 18 Feb 2020 21:52:30 GMT', 'userID': 346}]",1.7230555555555556,1.7216666666666667,19,Tuesday,0,15,143.53500000000003
5e644ab5f9af8b2461338701,0039,2020-02-18 19:56:05,2020-02-19 02:49:20,2020-02-18 21:09:30,2.444,2_39_91_441_2020-02-18 19:56:04.770740,0002,CA-499,2-39-91-441,America/Los_Angeles,000001082,"[{'WhPerMile': 400, 'kWhRequested': 8.0, 'milesRequested': 20, 'minutesAvailable': 64, 'modifiedAt': 'Tue, 18 Feb 2020 19:56:30 GMT', 'paymentRequired': True, 'requestedDeparture': 'Tue, 18 Feb 2020 21:00:05 GMT', 'userID': 1082}]",6.8875,1.2236111111111112,19,Tuesday,0,15,36.66
5e644ab5f9af8b2461338702,0039,2020-02-18 20:04:35,2020-02-18 21:16:15,2020-02-18 21:15:00,1.052,2_39_78_367_2020-02-18 20:04:34.912266,0002,CA-494,2-39-78-367,America/Los_Angeles,,,1.1944444444444444,1.1736111111111112,20,Tuesday,0,15,15.780000000000001
5e644ab5f9af8b2461338703,0039,2020-02-18 20:16:29,2020-02-18 20:45:03,2020-02-18 20:44:58,0.767,2_39_95_444_2020-02-18 20:16:28.866390,0002,CA-497,2-39-95-444,America/Los_Angeles,,,0.4761111111111111,0.4747222222222222,20,Tuesday,0,15,11.505
5e644ab5f9af8b2461338704,0039,2020-02-18 20:30:08,2020-02-19 01:44:09,2020-02-18 21:27:52,1.322,2_39_79_383_2020-02-18 20:30:08.379643,0002,CA-492,2-39-79-383,America/Los_Angeles,,,5.233611111111111,0.9622222222222222,20,Tuesday,0,15,19.830000000000002
5e644ab5f9af8b2461338705,0039,2020-02-18 20:32:24,2020-02-19 01:21:31,2020-02-18 21:26:50,5.424,2_39_91_437_2020-02-18 20:32:23.952697,0002,CA-317,2-39-91-437,America/Los_Angeles,000001001,"[{'WhPerMile': 600, 'kWhRequested': 12.0, 'milesRequested': 20, 'minutesAvailable': 129, 'modifiedAt': 'Tue, 18 Feb 2020 20:32:27 GMT', 'paymentRequired': True, 'requestedDeparture': 'Tue, 18 Feb 2020 22:41:24 GMT', 'userID': 1001}]",4.818611111111111,0.9072222222222223,20,Tuesday,0,15,81.36
5e644ab5f9af8b2461338706,0039,2020-02-18 20:47:52,2020-02-18 23:13:01,2020-02-18 22:13:03,3.85,2_39_88_24_2020-02-18 20:47:40.159622,0002,CA-314,2-39-88-24,America/Los_Angeles,000003577,"[{'WhPerMile': 400, 'kWhRequested': 8.0, 'milesRequested': 20, 'minutesAvailable': 154, 'modifiedAt': 'Tue, 18 Feb 2020 20:47:52 GMT', 'paymentRequired': True, 'requestedDeparture': 'Tue, 18 Feb 2020 23:21:52 GMT', 'userID': 3577}]",2.4191666666666665,1.4197222222222223,20,Tuesday,0,15,57.75
5e644ab5f9af8b2461338707,0039,2020-02-18 21:32:30,2020-02-18 22:08:40,2020-02-18 22:07:42,1.025,2_39_78_367_2020-02-18 21:32:29.597336,0002,CA-494,2-39-78-367,America/Los_Angeles,,,0.6027777777777777,0.5866666666666667,21,Tuesday,0,15,15.374999999999998
5e644ab5f9af8b2461338708,0039,2020-02-18 21:41:19,2020-02-19 00:45:32,2020-02-18 23:31:23,0.833,2_39_128_562_2020-02-18 21:41:19.207021,0002,CA-508,2-39-128-562,America/Los_Angeles,,,3.0702777777777777,1.8344444444444445,21,Tuesday,0,15,12.495
5e644ab5f9af8b2461338709,0039,2020-02-18 21:52:26,2020-02-19 00:55:24,2020-02-18 23:55:38,6.736,2_39_127_19_2020-02-18 21:52:25.598220,0002,CA-309,2-39-127-19,America/Los_Angeles,000000515,"[{'WhPerMile': 400, 'kWhRequested': 12.0, 'milesRequested': 30, 'minutesAvailable': 314, 'modifiedAt': 'Tue, 18 Feb 2020 21:53:43 GMT', 'paymentRequired': True, 'requestedDeparture': 'Wed, 19 Feb 2020 03:06:26 GMT', 'userID': 515}]",3.0494444444444446,2.0533333333333332,21,Tuesday,0,15,101.03999999999999
5e644ab5f9af8b246133870a,0039,2020-02-18 22:25:11,2020-02-18 23:28:06,2020-02-18 23:27:03,1.055,2_39_78_367_2020-02-18 22:25:11.440729,0002,CA-494,2-39-78-367,America/Los_Angeles,,,1.0486111111111112,1.031111111111111,22,Tuesday,0,15,15.825
5e644ab5f9af8b246133870b,0039,2020-02-18 23:44:34,2020-02-19 00:20:06,2020-02-19 00:19:24,1.04,2_39_78_367_2020-02-18 23:44:33.917877,0002,CA-494,2-39-78-367,America/Los_Angeles,,,0.5922222222222222,0.5805555555555556,23,Tuesday,0,15,15.600000000000001
5e644ab5f9af8b246133870c,0039,2020-02-19 00:30:49,2020-02-19 01:55:40,2020-02-19 01:01:01,0.84,2_39_139_28_2020-02-19 00:30:49.164615,0002,CA-303,2-39-139-28,America/Los_Angeles,,,1.4141666666666666,0.5033333333333333,0,Wednesday,0,15,12.6
5e644ab5f9af8b246133870d,0039,2020-02-19 00:37:29,2020-02-19 01:06:28,2020-02-19 01:06:22,0.594,2_39_78_367_2020-02-19 00:37:29.421599,0002,CA-494,2-39-78-367,America/Los_Angeles,,,0.48305555555555557,0.48138888888888887,0,Wednesday,0,15,8.91
5e644ab5f9af8b246133870e,0039,2020-02-19 01:21:10,2020-02-19 02:42:45,2020-02-19 01:55:19,1.254,2_39_131_30_2020-02-19 01:21:10.471513,0002,CA-305,2-39-131-30,America/Los_Angeles,000000365,"[{'WhPerMile': 333, 'kWhRequested': 9.99, 'milesRequested': 30, 'minutesAvailable': 104, 'modifiedAt': 'Wed, 19 Feb 2020 01:21:19 GMT', 'paymentRequired': True, 'requestedDeparture': 'Wed, 19 Feb 2020 03:05:10 GMT', 'userID': 365}]",1.3597222222222223,0.5691666666666667,1,Wednesday,0,15,18.81
5e644ab5f9af8b246133870f,0039,2020-02-19 03:55:10,2020-02-19 06:36:20,2020-02-19 06:36:16,14.506,2_39_79_382_2020-02-19 03:55:10.145268,0002,CA-491,2-39-79-382,America/Los_Angeles,000004701,"[{'WhPerMile': 300, 'kWhRequested': 15.0, 'milesRequested': 50, 'minutesAvailable': 172, 'modifiedAt': 'Wed, 19 Feb 2020 03:55:18 GMT', 'paymentRequired': True, 'requestedDeparture': 'Wed, 19 Feb 2020 06:47:10 GMT', 'userID': 4701}]",2.686111111111111,2.685,3,Wednesday,0,15,217.59
5e644ab5f9af8b2461338710,0039,2020-02-19 04:22:57,2020-02-19 05:44:58,2020-02-19 05:44:54,4.652,2_39_129_17_2020-02-19 04:22:56.998345,0002,CA-307,2-39-129-17,America/Los_Angeles,000001263,"[{'WhPerMile': 400, 'kWhRequested': 8.0, 'milesRequested': 20, 'minutesAvailable': 115, 'modifiedAt': 'Wed, 19 Feb 2020 04:23:39 GMT', 'paymentRequired': True, 'requestedDeparture': 'Wed, 19 Feb 2020 06:17:57 GMT', 'userID': 1263}]",1.3669444444444445,1.3658333333333332,4,Wednesday,0,15,69.78
5e658e25f9af8b2865a5f4a8,0039,2020-02-19 10:16:00,2020-02-19 12:50:49,2020-02-19 12:50:45,13.206,2_39_139_28_2020-02-19 10:16:00.402226,0002,CA-303,2-39-139-28,America/Los_Angeles,000000300,"[{'WhPerMile': 400, 'kWhRequested': 32.0, 'milesRequested': 80, 'minutesAvailable': 638, 'modifiedAt': 'Wed, 19 Feb 2020 10:51:20 GMT', 'paymentRequired': True, 'requestedDeparture': 'Wed, 19 Feb 2020 20:54:00 GMT', 'userID': 300}]",2.580277777777778,2.5791666666666666,10,Wednesday,0,15,198.09
5e658e25f9af8b2865a5f4a9,0039,2020-02-19 15:47:21,2020-02-19 22:21:37,2020-02-19 16:56:33,3.498,2_39_131_30_2020-02-19 15:47:20.545563,0002,CA-305,2-39-131-30,America/Los_Angeles,000000347,"[{'WhPerMile': 600, 'kWhRequested': 12.0, 'milesRequested': 20, 'minutesAvailable': 77, 'modifiedAt': 'Wed, 19 Feb 2020 15:47:33 GMT', 'paymentRequired': True, 'requestedDeparture': 'Wed, 19 Feb 2020 17:04:21 GMT', 'userID': 347}]",6.571111111111111,1.1533333333333333,15,Wednesday,0,15,52.470000000000006
5e658e25f9af8b2865a5f4aa,0039,2020-02-19 15:48:28,2020-02-20 01:52:14,2020-02-19 22:50:54,3.304,2_39_79_377_2020-02-19 15:48:27.873517,0002,CA-325,2-39-79-377,America/Los_Angeles,,,10.062777777777777,7.040555555555556,15,Wednesday,0,15,49.559999999999995
5e658e25f9af8b2865a5f4ab,0039,2020-02-19 15:56:00,2020-02-19 21:20:59,2020-02-19 16:26:12,0.809,2_39_79_380_2020-02-19 15:56:00.164285,0002,CA-489,2-39-79-380,America/Los_Angeles,,,5.416388888888889,0.5033333333333333,15,Wednesday,0,15,12.135000000000002
5e658e25f9af8b2865a5f4ac,0039,2020-02-19 16:12:01,2020-02-20 01:16:04,2020-02-19 18:01:44,9.406,2_39_78_366_2020-02-19 16:12:01.058468,0002,CA-323,2-39-78-366,America/Los_Angeles,000003853,"[{'WhPerMile': 360, 'kWhRequested': 21.6, 'milesRequested': 60, 'minutesAvailable': 405, 'modifiedAt': 'Wed, 19 Feb 2020 16:12:23 GMT', 'paymentRequired': True, 'requestedDeparture': 'Wed, 19 Feb 2020 22:57:01 GMT', 'userID': 3853}]",9.0675,1.8286111111111112,16,Wednesday,0,15,141.09
5e658e25f9af8b2865a5f4ad,0039,2020-02-19 16:24:38,2020-02-20 01:43:06,2020-02-20 00:47:00,53.265,2_39_79_378_2020-02-19 16:24:37.812042,0002,CA-326,2-39-79-378,America/Los_Angeles,000003424,"[{'WhPerMile': 295, 'kWhRequested': 59.0, 'milesRequested': 200, 'minutesAvailable': 546, 'modifiedAt': 'Wed, 19 Feb 2020 16:25:02 GMT', 'paymentRequired': True, 'requestedDeparture': 'Thu, 20 Feb 2020 01:30:38 GMT', 'userID': 3424}]",9.307777777777778,8.372777777777777,16,Wednesday,0,15,798.975
5e658e25f9af8b2865a5f4ae,0039,2020-02-19 16:33:11,2020-02-20 01:39:54,2020-02-19 19:21:55,13.043,2_39_79_376_2020-02-19 16:33:11.315653,0002,CA-324,2-39-79-376,America/Los_Angeles,000000945,"[{'WhPerMile': 400, 'kWhRequested': 32.0, 'milesRequested': 80, 'minutesAvailable': 62, 'modifiedAt': 'Wed, 19 Feb 2020 16:33:57 GMT', 'paymentRequired': True, 'requestedDeparture': 'Wed, 19 Feb 2020 17:35:11 GMT', 'userID': 945}]",9.111944444444445,2.812222222222222,16,Wednesday,0,15,195.64499999999998
5e658e25f9af8b2865a5f4af,0039,2020-02-19 16:41:30,2020-02-20 01:45:27,2020-02-19 19:54:56,10.982,2_39_129_17_2020-02-19 16:41:29.701061,0002,CA-307,2-39-129-17,America/Los_Angeles,000000712,"[{'WhPerMile': 400, 'kWhRequested': 24.0, 'milesRequested': 60, 'minutesAvailable': 416, 'modifiedAt': 'Wed, 19 Feb 2020 16:41:38 GMT', 'paymentRequired': True, 'requestedDeparture': 'Wed, 19 Feb 2020 23:37:30 GMT', 'userID': 712}]",9.065833333333334,3.223888888888889,16,Wednesday,0,15,164.73
5e658e25f9af8b2865a5f4b0,0039,2020-02-19 16:43:05,2020-02-20 08:00:05,2020-02-19 18:56:36,5.831,2_39_79_383_2020-02-19 16:43:05.059589,0002,CA-492,2-39-79-383,America/Los_Angeles,000001222,"[{'WhPerMile': 400, 'kWhRequested': 8.0, 'milesRequested': 20, 'minutesAvailable': 72, 'modifiedAt': 'Wed, 19 Feb 2020 16:43:23 GMT', 'paymentRequired': True, 'requestedDeparture': 'Wed, 19 Feb 2020 17:55:05 GMT', 'userID': 1222}]",15.283333333333333,2.225277777777778,16,Wednesday,0,15,87.465
5e658e25f9af8b2865a5f4b1,0039,2020-02-19 16:50:43,2020-02-19 20:20:37,2020-02-19 18:31:29,5.29,2_39_127_19_2020-02-19 16:50:42.661074,0002,CA-309,2-39-127-19,America/Los_Angeles,000000562,"[{'WhPerMile': 325, 'kWhRequested': 6.5, 'milesRequested': 20, 'minutesAvailable': 188, 'modifiedAt': 'Wed, 19 Feb 2020 16:51:00 GMT', 'paymentRequired': True, 'requestedDeparture': 'Wed, 19 Feb 2020 19:58:43 GMT', 'userID': 562}]",3.4983333333333335,1.6794444444444445,16,Wednesday,0,15,79.35
5e658e25f9af8b2865a5f4b2,0039,2020-02-19 17:00:08,2020-02-20 00:37:00,2020-02-20 00:38:00,2.985,2_39_78_362_2020-02-19 17:00:08.165536,0002,CA-496,2-39-78-362,America/Los_Angeles,000000858,"[{'WhPerMile': 400, 'kWhRequested': 8.0, 'milesRequested': 20, 'minutesAvailable': 254, 'modifiedAt': 'Wed, 19 Feb 2020 17:00:40 GMT', 'paymentRequired': True, 'requestedDeparture': 'Wed, 19 Feb 2020 21:14:08 GMT', 'userID': 858}]",7.614444444444445,7.631111111111111,17,Wednesday,0,15,44.775
5e658e25f9af8b2865a5f4b3,0039,2020-02-19 17:05:47,2020-02-20 01:14:18,2020-02-19 19:59:29,9.834,2_39_90_26_2020-02-19 17:05:47.031463,0002,CA-316,2-39-90-26,America/Los_Angeles,000001364,"[{'WhPerMile': 400, 'kWhRequested': 28.0, 'milesRequested': 70, 'minutesAvailable': 182, 'modifiedAt': 'Wed, 19 Feb 2020 17:05:51 GMT', 'paymentRequired': True, 'requestedDeparture': 'Wed, 19 Feb 2020 20:07:47 GMT', 'userID': 1364}]",8.141944444444444,2.895,17,Wednesday,0,15,147.51
5e658e25f9af8b2865a5f4b4,0039,2020-02-19 17:11:08,2020-02-19 17:33:13,2020-02-19 17:33:07,1.884,2_39_78_361_2020-02-19 17:11:08.111697,0002,CA-493,2-39-78-361,America/Los_Angeles,000004701,"[{'WhPerMile': 300, 'kWhRequested': 15.0, 'milesRequested': 50, 'minutesAvailable': 319, 'modifiedAt': 'Wed, 19 Feb 2020 17:11:19 GMT', 'paymentRequired': True, 'requestedDeparture': 'Wed, 19 Feb 2020 22:30:08 GMT', 'userID': 4701}]",0.3680555555555556,0.3663888888888889,17,Wednesday,0,15,28.259999999999998
5e658e25f9af8b2865a5f4b5,0039,2020-02-19 17:19:08,2020-02-20 03:08:08,2020-02-19 18:30:07,3.645,2_39_125_21_2020-02-19 17:19:07.690586,0002,CA-311,2-39-125-21,America/Los_Angeles,000000567,"[{'WhPerMile': 400, 'kWhRequested': 8.0, 'milesRequested': 20, 'minutesAvailable': 434, 'modifiedAt': 'Wed, 19 Feb 2020 17:19:15 GMT', 'paymentRequired': True, 'requestedDeparture': 'Thu, 20 Feb 2020 00:33:08 GMT', 'userID': 567}]",9.816666666666666,1.1830555555555555,17,Wednesday,0,15,54.675
5e658e25f9af8b2865a5f4b6,0039,2020-02-19 17:28:17,2020-02-20 01:13:49,2020-02-19 23:34:23,0.897,2_39_79_381_2020-02-19 17:28:17.493939,0002,CA-490,2-39-79-381,America/Los_Angeles,,,7.7588888888888885,6.101666666666667,17,Wednesday,0,15,13.455
5e658e25f9af8b2865a5f4b7,0039,2020-02-19 17:31:13,2020-02-20 01:43:36,2020-02-19 18:57:55,4.21,2_39_89_25_2020-02-19 17:31:13.096909,0002,CA-315,2-39-89-25,America/Los_Angeles,000000743,"[{'WhPerMile': 400, 'kWhRequested': 8.0, 'milesRequested': 20, 'minutesAvailable': 443, 'modifiedAt': 'Wed, 19 Feb 2020 17:31:22 GMT', 'paymentRequired': True, 'requestedDeparture': 'Thu, 20 Feb 2020 00:54:13 GMT', 'userID': 743}]",8.206388888888888,1.445,17,Wednesday,0,15,63.15
5e658e25f9af8b2865a5f4b8,0039,2020-02-19 17:31:43,2020-02-20 02:51:11,2020-02-19 18:41:33,3.135,2_39_126_20_2020-02-19 17:31:43.096590,0002,CA-310,2-39-126-20,America/Los_Angeles,000001864,"[{'WhPerMile': 400, 'kWhRequested': 8.0, 'milesRequested': 20, 'minutesAvailable': 452, 'modifiedAt': 'Wed, 19 Feb 2020 17:31:44 GMT', 'paymentRequired': True, 'requestedDeparture': 'Thu, 20 Feb 2020 01:03:43 GMT', 'userID': 1864}]",9.324444444444444,1.163888888888889,17,Wednesday,0,15,47.025
5e658e25f9af8b2865a5f4b9,0039,2020-02-19 17:33:13,2020-02-20 06:13:27,2020-02-19 18:35:20,6.213,2_39_78_363_2020-02-19 17:33:12.646012,0002,CA-320,2-39-78-363,America/Los_Angeles,000000714,"[{'WhPerMile': 400, 'kWhRequested': 32.0, 'milesRequested': 80, 'minutesAvailable': 449, 'modifiedAt': 'Wed, 19 Feb 2020 17:34:04 GMT', 'paymentRequired': True, 'requestedDeparture': 'Thu, 20 Feb 2020 01:02:13 GMT', 'userID': 714}]",12.670555555555556,1.0352777777777777,17,Wednesday,0,15,93.19500000000001
5e658e25f9af8b2865a5f4ba,0039,2020-02-19 17:43:56,2020-02-20 00:09:08,2020-02-19 19:36:30,11.29,2_39_123_23_2020-02-19 17:43:56.481965,0002,CA-313,2-39-123-23,America/Los_Angeles,000001912,"[{'WhPerMile': 400, 'kWhRequested': 20.0, 'milesRequested': 50, 'minutesAvailable': 392, 'modifiedAt': 'Wed, 19 Feb 2020 17:44:01 GMT', 'paymentRequired': True, 'requestedDeparture': 'Thu, 20 Feb 2020 00:15:56 GMT', 'userID': 1912}]",6.42,1.876111111111111,17,Wednesday,0,15,169.35
5e658e25f9af8b2865a5f4bb,0039,2020-02-19 17:50:36,2020-02-19 19:39:48,2020-02-19 19:30:18,0.891,2_39_78_361_2020-02-19 17:50:36.298023,0002,CA-493,2-39-78-361,America/Los_Angeles,,,1.82,1.6616666666666666,17,Wednesday,0,15,13.365
5e658e25f9af8b2865a5f4bc,0039,2020-02-19 17:51:04,2020-02-20 03:07:16,2020-02-19 19:54:41,10.962,2_39_78_365_2020-02-19 17:51:03.545942,0002,CA-321,2-39-78-365,America/Los_Angeles,000000558,"[{'WhPerMile': 400, 'kWhRequested': 28.0, 'milesRequested': 70, 'minutesAvailable': 60, 'modifiedAt': 'Wed, 19 Feb 2020 17:51:06 GMT', 'paymentRequired': True, 'requestedDeparture': 'Wed, 19 Feb 2020 18:51:04 GMT', 'userID': 558}]",9.27,2.060277777777778,17,Wednesday,0,15,164.43
5e658e25f9af8b2865a5f4bd,0039,2020-02-19 18:00:59,2020-02-20 01:15:58,2020-02-19 19:41:04,4.063,2_39_95_444_2020-02-19 18:00:59.047447,0002,CA-497,2-39-95-444,America/Los_Angeles,000000620,"[{'WhPerMile': 400, 'kWhRequested': 12.0, 'milesRequested': 30, 'minutesAvailable': 395, 'modifiedAt': 'Wed, 19 Feb 2020 18:01:13 GMT', 'paymentRequired': True, 'requestedDeparture': 'Thu, 20 Feb 2020 00:35:59 GMT', 'userID': 620}]",7.249722222222222,1.6680555555555556,18,Wednesday,0,15,60.94499999999999
5e658e25f9af8b2865a5f4be,0039,2020-02-19 18:03:06,2020-02-19 20:07:25,2020-02-19 20:02:06,0.911,2_39_78_360_2020-02-19 18:03:05.984394,0002,CA-322,2-39-78-360,America/Los_Angeles,,,2.0719444444444446,1.9833333333333334,18,Wednesday,0,15,13.665000000000001
5e658e25f9af8b2865a5f4bf,0039,2020-02-19 18:21:35,2020-02-20 00:30:23,2020-02-19 20:11:24,10.773,2_39_95_27_2020-02-19 18:21:35.247584,0002,CA-319,2-39-95-27,America/Los_Angeles,000001095,"[{'WhPerMile': 400, 'kWhRequested': 16.0, 'milesRequested': 40, 'minutesAvailable': 342, 'modifiedAt': 'Wed, 19 Feb 2020 18:21:47 GMT', 'paymentRequired': True, 'requestedDeparture': 'Thu, 20 Feb 2020 00:03:35 GMT', 'userID': 1095}]",6.1466666666666665,1.8302777777777777,18,Wednesday,0,15,161.595
5e658e25f9af8b2865a5f4c0,0039,2020-02-19 18:30:27,2020-02-20 01:19:57,2020-02-19 19:56:12,7.889,2_39_92_442_2020-02-19 18:30:26.517284,0002,CA-498,2-39-92-442,America/Los_Angeles,000000832,"[{'WhPerMile': 400, 'kWhRequested': 8.0, 'milesRequested': 20, 'minutesAvailable': 366, 'modifiedAt': 'Wed, 19 Feb 2020 18:31:01 GMT', 'paymentRequired': True, 'requestedDeparture': 'Thu, 20 Feb 2020 00:36:27 GMT', 'userID': 832}]",6.825,1.4291666666666667,18,Wednesday,0,15,118.33500000000001
5e658e25f9af8b2865a5f4c1,0039,2020-02-19 19:13:53,2020-02-19 20:16:37,2020-02-19 19:44:57,0.935,2_39_88_24_2020-02-19 19:13:53.188994,0002,CA-314,2-39-88-24,America/Los_Angeles,,,1.0455555555555556,0.5177777777777778,19,Wednesday,0,15,14.025
5e658e25f9af8b2865a5f4c2,0039,2020-02-19 19:14:57,2020-02-20 01:50:59,2020-02-19 21:08:57,6.125,2_39_90_440_2020-02-19 19:14:56.864062,0002,CA-500,2-39-90-440,America/Los_Angeles,000005368,"[{'WhPerMile': 400, 'kWhRequested': 8.0, 'milesRequested': 20, 'minutesAvailable': 73, 'modifiedAt': 'Wed, 19 Feb 2020 19:16:03 GMT', 'paymentRequired': True, 'requestedDeparture': 'Wed, 19 Feb 2020 20:27:57 GMT', 'userID': 5368}]",6.600555555555555,1.9,19,Wednesday,0,15,91.875
5e658e25f9af8b2865a5f4c3,0039,2020-02-19 19:53:01,2020-02-20 01:43:48,2020-02-19 21:04:32,3.596,2_39_124_22_2020-02-19 19:53:01.140044,0002,CA-312,2-39-124-22,America/Los_Angeles,000002170,"[{'WhPerMile': 400, 'kWhRequested': 28.0, 'milesRequested': 70, 'minutesAvailable': 417, 'modifiedAt': 'Wed, 19 Feb 2020 19:53:14 GMT', 'paymentRequired': True, 'requestedDeparture': 'Thu, 20 Feb 2020 02:50:01 GMT', 'userID': 2170}]",5.846388888888889,1.1919444444444445,19,Wednesday,0,15,53.94
5e658e25f9af8b2865a5f4c4,0039,2020-02-19 19:57:17,2020-02-19 23:06:24,2020-02-19 23:03:23,0.885,2_39_78_361_2020-02-19 19:57:17.318406,0002,CA-493,2-39-78-361,America/Los_Angeles,,,3.1519444444444447,3.1016666666666666,19,Wednesday,0,15,13.275
5e658e25f9af8b2865a5f4c5,0039,2020-02-19 20:22:51,2020-02-19 21:55:48,2020-02-19 21:52:54,0.879,2_39_78_360_2020-02-19 20:22:51.129617,0002,CA-322,2-39-78-360,America/Los_Angeles,,,1.5491666666666666,1.5008333333333332,20,Wednesday,0,15,13.185
5e658e25f9af8b2865a5f4c6,0039,2020-02-19 20:36:23,2020-02-20 01:55:34,2020-02-19 21:18:40,1.745,2_39_88_24_2020-02-19 20:36:22.677066,0002,CA-314,2-39-88-24,America/Los_Angeles,000000891,"[{'WhPerMile': 400, 'kWhRequested': 8.0, 'milesRequested': 20, 'minutesAvailable': 216, 'modifiedAt': 'Wed, 19 Feb 2020 20:36:32 GMT', 'paymentRequired': True, 'requestedDeparture': 'Thu, 20 Feb 2020 00:12:23 GMT', 'userID': 891}]",5.3197222222222225,0.7047222222222222,20,Wednesday,0,15,26.175
5e658e25f9af8b2865a5f4c7,0039,2020-02-19 20:50:28,2020-02-20 01:10:33,2020-02-20 01:10:05,27.779,2_39_91_441_2020-02-19 20:50:22.298478,0002,CA-499,2-39-91-441,America/Los_Angeles,000003449,"[{'WhPerMile': 276, 'kWhRequested': 5.52, 'milesRequested': 20, 'minutesAvailable': 84, 'modifiedAt': 'Wed, 19 Feb 2020 20:50:27 GMT', 'paymentRequired': True, 'requestedDeparture': 'Wed, 19 Feb 2020 22:14:28 GMT', 'userID': 3449}, {'WhPerMile': 276, 'kWhRequested': 40.02, 'milesRequested': 145, 'minutesAvailable': 85, 'modifiedAt': 'Wed, 19 Feb 2020 20:52:24 GMT', 'paymentRequired': True, 'requestedDeparture': 'Wed, 19 Feb 2020 22:15:28 GMT', 'userID': 3449}, {'WhPerMile': 276, 'kWhRequested': 40.02, 'milesRequested': 145, 'minutesAvailable': 86, 'modifiedAt': 'Wed, 19 Feb 2020 20:52:47 GMT', 'paymentRequired': True, 'requestedDeparture': 'Wed, 19 Feb 2020 22:16:28 GMT', 'userID': 3449}]",4.334722222222222,4.326944444444444,20,Wednesday,0,15,416.685
5e658e25f9af8b2865a5f4c8,0039,2020-02-19 20:59:19,2020-02-20 00:58:44,2020-02-19 22:53:59,12.194,2_39_91_437_2020-02-19 20:59:19.442491,0002,CA-317,2-39-91-437,America/Los_Angeles,000001470,"[{'WhPerMile': 292, 'kWhRequested': 29.2, 'milesRequested': 100, 'minutesAvailable': 301, 'modifiedAt': 'Wed, 19 Feb 2020 20:59:35 GMT', 'paymentRequired': True, 'requestedDeparture': 'Thu, 20 Feb 2020 02:00:19 GMT', 'userID': 1470}]",3.9902777777777776,1.9111111111111112,20,Wednesday,0,15,182.91000000000003
5e658e25f9af8b2865a5f4c9,0039,2020-02-19 21:00:53,2020-02-20 00:23:26,2020-02-19 21:27:30,1.613,2_39_127_19_2020-02-19 21:00:52.735722,0002,CA-309,2-39-127-19,America/Los_Angeles,000000751,"[{'WhPerMile': 400, 'kWhRequested': 28.0, 'milesRequested': 70, 'minutesAvailable': 720, 'modifiedAt': 'Wed, 19 Feb 2020 21:01:33 GMT', 'paymentRequired': True, 'requestedDeparture': 'Thu, 20 Feb 2020 09:00:53 GMT', 'userID': 751}]",3.3758333333333335,0.4436111111111111,21,Wednesday,0,15,24.195
5e658e25f9af8b2865a5f4ca,0039,2020-02-19 21:15:00,2020-02-19 23:51:54,2020-02-19 23:34:26,4.126,2_39_123_557_2020-02-19 21:14:59.751675,0002,CA-503,2-39-123-557,America/Los_Angeles,000000668,"[{'WhPerMile': 425, 'kWhRequested': 4.25, 'milesRequested': 10, 'minutesAvailable': 83, 'modifiedAt': 'Wed, 19 Feb 2020 21:15:05 GMT', 'paymentRequired': True, 'requestedDeparture': 'Wed, 19 Feb 2020 22:38:00 GMT', 'userID': 668}]",2.615,2.323888888888889,21,Wednesday,0,15,61.89000000000001
5e658e25f9af8b2865a5f4cb,0039,2020-02-19 21:48:38,2020-02-19 23:59:35,2020-02-19 23:59:27,8.513,2_39_79_380_2020-02-19 21:48:37.611445,0002,CA-489,2-39-79-380,America/Los_Angeles,000000560,"[{'WhPerMile': 400, 'kWhRequested': 12.0, 'milesRequested': 30, 'minutesAvailable': 258, 'modifiedAt': 'Wed, 19 Feb 2020 21:48:44 GMT', 'paymentRequired': True, 'requestedDeparture': 'Thu, 20 Feb 2020 02:06:38 GMT', 'userID': 560}, {'WhPerMile': 400, 'kWhRequested': 12.0, 'milesRequested': 30, 'minutesAvailable': 132, 'modifiedAt': 'Wed, 19 Feb 2020 21:48:52 GMT', 'paymentRequired': True, 'requestedDeparture': 'Thu, 20 Feb 2020 00:00:38 GMT', 'userID': 560}]",2.1825,2.180277777777778,21,Wednesday,0,15,127.695
5e658e25f9af8b2865a5f4cc,0039,2020-02-19 21:59:01,2020-02-20 02:52:40,2020-02-20 02:52:35,14.84,2_39_130_564_2020-02-19 21:59:01.087682,0002,CA-510,2-39-130-564,America/Los_Angeles,000000667,"[{'WhPerMile': 250, 'kWhRequested': 42.5, 'milesRequested': 170, 'minutesAvailable': 239, 'modifiedAt': 'Wed, 19 Feb 2020 22:01:03 GMT', 'paymentRequired': True, 'requestedDeparture': 'Thu, 20 Feb 2020 01:58:01 GMT', 'userID': 667}]",4.894166666666667,4.892777777777778,21,Wednesday,0,15,222.6
5e658e25f9af8b2865a5f4cd,0039,2020-02-19 22:13:13,2020-02-19 22:55:21,2020-02-19 22:50:47,0.893,2_39_78_360_2020-02-19 22:13:13.092759,0002,CA-322,2-39-78-360,America/Los_Angeles,,,0.7022222222222222,0.6261111111111111,22,Wednesday,0,15,13.395
5e658e25f9af8b2865a5f4ce,0039,2020-02-19 23:09:03,2020-02-20 00:26:00,2020-02-20 00:12:34,0.889,2_39_78_360_2020-02-19 23:09:03.402627,0002,CA-322,2-39-78-360,America/Los_Angeles,,,1.2825,1.0586111111111112,23,Wednesday,0,15,13.335
5e658e25f9af8b2865a5f4cf,0039,2020-02-19 23:51:24,2020-02-20 00:57:39,2020-02-20 00:57:41,6.007,2_39_78_361_2020-02-19 23:51:24.023678,0002,CA-493,2-39-78-361,America/Los_Angeles,000000431,"[{'WhPerMile': 300, 'kWhRequested': 15.0, 'milesRequested': 50, 'minutesAvailable': 149, 'modifiedAt': 'Wed, 19 Feb 2020 23:51:55 GMT', 'paymentRequired': True, 'requestedDeparture': 'Thu, 20 Feb 2020 02:20:24 GMT', 'userID': 431}]",1.1041666666666667,1.1047222222222222,23,Wednesday,0,15,90.10499999999999
5e658e25f9af8b2865a5f4d0,0039,2020-02-20 00:05:30,2020-02-20 07:08:00,2020-02-20 01:08:36,2.087,2_39_88_438_2020-02-20 00:05:29.747806,0002,CA-502,2-39-88-438,America/Los_Angeles,000001082,"[{'WhPerMile': 400, 'kWhRequested': 8.0, 'milesRequested': 20, 'minutesAvailable': 64, 'modifiedAt': 'Thu, 20 Feb 2020 00:05:46 GMT', 'paymentRequired': True, 'requestedDeparture': 'Thu, 20 Feb 2020 01:09:30 GMT', 'userID': 1082}]",7.041666666666667,1.0516666666666667,0,Thursday,0,15,31.305000000000003
5e658e25f9af8b2865a5f4d1,0039,2020-02-20 00:24:19,2020-02-20 01:59:37,2020-02-20 01:22:26,2.763,2_39_123_23_2020-02-20 00:24:18.513547,0002,CA-313,2-39-123-23,America/Los_Angeles,000001920,"[{'WhPerMile': 600, 'kWhRequested': 12.0, 'milesRequested': 20, 'minutesAvailable': 120, 'modifiedAt': 'Thu, 20 Feb 2020 00:24:47 GMT', 'paymentRequired': True, 'requestedDeparture': 'Thu, 20 Feb 2020 02:24:19 GMT', 'userID': 1920}, {'WhPerMile': 600, 'kWhRequested': 12.0, 'milesRequested': 20, 'minutesAvailable': 120, 'modifiedAt': 'Thu, 20 Feb 2020 00:24:56 GMT', 'paymentRequired': True, 'requestedDeparture': 'Thu, 20 Feb 2020 02:24:19 GMT', 'userID': 1920}, {'WhPerMile': 600, 'kWhRequested': 12.0, 'milesRequested': 20, 'minutesAvailable': 110, 'modifiedAt': 'Thu, 20 Feb 2020 00:25:05 GMT', 'paymentRequired': True, 'requestedDeparture': 'Thu, 20 Feb 2020 02:14:19 GMT', 'userID': 1920}]",1.5883333333333334,0.9686111111111111,0,Thursday,0,15,41.445
5e658e25f9af8b2865a5f4d2,0039,2020-02-20 01:36:31,2020-02-20 03:04:18,2020-02-20 03:02:44,9.223,2_39_78_367_2020-02-20 01:36:30.809100,0002,CA-494,2-39-78-367,America/Los_Angeles,000004701,"[{'WhPerMile': 300, 'kWhRequested': 15.0, 'milesRequested': 50, 'minutesAvailable': 174, 'modifiedAt': 'Thu, 20 Feb 2020 01:36:37 GMT', 'paymentRequired': True, 'requestedDeparture': 'Thu, 20 Feb 2020 04:30:31 GMT', 'userID': 4701}, {'WhPerMile': 300, 'kWhRequested': 15.0, 'milesRequested': 50, 'minutesAvailable': 174, 'modifiedAt': 'Thu, 20 Feb 2020 03:02:34 GMT', 'paymentRequired': True, 'requestedDeparture': 'Thu, 20 Feb 2020 04:30:31 GMT', 'userID': 4701}]",1.4630555555555556,1.4369444444444444,1,Thursday,0,15,138.345
5e658e25f9af8b2865a5f4d3,0039,2020-02-20 02:55:53,2020-02-20 04:27:46,2020-02-20 04:27:42,6.529,2_39_131_30_2020-02-20 02:55:53.088727,0002,CA-305,2-39-131-30,America/Los_Angeles,000001564,"[{'WhPerMile': 300, 'kWhRequested': 12.0, 'milesRequested': 40, 'minutesAvailable': 139, 'modifiedAt': 'Thu, 20 Feb 2020 02:56:09 GMT', 'paymentRequired': True, 'requestedDeparture': 'Thu, 20 Feb 2020 05:14:53 GMT', 'userID': 1564}]",1.531388888888889,1.5302777777777778,2,Thursday,0,15,97.935
5e658e25f9af8b2865a5f4d4,0039,2020-02-20 03:07:48,2020-02-20 05:16:20,2020-02-20 03:37:57,0.847,2_39_129_17_2020-02-20 03:07:48.487996,0002,CA-307,2-39-129-17,America/Los_Angeles,,,2.1422222222222222,0.5025,3,Thursday,0,15,12.705
5e658e25f9af8b2865a5f4d5,0039,2020-02-20 04:21:12,2020-02-20 17:53:34,2020-02-20 06:22:49,6.405,2_39_127_19_2020-02-20 04:21:11.669226,0002,CA-309,2-39-127-19,America/Los_Angeles,000001410,"[{'WhPerMile': 400, 'kWhRequested': 12.0, 'milesRequested': 30, 'minutesAvailable': 720, 'modifiedAt': 'Thu, 20 Feb 2020 04:21:17 GMT', 'paymentRequired': True, 'requestedDeparture': 'Thu, 20 Feb 2020 16:21:12 GMT', 'userID': 1410}]",13.539444444444445,2.0269444444444447,4,Thursday,0,15,96.075
5e658e4ef9af8b2865a5f4d7,0039,2020-02-20 15:55:01,2020-02-21 01:34:35,2020-02-20 17:50:54,0.928,2_39_78_366_2020-02-20 15:55:01.085174,0002,CA-323,2-39-78-366,America/Los_Angeles,,,9.659444444444444,1.9313888888888888,15,Thursday,0,15,13.92
5e658e4ef9af8b2865a5f4d8,0039,2020-02-20 15:57:22,2020-02-21 00:44:22,2020-02-20 17:58:05,6.392,2_39_79_377_2020-02-20 15:57:22.324140,0002,CA-325,2-39-79-377,America/Los_Angeles,000001124,"[{'WhPerMile': 400, 'kWhRequested': 8.0, 'milesRequested': 20, 'minutesAvailable': 60, 'modifiedAt': 'Thu, 20 Feb 2020 15:58:01 GMT', 'paymentRequired': True, 'requestedDeparture': 'Thu, 20 Feb 2020 16:57:22 GMT', 'userID': 1124}]",8.783333333333333,2.0119444444444445,15,Thursday,0,15,95.88000000000001
5e658e4ef9af8b2865a5f4d9,0039,2020-02-20 16:29:05,2020-02-21 00:47:00,2020-02-20 18:16:55,9.303,2_39_79_383_2020-02-20 16:29:05.231468,0002,CA-492,2-39-79-383,America/Los_Angeles,000001470,"[{'WhPerMile': 292, 'kWhRequested': 11.68, 'milesRequested': 40, 'minutesAvailable': 424, 'modifiedAt': 'Thu, 20 Feb 2020 16:29:27 GMT', 'paymentRequired': True, 'requestedDeparture': 'Thu, 20 Feb 2020 23:33:05 GMT', 'userID': 1470}]",8.29861111111111,1.7972222222222223,16,Thursday,0,15,139.54500000000002
5e658e4ef9af8b2865a5f4da,0039,2020-02-20 16:29:28,2020-02-20 22:07:16,2020-02-20 17:33:38,5.85,2_39_89_25_2020-02-20 16:29:28.419146,0002,CA-315,2-39-89-25,America/Los_Angeles,000000431,"[{'WhPerMile': 300, 'kWhRequested': 15.0, 'milesRequested': 50, 'minutesAvailable': 149, 'modifiedAt': 'Thu, 20 Feb 2020 16:30:00 GMT', 'paymentRequired': True, 'requestedDeparture': 'Thu, 20 Feb 2020 18:58:28 GMT', 'userID': 431}]",5.63,1.0694444444444444,16,Thursday,0,15,87.75
5e658e4ef9af8b2865a5f4db,0039,2020-02-20 16:31:44,2020-02-21 02:10:22,2020-02-20 23:49:45,43.53,2_39_131_30_2020-02-20 16:31:44.500625,0002,CA-305,2-39-131-30,America/Los_Angeles,000000489,"[{'WhPerMile': 428, 'kWhRequested': 102.72, 'milesRequested': 240, 'minutesAvailable': 522, 'modifiedAt': 'Thu, 20 Feb 2020 16:32:06 GMT', 'paymentRequired': True, 'requestedDeparture': 'Fri, 21 Feb 2020 01:13:44 GMT', 'userID': 489}, {'WhPerMile': 428, 'kWhRequested': 102.72, 'milesRequested': 240, 'minutesAvailable': 494, 'modifiedAt': 'Thu, 20 Feb 2020 16:32:12 GMT', 'paymentRequired': True, 'requestedDeparture': 'Fri, 21 Feb 2020 00:45:44 GMT', 'userID': 489}, {'WhPerMile': 428, 'kWhRequested': 102.72, 'milesRequested': 240, 'minutesAvailable': 494, 'modifiedAt': 'Thu, 20 Feb 2020 16:35:28 GMT', 'paymentRequired': True, 'requestedDeparture': 'Fri, 21 Feb 2020 00:45:44 GMT', 'userID': 489}]",9.643888888888888,7.300277777777778,16,Thursday,0,15,652.95
5e658e4ef9af8b2865a5f4dc,0039,2020-02-20 16:33:12,2020-02-20 21:36:38,2020-02-20 18:10:20,4.41,2_39_79_382_2020-02-20 16:33:12.388024,0002,CA-491,2-39-79-382,America/Los_Angeles,000004701,"[{'WhPerMile': 300, 'kWhRequested': 15.0, 'milesRequested': 50, 'minutesAvailable': 405, 'modifiedAt': 'Thu, 20 Feb 2020 16:33:21 GMT', 'paymentRequired': True, 'requestedDeparture': 'Thu, 20 Feb 2020 23:18:12 GMT', 'userID': 4701}]",5.057222222222222,1.6188888888888888,16,Thursday,0,15,66.15
5e658e4ef9af8b2865a5f4dd,0039,2020-02-20 16:35:00,2020-02-21 01:32:54,2020-02-20 18:55:05,13.074,2_39_95_27_2020-02-20 16:34:59.582902,0002,CA-319,2-39-95-27,America/Los_Angeles,000001153,"[{'WhPerMile': 600, 'kWhRequested': 24.0, 'milesRequested': 40, 'minutesAvailable': 434, 'modifiedAt': 'Thu, 20 Feb 2020 16:35:28 GMT', 'paymentRequired': True, 'requestedDeparture': 'Thu, 20 Feb 2020 23:49:00 GMT', 'userID': 1153}]",8.965,2.334722222222222,16,Thursday,0,15,196.10999999999999
5e658e4ef9af8b2865a5f4de,0039,2020-02-20 16:39:54,2020-02-20 23:25:31,2020-02-20 22:18:06,13.863,2_39_78_365_2020-02-20 16:39:53.661291,0002,CA-321,2-39-78-365,America/Los_Angeles,000000068,"[{'WhPerMile': 214, 'kWhRequested': 17.12, 'milesRequested': 80, 'minutesAvailable': 303, 'modifiedAt': 'Thu, 20 Feb 2020 16:40:21 GMT', 'paymentRequired': True, 'requestedDeparture': 'Thu, 20 Feb 2020 21:42:54 GMT', 'userID': 68}]",6.760277777777778,5.636666666666667,16,Thursday,0,15,207.945
5e658e4ef9af8b2865a5f4df,0039,2020-02-20 16:40:11,2020-02-21 01:51:38,2020-02-20 22:48:15,0.968,2_39_124_558_2020-02-20 16:40:11.417578,0002,CA-504,2-39-124-558,America/Los_Angeles,,,9.190833333333334,6.134444444444444,16,Thursday,0,15,14.52
5e658e4ef9af8b2865a5f4e0,0039,2020-02-20 16:56:36,2020-02-21 03:00:15,2020-02-20 18:37:36,5.142,2_39_125_21_2020-02-20 16:56:35.729292,0002,CA-311,2-39-125-21,America/Los_Angeles,000000562,"[{'WhPerMile': 325, 'kWhRequested': 6.5, 'milesRequested': 20, 'minutesAvailable': 188, 'modifiedAt': 'Thu, 20 Feb 2020 16:56:57 GMT', 'paymentRequired': True, 'requestedDeparture': 'Thu, 20 Feb 2020 20:04:36 GMT', 'userID': 562}]",10.060833333333333,1.6833333333333333,16,Thursday,0,15,77.13000000000001
5e658e4ef9af8b2865a5f4e1,0039,2020-02-20 16:57:44,2020-02-20 17:54:52,2020-02-20 17:54:46,5.521,2_39_130_31_2020-02-20 16:57:43.580771,0002,CA-306,2-39-130-31,America/Los_Angeles,000001938,"[{'WhPerMile': 400, 'kWhRequested': 16.0, 'milesRequested': 40, 'minutesAvailable': 141, 'modifiedAt': 'Thu, 20 Feb 2020 16:58:04 GMT', 'paymentRequired': True, 'requestedDeparture': 'Thu, 20 Feb 2020 19:18:44 GMT', 'userID': 1938}]",0.9522222222222222,0.9505555555555556,16,Thursday,0,15,82.815
5e658e4ef9af8b2865a5f4e2,0039,2020-02-20 17:07:29,2020-02-21 01:59:20,2020-02-21 00:19:21,0.834,2_39_89_439_2020-02-20 17:07:29.260108,0002,CA-501,2-39-89-439,America/Los_Angeles,,,8.864166666666666,7.197777777777778,17,Thursday,0,15,12.51
5e658e4ef9af8b2865a5f4e3,0039,2020-02-20 17:19:14,2020-02-20 23:38:47,2020-02-20 22:47:02,11.92,2_39_78_360_2020-02-20 17:19:14.331545,0002,CA-322,2-39-78-360,America/Los_Angeles,000002461,"[{'WhPerMile': 400, 'kWhRequested': 12.0, 'milesRequested': 30, 'minutesAvailable': 273, 'modifiedAt': 'Thu, 20 Feb 2020 17:26:35 GMT', 'paymentRequired': True, 'requestedDeparture': 'Thu, 20 Feb 2020 21:52:14 GMT', 'userID': 2461}]",6.325833333333334,5.463333333333333,17,Thursday,0,15,178.8
5e658e4ef9af8b2865a5f4e4,0039,2020-02-20 17:19:16,2020-02-21 02:19:39,2020-02-21 02:20:39,32.244,2_39_78_362_2020-02-20 17:19:15.847680,0002,CA-496,2-39-78-362,America/Los_Angeles,000000564,"[{'WhPerMile': 231, 'kWhRequested': 32.34, 'milesRequested': 140, 'minutesAvailable': 550, 'modifiedAt': 'Thu, 20 Feb 2020 17:20:10 GMT', 'paymentRequired': True, 'requestedDeparture': 'Fri, 21 Feb 2020 02:29:16 GMT', 'userID': 564}]",9.006388888888889,9.023055555555555,17,Thursday,0,15,483.65999999999997
5e658e4ef9af8b2865a5f4e5,0039,2020-02-20 17:33:20,2020-02-21 01:20:45,2020-02-20 19:33:19,6.497,2_39_78_367_2020-02-20 17:33:20.112762,0002,CA-494,2-39-78-367,America/Los_Angeles,000005368,"[{'WhPerMile': 400, 'kWhRequested': 8.0, 'milesRequested': 20, 'minutesAvailable': 73, 'modifiedAt': 'Thu, 20 Feb 2020 17:36:44 GMT', 'paymentRequired': True, 'requestedDeparture': 'Thu, 20 Feb 2020 18:46:20 GMT', 'userID': 5368}]",7.790277777777778,1.9997222222222222,17,Thursday,0,15,97.455
5e658e4ef9af8b2865a5f4e6,0039,2020-02-20 17:46:22,2020-02-20 19:40:11,2020-02-20 19:40:07,12.134,2_39_123_23_2020-02-20 17:46:22.031289,0002,CA-313,2-39-123-23,America/Los_Angeles,000001912,"[{'WhPerMile': 400, 'kWhRequested': 20.0, 'milesRequested': 50, 'minutesAvailable': 392, 'modifiedAt': 'Thu, 20 Feb 2020 17:46:36 GMT', 'paymentRequired': True, 'requestedDeparture': 'Fri, 21 Feb 2020 00:18:22 GMT', 'userID': 1912}]",1.8969444444444445,1.8958333333333333,17,Thursday,0,15,182.01
5e658e4ef9af8b2865a5f4e7,0039,2020-02-20 17:54:33,2020-02-21 00:38:13,2020-02-20 21:15:38,14.696,2_39_79_380_2020-02-20 17:54:32.731299,0002,CA-489,2-39-79-380,America/Los_Angeles,000001137,"[{'WhPerMile': 400, 'kWhRequested': 36.0, 'milesRequested': 90, 'minutesAvailable': 388, 'modifiedAt': 'Thu, 20 Feb 2020 17:54:53 GMT', 'paymentRequired': True, 'requestedDeparture': 'Fri, 21 Feb 2020 00:22:33 GMT', 'userID': 1137}]",6.727777777777778,3.3513888888888888,17,Thursday,0,15,220.44
5e658e4ef9af8b2865a5f4e8,0039,2020-02-20 17:56:09,2020-02-20 20:00:36,2020-02-20 18:50:15,4.709,2_39_127_19_2020-02-20 17:56:09.058849,0002,CA-309,2-39-127-19,America/Los_Angeles,000000798,"[{'WhPerMile': 400, 'kWhRequested': 12.0, 'milesRequested': 30, 'minutesAvailable': 96, 'modifiedAt': 'Thu, 20 Feb 2020 17:56:25 GMT', 'paymentRequired': True, 'requestedDeparture': 'Thu, 20 Feb 2020 19:32:09 GMT', 'userID': 798}]",2.0741666666666667,0.9016666666666666,17,Thursday,0,15,70.63499999999999
5e658e4ef9af8b2865a5f4e9,0039,2020-02-20 17:58:34,2020-02-21 00:18:53,2020-02-21 00:18:34,0.908,2_39_78_361_2020-02-20 17:58:34.045003,0002,CA-493,2-39-78-361,America/Los_Angeles,,,6.338611111111111,6.333333333333333,17,Thursday,0,15,13.620000000000001
5e658e4ef9af8b2865a5f4ea,0039,2020-02-20 17:59:49,2020-02-21 03:14:44,2020-02-20 19:49:41,11.228,2_39_95_444_2020-02-20 17:59:48.905859,0002,CA-497,2-39-95-444,America/Los_Angeles,000000558,"[{'WhPerMile': 400, 'kWhRequested': 24.0, 'milesRequested': 60, 'minutesAvailable': 60, 'modifiedAt': 'Thu, 20 Feb 2020 17:59:50 GMT', 'paymentRequired': True, 'requestedDeparture': 'Thu, 20 Feb 2020 18:59:49 GMT', 'userID': 558}]",9.248611111111112,1.8311111111111111,17,Thursday,0,15,168.42
5e658e4ef9af8b2865a5f4eb,0039,2020-02-20 18:00:26,2020-02-21 01:07:13,2020-02-20 20:05:06,4.387,2_39_92_436_2020-02-20 18:00:26.146186,0002,CA-318,2-39-92-436,America/Los_Angeles,000000620,"[{'WhPerMile': 400, 'kWhRequested': 12.0, 'milesRequested': 30, 'minutesAvailable': 395, 'modifiedAt': 'Thu, 20 Feb 2020 18:10:14 GMT', 'paymentRequired': True, 'requestedDeparture': 'Fri, 21 Feb 2020 00:35:26 GMT', 'userID': 620}]",7.1130555555555555,2.077777777777778,18,Thursday,0,15,65.80499999999999
5e658e4ef9af8b2865a5f4ec,0039,2020-02-20 18:13:45,2020-02-21 02:43:37,2020-02-20 19:30:39,4.004,2_39_91_437_2020-02-20 18:13:44.828543,0002,CA-317,2-39-91-437,America/Los_Angeles,000000567,"[{'WhPerMile': 400, 'kWhRequested': 8.0, 'milesRequested': 20, 'minutesAvailable': 434, 'modifiedAt': 'Thu, 20 Feb 2020 18:13:55 GMT', 'paymentRequired': True, 'requestedDeparture': 'Fri, 21 Feb 2020 01:27:45 GMT', 'userID': 567}]",8.497777777777777,1.2816666666666667,18,Thursday,0,15,60.059999999999995
5e658e4ef9af8b2865a5f4ed,0039,2020-02-20 18:21:46,2020-02-21 00:31:52,2020-02-20 19:44:07,7.884,2_39_92_442_2020-02-20 18:21:45.583364,0002,CA-498,2-39-92-442,America/Los_Angeles,000001095,"[{'WhPerMile': 400, 'kWhRequested': 16.0, 'milesRequested': 40, 'minutesAvailable': 342, 'modifiedAt': 'Thu, 20 Feb 2020 18:21:54 GMT', 'paymentRequired': True, 'requestedDeparture': 'Fri, 21 Feb 2020 00:03:46 GMT', 'userID': 1095}]",6.168333333333333,1.3725,18,Thursday,0,15,118.26
5e658e4ef9af8b2865a5f4ee,0039,2020-02-20 18:27:18,2020-02-21 02:11:52,2020-02-20 19:10:43,1.709,2_39_126_20_2020-02-20 18:27:18.494515,0002,CA-310,2-39-126-20,America/Los_Angeles,000000891,"[{'WhPerMile': 400, 'kWhRequested': 8.0, 'milesRequested': 20, 'minutesAvailable': 216, 'modifiedAt': 'Thu, 20 Feb 2020 18:27:23 GMT', 'paymentRequired': True, 'requestedDeparture': 'Thu, 20 Feb 2020 22:03:18 GMT', 'userID': 891}]",7.7427777777777775,0.7236111111111111,18,Thursday,0,15,25.635
5e658e4ef9af8b2865a5f4ef,0039,2020-02-20 18:29:13,2020-02-21 03:18:39,2020-02-20 20:50:21,6.407,2_39_88_438_2020-02-20 18:28:51.921421,0002,CA-502,2-39-88-438,America/Los_Angeles,000005594,"[{'WhPerMile': 360, 'kWhRequested': 7.2, 'milesRequested': 20, 'minutesAvailable': 350, 'modifiedAt': 'Thu, 20 Feb 2020 18:29:12 GMT', 'paymentRequired': True, 'requestedDeparture': 'Fri, 21 Feb 2020 00:19:13 GMT', 'userID': 5594}, {'WhPerMile': 360, 'kWhRequested': 7.2, 'milesRequested': 20, 'minutesAvailable': 350, 'modifiedAt': 'Thu, 20 Feb 2020 18:30:38 GMT', 'paymentRequired': True, 'requestedDeparture': 'Fri, 21 Feb 2020 00:19:13 GMT', 'userID': 5594}, {'WhPerMile': 360, 'kWhRequested': 7.2, 'milesRequested': 20, 'minutesAvailable': 353, 'modifiedAt': 'Thu, 20 Feb 2020 18:33:19 GMT', 'paymentRequired': True, 'requestedDeparture': 'Fri, 21 Feb 2020 00:22:13 GMT', 'userID': 5594}, {'WhPerMile': 360, 'kWhRequested': 7.2, 'milesRequested': 20, 'minutesAvailable': 198, 'modifiedAt': 'Thu, 20 Feb 2020 20:47:22 GMT', 'paymentRequired': True, 'requestedDeparture': 'Thu, 20 Feb 2020 21:47:13 GMT', 'userID': 5594}]",8.823888888888888,2.352222222222222,18,Thursday,0,15,96.105
5e658e4ef9af8b2865a5f4f0,0039,2020-02-20 18:33:32,2020-02-20 20:28:08,2020-02-20 20:28:04,12.54,2_39_90_26_2020-02-20 18:33:31.532515,0002,CA-316,2-39-90-26,America/Los_Angeles,000001039,"[{'WhPerMile': 400, 'kWhRequested': 80.0, 'milesRequested': 200, 'minutesAvailable': 327, 'modifiedAt': 'Thu, 20 Feb 2020 18:33:55 GMT', 'paymentRequired': True, 'requestedDeparture': 'Fri, 21 Feb 2020 00:00:32 GMT', 'userID': 1039}]",1.91,1.9088888888888889,18,Thursday,0,15,188.1
5e658e4ef9af8b2865a5f4f1,0039,2020-02-20 18:42:13,2020-02-21 01:19:55,2020-02-20 19:40:17,2.865,2_39_88_24_2020-02-20 18:42:13.416049,0002,CA-314,2-39-88-24,America/Los_Angeles,000002170,"[{'WhPerMile': 400, 'kWhRequested': 28.0, 'milesRequested': 70, 'minutesAvailable': 417, 'modifiedAt': 'Thu, 20 Feb 2020 18:42:23 GMT', 'paymentRequired': True, 'requestedDeparture': 'Fri, 21 Feb 2020 01:39:13 GMT', 'userID': 2170}]",6.628333333333333,0.9677777777777777,18,Thursday,0,15,42.975
5e658e4ef9af8b2865a5f4f2,0039,2020-02-20 19:01:33,2020-02-21 02:36:26,2020-02-21 02:36:24,10.326,2_39_78_363_2020-02-20 19:01:33.322160,0002,CA-320,2-39-78-363,America/Los_Angeles,000000714,"[{'WhPerMile': 400, 'kWhRequested': 32.0, 'milesRequested': 80, 'minutesAvailable': 449, 'modifiedAt': 'Thu, 20 Feb 2020 19:01:40 GMT', 'paymentRequired': True, 'requestedDeparture': 'Fri, 21 Feb 2020 02:30:33 GMT', 'userID': 714}, {'WhPerMile': 400, 'kWhRequested': 32.0, 'milesRequested': 80, 'minutesAvailable': 362, 'modifiedAt': 'Thu, 20 Feb 2020 19:01:57 GMT', 'paymentRequired': True, 'requestedDeparture': 'Fri, 21 Feb 2020 01:03:33 GMT', 'userID': 714}]",7.581388888888889,7.5808333333333335,19,Thursday,0,15,154.89000000000001
5e658e4ef9af8b2865a5f4f3,0039,2020-02-20 19:17:08,2020-02-21 05:36:30,2020-02-20 20:08:06,1.577,2_39_91_441_2020-02-20 19:17:08.455113,0002,CA-499,2-39-91-441,America/Los_Angeles,000000324,"[{'WhPerMile': 444, 'kWhRequested': 8.88, 'milesRequested': 20, 'minutesAvailable': 87, 'modifiedAt': 'Thu, 20 Feb 2020 19:17:28 GMT', 'paymentRequired': True, 'requestedDeparture': 'Thu, 20 Feb 2020 20:44:08 GMT', 'userID': 324}]",10.322777777777778,0.8494444444444444,19,Thursday,0,15,23.655
5e658e4ef9af8b2865a5f4f4,0039,2020-02-20 20:36:59,2020-02-21 00:10:33,2020-02-20 22:31:42,5.861,2_39_78_364_2020-02-20 20:36:59.207185,0002,CA-495,2-39-78-364,America/Los_Angeles,000001091,"[{'WhPerMile': 300, 'kWhRequested': 9.0, 'milesRequested': 30, 'minutesAvailable': 139, 'modifiedAt': 'Thu, 20 Feb 2020 20:37:15 GMT', 'paymentRequired': True, 'requestedDeparture': 'Thu, 20 Feb 2020 22:55:59 GMT', 'userID': 1091}]",3.5594444444444444,1.9119444444444444,20,Thursday,0,15,87.91499999999999
5e658e4ef9af8b2865a5f4f5,0039,2020-02-20 20:38:51,2020-02-21 00:53:13,2020-02-20 22:13:01,9.531,2_39_90_26_2020-02-20 20:38:50.983427,0002,CA-316,2-39-90-26,America/Los_Angeles,000001001,"[{'WhPerMile': 600, 'kWhRequested': 12.0, 'milesRequested': 20, 'minutesAvailable': 129, 'modifiedAt': 'Thu, 20 Feb 2020 20:39:05 GMT', 'paymentRequired': True, 'requestedDeparture': 'Thu, 20 Feb 2020 22:47:51 GMT', 'userID': 1001}]",4.239444444444445,1.5694444444444444,20,Thursday,0,15,142.965
5e658e4ef9af8b2865a5f4f6,0039,2020-02-20 21:00:28,2020-02-20 21:49:32,2020-02-20 21:49:27,5.444,2_39_124_22_2020-02-20 21:00:28.437137,0002,CA-312,2-39-124-22,America/Los_Angeles,000001039,"[{'WhPerMile': 400, 'kWhRequested': 80.0, 'milesRequested': 200, 'minutesAvailable': 327, 'modifiedAt': 'Thu, 20 Feb 2020 21:00:44 GMT', 'paymentRequired': True, 'requestedDeparture': 'Fri, 21 Feb 2020 02:27:28 GMT', 'userID': 1039}]",0.8177777777777778,0.8163888888888889,21,Thursday,0,15,81.66
5e658e4ef9af8b2865a5f4f7,0039,2020-02-20 21:04:30,2020-02-20 22:23:23,2020-02-20 22:23:15,4.14,2_39_127_19_2020-02-20 21:04:30.283128,0002,CA-309,2-39-127-19,America/Los_Angeles,000001236,"[{'WhPerMile': 400, 'kWhRequested': 8.0, 'milesRequested': 20, 'minutesAvailable': 67, 'modifiedAt': 'Thu, 20 Feb 2020 21:07:54 GMT', 'paymentRequired': True, 'requestedDeparture': 'Thu, 20 Feb 2020 22:11:30 GMT', 'userID': 1236}]",1.3147222222222221,1.3125,21,Thursday,0,15,62.099999999999994
5e658e4ef9af8b2865a5f4f8,0039,2020-02-20 21:32:36,2020-02-21 02:32:43,2020-02-21 02:32:34,25.708,2_39_123_23_2020-02-20 21:32:35.527577,0002,CA-313,2-39-123-23,America/Los_Angeles,000003270,"[{'WhPerMile': 200, 'kWhRequested': 40.0, 'milesRequested': 200, 'minutesAvailable': 470, 'modifiedAt': 'Thu, 20 Feb 2020 22:39:29 GMT', 'paymentRequired': True, 'requestedDeparture': 'Fri, 21 Feb 2020 05:22:36 GMT', 'userID': 3270}, {'WhPerMile': 200, 'kWhRequested': 40.0, 'milesRequested': 200, 'minutesAvailable': 63, 'modifiedAt': 'Thu, 20 Feb 2020 22:43:20 GMT', 'paymentRequired': True, 'requestedDeparture': 'Thu, 20 Feb 2020 22:35:36 GMT', 'userID': 3270}]",5.001944444444445,4.999444444444444,21,Thursday,0,15,385.62
5e658e4ef9af8b2865a5f4f9,0039,2020-02-20 21:46:47,2020-02-20 23:05:29,2020-02-20 23:06:27,0.842,2_39_79_376_2020-02-20 21:46:47.121842,0002,CA-324,2-39-79-376,America/Los_Angeles,,,1.3116666666666668,1.3277777777777777,21,Thursday,0,15,12.629999999999999
5e658e4ef9af8b2865a5f4fa,0039,2020-02-20 22:56:30,2020-02-21 02:27:32,2020-02-21 00:59:07,7.768,2_39_79_382_2020-02-20 22:56:30.169093,0002,CA-491,2-39-79-382,America/Los_Angeles,000004701,"[{'WhPerMile': 300, 'kWhRequested': 15.0, 'milesRequested': 50, 'minutesAvailable': 206, 'modifiedAt': 'Thu, 20 Feb 2020 22:56:39 GMT', 'paymentRequired': True, 'requestedDeparture': 'Fri, 21 Feb 2020 02:22:30 GMT', 'userID': 4701}, {'WhPerMile': 300, 'kWhRequested': 15.0, 'milesRequested': 50, 'minutesAvailable': 206, 'modifiedAt': 'Fri, 21 Feb 2020 02:27:28 GMT', 'paymentRequired': True, 'requestedDeparture': 'Fri, 21 Feb 2020 02:22:30 GMT', 'userID': 4701}]",3.5172222222222222,2.0436111111111113,22,Thursday,0,15,116.52
5e658e4ef9af8b2865a5f4fb,0039,2020-02-20 23:06:00,2020-02-20 23:58:09,2020-02-20 23:36:35,0.868,2_39_79_376_2020-02-20 23:05:59.694144,0002,CA-324,2-39-79-376,America/Los_Angeles,,,0.8691666666666666,0.5097222222222222,23,Thursday,0,15,13.02
5e658e4ef9af8b2865a5f4fc,0039,2020-02-20 23:46:53,2020-02-21 01:23:09,2020-02-21 00:18:11,0.894,2_39_127_19_2020-02-20 23:46:52.634749,0002,CA-309,2-39-127-19,America/Los_Angeles,,,1.6044444444444443,0.5216666666666666,23,Thursday,0,15,13.41
5e658e4ef9af8b2865a5f4fd,0039,2020-02-21 00:00:00,2020-02-21 04:22:45,2020-02-21 00:48:54,2.2,2_39_78_365_2020-02-21 00:00:00.160360,0002,CA-321,2-39-78-365,America/Los_Angeles,000001920,"[{'WhPerMile': 600, 'kWhRequested': 12.0, 'milesRequested': 20, 'minutesAvailable': 110, 'modifiedAt': 'Fri, 21 Feb 2020 00:00:39 GMT', 'paymentRequired': True, 'requestedDeparture': 'Fri, 21 Feb 2020 01:50:00 GMT', 'userID': 1920}]",4.379166666666666,0.815,0,Friday,0,15,33.0
5e658e4ef9af8b2865a5f4fe,0039,2020-02-21 00:36:20,2020-02-21 00:56:53,2020-02-21 00:56:51,0.585,2_39_78_361_2020-02-21 00:36:20.101722,0002,CA-493,2-39-78-361,America/Los_Angeles,,,0.3425,0.34194444444444444,0,Friday,0,15,8.774999999999999
5e658e4ef9af8b2865a5f4ff,0039,2020-02-21 01:46:10,2020-02-21 03:07:52,2020-02-21 02:16:31,0.865,2_39_95_27_2020-02-21 01:46:10.305852,0002,CA-319,2-39-95-27,America/Los_Angeles,,,1.3616666666666666,0.5058333333333334,1,Friday,0,15,12.975
5e658e4ef9af8b2865a5f500,0039,2020-02-21 03:54:47,2020-02-21 05:45:15,2020-02-21 05:43:01,6.065,2_39_139_28_2020-02-21 03:54:47.449335,0002,CA-303,2-39-139-28,America/Los_Angeles,000001263,"[{'WhPerMile': 400, 'kWhRequested': 8.0, 'milesRequested': 20, 'minutesAvailable': 115, 'modifiedAt': 'Fri, 21 Feb 2020 03:55:04 GMT', 'paymentRequired': True, 'requestedDeparture': 'Fri, 21 Feb 2020 05:49:47 GMT', 'userID': 1263}]",1.8411111111111111,1.8038888888888889,3,Friday,0,15,90.97500000000001
5e658e4ef9af8b2865a5f501,0039,2020-02-21 04:31:19,2020-02-21 05:43:42,2020-02-21 05:43:37,4.036,2_39_127_19_2020-02-21 04:31:19.037217,0002,CA-309,2-39-127-19,America/Los_Angeles,000004622,"[{'WhPerMile': 300, 'kWhRequested': 6.0, 'milesRequested': 20, 'minutesAvailable': 61, 'modifiedAt': 'Fri, 21 Feb 2020 04:31:31 GMT', 'paymentRequired': True, 'requestedDeparture': 'Fri, 21 Feb 2020 05:32:19 GMT', 'userID': 4622}]",1.206388888888889,1.205,4,Friday,0,15,60.53999999999999
5e658e77f9af8b2865a5f502,0039,2020-02-21 15:02:07,2020-02-21 17:21:49,2020-02-21 16:56:19,5.776,2_39_89_25_2020-02-21 15:02:06.701952,0002,CA-315,2-39-89-25,America/Los_Angeles,000000743,"[{'WhPerMile': 400, 'kWhRequested': 8.0, 'milesRequested': 20, 'minutesAvailable': 443, 'modifiedAt': 'Fri, 21 Feb 2020 15:02:33 GMT', 'paymentRequired': True, 'requestedDeparture': 'Fri, 21 Feb 2020 22:25:07 GMT', 'userID': 743}]",2.328333333333333,1.9033333333333333,15,Friday,0,15,86.64
5e658e77f9af8b2865a5f503,0039,2020-02-21 15:55:59,2020-02-21 17:24:11,2020-02-21 16:26:58,0.837,2_39_79_380_2020-02-21 15:55:58.860842,0002,CA-489,2-39-79-380,America/Los_Angeles,,,1.47,0.5163888888888889,15,Friday,0,15,12.555
5e658e77f9af8b2865a5f504,0039,2020-02-21 16:01:54,2020-02-22 01:09:51,2020-02-21 23:33:16,15.362,2_39_78_366_2020-02-21 16:01:54.217678,0002,CA-323,2-39-78-366,America/Los_Angeles,000003853,"[{'WhPerMile': 360, 'kWhRequested': 21.6, 'milesRequested': 60, 'minutesAvailable': 405, 'modifiedAt': 'Fri, 21 Feb 2020 16:02:12 GMT', 'paymentRequired': True, 'requestedDeparture': 'Fri, 21 Feb 2020 22:46:54 GMT', 'userID': 3853}]",9.1325,7.522777777777778,16,Friday,0,15,230.43
5e658e77f9af8b2865a5f505,0039,2020-02-21 16:09:09,2020-02-21 21:55:24,2020-02-21 17:27:26,3.645,2_39_131_30_2020-02-21 16:09:08.924901,0002,CA-305,2-39-131-30,America/Los_Angeles,000001564,"[{'WhPerMile': 300, 'kWhRequested': 12.0, 'milesRequested': 40, 'minutesAvailable': 139, 'modifiedAt': 'Fri, 21 Feb 2020 16:09:24 GMT', 'paymentRequired': True, 'requestedDeparture': 'Fri, 21 Feb 2020 18:28:09 GMT', 'userID': 1564}]",5.770833333333333,1.3047222222222221,16,Friday,0,15,54.675
5e658e77f9af8b2865a5f506,0039,2020-02-21 16:15:37,2020-02-21 22:56:59,2020-02-21 17:59:35,5.742,2_39_129_17_2020-02-21 16:15:37.453973,0002,CA-307,2-39-129-17,America/Los_Angeles,000004947,"[{'WhPerMile': 380, 'kWhRequested': 7.6, 'milesRequested': 20, 'minutesAvailable': 414, 'modifiedAt': 'Fri, 21 Feb 2020 16:17:08 GMT', 'paymentRequired': True, 'requestedDeparture': 'Fri, 21 Feb 2020 23:09:37 GMT', 'userID': 4947}]",6.689444444444445,1.7327777777777778,16,Friday,0,15,86.13
5e658e77f9af8b2865a5f507,0039,2020-02-21 16:29:44,2020-02-21 22:13:45,2020-02-21 18:56:42,0.909,2_39_79_381_2020-02-21 16:29:43.742994,0002,CA-490,2-39-79-381,America/Los_Angeles,,,5.733611111111111,2.4494444444444445,16,Friday,0,15,13.635
5e658e77f9af8b2865a5f508,0039,2020-02-21 16:30:02,2020-02-22 00:45:15,2020-02-22 00:44:59,19.876,2_39_79_382_2020-02-21 16:30:02.490523,0002,CA-491,2-39-79-382,America/Los_Angeles,000001154,"[{'WhPerMile': 400, 'kWhRequested': 20.0, 'milesRequested': 50, 'minutesAvailable': 447, 'modifiedAt': 'Fri, 21 Feb 2020 16:30:48 GMT', 'paymentRequired': True, 'requestedDeparture': 'Fri, 21 Feb 2020 23:57:02 GMT', 'userID': 1154}]",8.25361111111111,8.249166666666667,16,Friday,0,15,298.14000000000004
5e658e77f9af8b2865a5f509,0039,2020-02-21 16:30:20,2020-02-21 18:07:44,2020-02-21 17:01:15,0.779,2_39_79_379_2020-02-21 16:30:19.612354,0002,CA-327,2-39-79-379,America/Los_Angeles,000006097,"[{'WhPerMile': 400, 'kWhRequested': 8.0, 'milesRequested': 20, 'minutesAvailable': 84, 'modifiedAt': 'Fri, 21 Feb 2020 17:47:48 GMT', 'paymentRequired': True, 'requestedDeparture': 'Fri, 21 Feb 2020 17:54:20 GMT', 'userID': 6097}]",1.6233333333333333,0.5152777777777777,16,Friday,0,15,11.685
5e658e77f9af8b2865a5f50a,0039,2020-02-21 16:33:36,2020-02-21 19:44:24,2020-02-21 16:52:18,1.142,2_39_79_377_2020-02-21 16:33:36.189206,0002,CA-325,2-39-79-377,America/Los_Angeles,000000751,"[{'WhPerMile': 400, 'kWhRequested': 28.0, 'milesRequested': 70, 'minutesAvailable': 720, 'modifiedAt': 'Fri, 21 Feb 2020 16:33:48 GMT', 'paymentRequired': True, 'requestedDeparture': 'Sat, 22 Feb 2020 04:33:36 GMT', 'userID': 751}]",3.18,0.31166666666666665,16,Friday,0,15,17.13
5e658e77f9af8b2865a5f50b,0039,2020-02-21 16:35:34,2020-02-22 00:47:16,2020-02-22 00:30:04,13.824,2_39_78_367_2020-02-21 16:35:34.345174,0002,CA-494,2-39-78-367,America/Los_Angeles,000001470,"[{'WhPerMile': 292, 'kWhRequested': 17.52, 'milesRequested': 60, 'minutesAvailable': 424, 'modifiedAt': 'Fri, 21 Feb 2020 16:36:04 GMT', 'paymentRequired': True, 'requestedDeparture': 'Fri, 21 Feb 2020 23:39:34 GMT', 'userID': 1470}]",8.195,7.908333333333333,16,Friday,0,15,207.35999999999999
5e658e77f9af8b2865a5f50c,0039,2020-02-21 16:39:18,2020-02-22 01:26:14,2020-02-21 17:04:32,0.829,2_39_138_29_2020-02-21 16:39:18.013391,0002,CA-304,2-39-138-29,America/Los_Angeles,000001366,"[{'WhPerMile': 400, 'kWhRequested': 8.0, 'milesRequested': 20, 'minutesAvailable': 60, 'modifiedAt': 'Fri, 21 Feb 2020 16:41:19 GMT', 'paymentRequired': True, 'requestedDeparture': 'Fri, 21 Feb 2020 17:39:18 GMT', 'userID': 1366}]",8.782222222222222,0.42055555555555557,16,Friday,0,15,12.434999999999999
5e658e77f9af8b2865a5f50d,0039,2020-02-21 16:40:57,2020-02-22 02:43:45,2020-02-21 19:18:18,8.879,2_39_127_19_2020-02-21 16:40:57.240411,0002,CA-309,2-39-127-19,America/Los_Angeles,000000712,"[{'WhPerMile': 400, 'kWhRequested': 24.0, 'milesRequested': 60, 'minutesAvailable': 416, 'modifiedAt': 'Fri, 21 Feb 2020 16:40:58 GMT', 'paymentRequired': True, 'requestedDeparture': 'Fri, 21 Feb 2020 23:36:57 GMT', 'userID': 712}]",10.046666666666667,2.6225,16,Friday,0,15,133.185
5e658e77f9af8b2865a5f50e,0039,2020-02-21 16:41:22,2020-02-21 23:32:07,2020-02-21 18:27:45,4.434,2_39_79_383_2020-02-21 16:41:21.701929,0002,CA-492,2-39-79-383,America/Los_Angeles,000004701,"[{'WhPerMile': 300, 'kWhRequested': 9.0, 'milesRequested': 30, 'minutesAvailable': 206, 'modifiedAt': 'Fri, 21 Feb 2020 16:41:29 GMT', 'paymentRequired': True, 'requestedDeparture': 'Fri, 21 Feb 2020 20:07:22 GMT', 'userID': 4701}]",6.845833333333333,1.7730555555555556,16,Friday,0,15,66.51
5e658e77f9af8b2865a5f50f,0039,2020-02-21 16:41:45,2020-02-22 03:47:16,2020-02-21 18:18:25,5.092,2_39_130_31_2020-02-21 16:41:44.981480,0002,CA-306,2-39-130-31,America/Los_Angeles,000000562,"[{'WhPerMile': 325, 'kWhRequested': 6.5, 'milesRequested': 20, 'minutesAvailable': 188, 'modifiedAt': 'Fri, 21 Feb 2020 16:42:58 GMT', 'paymentRequired': True, 'requestedDeparture': 'Fri, 21 Feb 2020 19:49:45 GMT', 'userID': 562}]",11.091944444444444,1.6111111111111112,16,Friday,0,15,76.38
5e658e77f9af8b2865a5f510,0039,2020-02-21 16:45:11,2020-02-21 23:52:21,2020-02-21 23:43:36,12.955,2_39_91_441_2020-02-21 16:45:10.611767,0002,CA-499,2-39-91-441,America/Los_Angeles,000002149,"[{'WhPerMile': 250, 'kWhRequested': 15.0, 'milesRequested': 60, 'minutesAvailable': 333, 'modifiedAt': 'Fri, 21 Feb 2020 16:45:30 GMT', 'paymentRequired': True, 'requestedDeparture': 'Fri, 21 Feb 2020 22:18:11 GMT', 'userID': 2149}]",7.1194444444444445,6.973611111111111,16,Friday,0,15,194.325
5e658e77f9af8b2865a5f511,0039,2020-02-21 16:54:58,2020-02-21 17:43:54,2020-02-21 17:27:55,2.882,2_39_95_27_2020-02-21 16:54:44.970194,0002,CA-319,2-39-95-27,America/Los_Angeles,000002461,"[{'WhPerMile': 400, 'kWhRequested': 12.0, 'milesRequested': 30, 'minutesAvailable': 273, 'modifiedAt': 'Fri, 21 Feb 2020 16:54:58 GMT', 'paymentRequired': True, 'requestedDeparture': 'Fri, 21 Feb 2020 21:27:58 GMT', 'userID': 2461}]",0.8155555555555556,0.5491666666666667,16,Friday,0,15,43.230000000000004
5e658e77f9af8b2865a5f512,0039,2020-02-21 17:06:07,2020-02-21 17:24:21,2020-02-21 17:24:17,0.515,2_39_78_365_2020-02-21 17:06:07.042278,0002,CA-321,2-39-78-365,America/Los_Angeles,,,0.3038888888888889,0.30277777777777776,17,Friday,0,15,7.7250000000000005
5e658e77f9af8b2865a5f513,0039,2020-02-21 17:08:21,2020-02-22 02:43:46,2020-02-21 18:59:16,5.961,2_39_125_21_2020-02-21 17:08:21.091769,0002,CA-311,2-39-125-21,America/Los_Angeles,000000567,"[{'WhPerMile': 400, 'kWhRequested': 8.0, 'milesRequested': 20, 'minutesAvailable': 434, 'modifiedAt': 'Fri, 21 Feb 2020 17:08:30 GMT', 'paymentRequired': True, 'requestedDeparture': 'Sat, 22 Feb 2020 00:22:21 GMT', 'userID': 567}]",9.590277777777779,1.8486111111111112,17,Friday,0,15,89.415
5e658e77f9af8b2865a5f514,0039,2020-02-21 17:17:52,2020-02-21 23:38:59,2020-02-21 20:46:58,11.507,2_39_78_361_2020-02-21 17:17:52.019439,0002,CA-493,2-39-78-361,America/Los_Angeles,000000671,"[{'WhPerMile': 267, 'kWhRequested': 26.7, 'milesRequested': 100, 'minutesAvailable': 198, 'modifiedAt': 'Fri, 21 Feb 2020 17:30:11 GMT', 'paymentRequired': True, 'requestedDeparture': 'Fri, 21 Feb 2020 20:35:52 GMT', 'userID': 671}, {'WhPerMile': 267, 'kWhRequested': 26.7, 'milesRequested': 100, 'minutesAvailable': 280, 'modifiedAt': 'Fri, 21 Feb 2020 17:30:31 GMT', 'paymentRequired': True, 'requestedDeparture': 'Fri, 21 Feb 2020 21:57:52 GMT', 'userID': 671}]",6.351944444444444,3.485,17,Friday,0,15,172.605
5e658e77f9af8b2865a5f515,0039,2020-02-21 17:21:26,2020-02-22 00:27:02,2020-02-21 19:23:12,5.349,2_39_124_22_2020-02-21 17:21:26.182074,0002,CA-312,2-39-124-22,America/Los_Angeles,000000620,"[{'WhPerMile': 400, 'kWhRequested': 12.0, 'milesRequested': 30, 'minutesAvailable': 458, 'modifiedAt': 'Fri, 21 Feb 2020 17:21:52 GMT', 'paymentRequired': True, 'requestedDeparture': 'Sat, 22 Feb 2020 00:59:26 GMT', 'userID': 620}]",7.093333333333334,2.0294444444444446,17,Friday,0,15,80.235
5e658e77f9af8b2865a5f516,0039,2020-02-21 17:22:16,2020-02-21 21:43:38,2020-02-21 21:44:38,6.409,2_39_78_362_2020-02-21 17:22:02.709392,0002,CA-496,2-39-78-362,America/Los_Angeles,000005368,"[{'WhPerMile': 400, 'kWhRequested': 8.0, 'milesRequested': 20, 'minutesAvailable': 73, 'modifiedAt': 'Fri, 21 Feb 2020 17:22:15 GMT', 'paymentRequired': True, 'requestedDeparture': 'Fri, 21 Feb 2020 18:35:16 GMT', 'userID': 5368}]",4.356111111111111,4.372777777777777,17,Friday,0,15,96.13499999999999
5e658e77f9af8b2865a5f517,0039,2020-02-21 17:23:50,2020-02-21 19:10:06,2020-02-21 17:54:45,0.837,2_39_91_437_2020-02-21 17:23:49.902703,0002,CA-317,2-39-91-437,America/Los_Angeles,,,1.771111111111111,0.5152777777777777,17,Friday,0,15,12.555
5e658e77f9af8b2865a5f518,0039,2020-02-21 17:32:02,2020-02-22 00:51:36,2020-02-21 21:51:34,16.229,2_39_78_365_2020-02-21 17:32:02.252375,0002,CA-321,2-39-78-365,America/Los_Angeles,000002961,"[{'WhPerMile': 225, 'kWhRequested': 22.5, 'milesRequested': 100, 'minutesAvailable': 459, 'modifiedAt': 'Fri, 21 Feb 2020 17:32:08 GMT', 'paymentRequired': True, 'requestedDeparture': 'Sat, 22 Feb 2020 01:11:02 GMT', 'userID': 2961}]",7.3261111111111115,4.325555555555556,17,Friday,0,15,243.435
5e658e77f9af8b2865a5f519,0039,2020-02-21 17:47:45,2020-02-22 00:09:53,2020-02-21 19:55:18,13.263,2_39_123_23_2020-02-21 17:47:44.985694,0002,CA-313,2-39-123-23,America/Los_Angeles,000001912,"[{'WhPerMile': 400, 'kWhRequested': 20.0, 'milesRequested': 50, 'minutesAvailable': 392, 'modifiedAt': 'Fri, 21 Feb 2020 17:47:58 GMT', 'paymentRequired': True, 'requestedDeparture': 'Sat, 22 Feb 2020 00:19:45 GMT', 'userID': 1912}]",6.368888888888889,2.1258333333333335,17,Friday,0,15,198.945
5e658e77f9af8b2865a5f51a,0039,2020-02-21 17:54:36,2020-02-22 05:15:44,2020-02-21 18:46:20,1.626,2_39_92_436_2020-02-21 17:54:35.713185,0002,CA-318,2-39-92-436,America/Los_Angeles,000000324,"[{'WhPerMile': 444, 'kWhRequested': 8.88, 'milesRequested': 20, 'minutesAvailable': 87, 'modifiedAt': 'Fri, 21 Feb 2020 17:54:56 GMT', 'paymentRequired': True, 'requestedDeparture': 'Fri, 21 Feb 2020 19:21:36 GMT', 'userID': 324}]",11.352222222222222,0.8622222222222222,17,Friday,0,15,24.389999999999997
5e658e77f9af8b2865a5f51b,0039,2020-02-21 17:59:04,2020-02-21 23:58:39,2020-02-21 19:05:12,7.33,2_39_95_27_2020-02-21 17:59:03.969523,0002,CA-319,2-39-95-27,America/Los_Angeles,000000714,"[{'WhPerMile': 400, 'kWhRequested': 32.0, 'milesRequested': 80, 'minutesAvailable': 362, 'modifiedAt': 'Fri, 21 Feb 2020 17:59:11 GMT', 'paymentRequired': True, 'requestedDeparture': 'Sat, 22 Feb 2020 00:01:04 GMT', 'userID': 714}, {'WhPerMile': 400, 'kWhRequested': 32.0, 'milesRequested': 80, 'minutesAvailable': 330, 'modifiedAt': 'Fri, 21 Feb 2020 17:59:29 GMT', 'paymentRequired': True, 'requestedDeparture': 'Fri, 21 Feb 2020 23:29:04 GMT', 'userID': 714}]",5.993055555555555,1.1022222222222222,17,Friday,0,15,109.95
5e658e77f9af8b2865a5f51c,0039,2020-02-21 18:06:36,2020-02-22 01:52:55,2020-02-22 00:46:02,9.297,2_39_78_364_2020-02-21 18:06:36.171788,0002,CA-495,2-39-78-364,America/Los_Angeles,000001095,"[{'WhPerMile': 400, 'kWhRequested': 16.0, 'milesRequested': 40, 'minutesAvailable': 447, 'modifiedAt': 'Fri, 21 Feb 2020 18:06:45 GMT', 'paymentRequired': True, 'requestedDeparture': 'Sat, 22 Feb 2020 01:33:36 GMT', 'userID': 1095}]",7.771944444444444,6.657222222222222,18,Friday,0,15,139.455
5e658e77f9af8b2865a5f51d,0039,2020-02-21 18:28:26,2020-02-21 22:44:54,2020-02-21 21:23:19,15.892,2_39_79_376_2020-02-21 18:28:26.204438,0002,CA-324,2-39-79-376,America/Los_Angeles,000000515,"[{'WhPerMile': 400, 'kWhRequested': 16.0, 'milesRequested': 40, 'minutesAvailable': 314, 'modifiedAt': 'Fri, 21 Feb 2020 18:29:39 GMT', 'paymentRequired': True, 'requestedDeparture': 'Fri, 21 Feb 2020 23:42:26 GMT', 'userID': 515}]",4.274444444444445,2.914722222222222,18,Friday,0,15,238.38
5e658e77f9af8b2865a5f51e,0039,2020-02-21 19:31:19,2020-02-21 23:06:20,2020-02-21 20:01:38,0.865,2_39_92_442_2020-02-21 19:31:18.549300,0002,CA-498,2-39-92-442,America/Los_Angeles,,,3.5836111111111113,0.5052777777777778,19,Friday,0,15,12.975
5e658e77f9af8b2865a5f51f,0039,2020-02-21 19:57:31,2020-02-24 00:59:22,2020-02-23 14:47:03,1.071,2_39_91_437_2020-02-21 19:57:31.014414,0002,CA-317,2-39-91-437,America/Los_Angeles,,,53.030833333333334,42.82555555555555,19,Friday,0,15,16.064999999999998
5e658e77f9af8b2865a5f520,0039,2020-02-21 20:12:56,2020-02-22 01:36:17,2020-02-21 22:36:58,15.864,2_39_90_440_2020-02-21 20:12:56.409413,0002,CA-500,2-39-90-440,America/Los_Angeles,000003270,"[{'WhPerMile': 200, 'kWhRequested': 40.0, 'milesRequested': 200, 'minutesAvailable': 63, 'modifiedAt': 'Fri, 21 Feb 2020 20:14:20 GMT', 'paymentRequired': True, 'requestedDeparture': 'Fri, 21 Feb 2020 21:15:56 GMT', 'userID': 3270}]",5.389166666666667,2.4005555555555556,20,Friday,0,15,237.96
5e658e77f9af8b2865a5f521,0039,2020-02-21 20:42:20,2020-02-22 02:05:09,2020-02-21 21:13:15,0.89,2_39_79_379_2020-02-21 20:42:20.008344,0002,CA-327,2-39-79-379,America/Los_Angeles,,,5.380277777777778,0.5152777777777777,20,Friday,0,15,13.35
5e658e77f9af8b2865a5f522,0039,2020-02-21 20:59:12,2020-02-22 01:17:27,2020-02-22 00:02:49,19.568,2_39_79_377_2020-02-21 20:59:12.158339,0002,CA-325,2-39-79-377,America/Los_Angeles,000000832,"[{'WhPerMile': 400, 'kWhRequested': 20.0, 'milesRequested': 50, 'minutesAvailable': 244, 'modifiedAt': 'Fri, 21 Feb 2020 20:59:41 GMT', 'paymentRequired': True, 'requestedDeparture': 'Sat, 22 Feb 2020 01:03:12 GMT', 'userID': 832}]",4.304166666666666,3.060277777777778,20,Friday,0,15,293.52000000000004
5e658e77f9af8b2865a5f523,0039,2020-02-21 21:18:37,2020-02-21 23:59:23,2020-02-21 22:24:16,2.089,2_39_78_360_2020-02-21 21:18:37.402937,0002,CA-322,2-39-78-360,America/Los_Angeles,000000560,"[{'WhPerMile': 400, 'kWhRequested': 12.0, 'milesRequested': 30, 'minutesAvailable': 132, 'modifiedAt': 'Fri, 21 Feb 2020 21:19:01 GMT', 'paymentRequired': True, 'requestedDeparture': 'Fri, 21 Feb 2020 23:30:37 GMT', 'userID': 560}]",2.6794444444444445,1.0941666666666667,21,Friday,0,15,31.335
5e658e77f9af8b2865a5f524,0039,2020-02-21 21:44:24,2020-02-22 00:10:41,2020-02-21 22:15:33,0.887,2_39_128_18_2020-02-21 21:44:24.480427,0002,CA-308,2-39-128-18,America/Los_Angeles,,,2.4380555555555556,0.5191666666666667,21,Friday,0,15,13.305
5e658e77f9af8b2865a5f525,0039,2020-02-21 21:44:52,2020-02-21 23:58:31,2020-02-21 22:15:33,0.837,2_39_88_438_2020-02-21 21:44:51.615608,0002,CA-502,2-39-88-438,America/Los_Angeles,,,2.2275,0.5113888888888889,21,Friday,0,15,12.555
5e658e77f9af8b2865a5f526,0039,2020-02-21 22:09:29,2020-02-21 23:00:49,2020-02-21 23:01:48,0.893,2_39_78_362_2020-02-21 22:09:28.675486,0002,CA-496,2-39-78-362,America/Los_Angeles,,,0.8555555555555555,0.8719444444444444,22,Friday,0,15,13.395
5e658e77f9af8b2865a5f527,0039,2020-02-22 00:04:10,2020-02-22 01:26:41,2020-02-22 01:26:36,9.013,2_39_129_17_2020-02-22 00:03:46.485437,0002,CA-307,2-39-129-17,America/Los_Angeles,000000364,"[{'WhPerMile': 400, 'kWhRequested': 24.0, 'milesRequested': 60, 'minutesAvailable': 75, 'modifiedAt': 'Sat, 22 Feb 2020 00:04:10 GMT', 'paymentRequired': True, 'requestedDeparture': 'Sat, 22 Feb 2020 01:19:10 GMT', 'userID': 364}]",1.3752777777777778,1.373888888888889,0,Saturday,1,15,135.195
5e658e77f9af8b2865a5f528,0039,2020-02-22 01:14:05,2020-02-22 01:58:54,2020-02-22 01:58:50,2.604,2_39_78_366_2020-02-22 01:14:05.499954,0002,CA-323,2-39-78-366,America/Los_Angeles,000005368,"[{'WhPerMile': 400, 'kWhRequested': 8.0, 'milesRequested': 20, 'minutesAvailable': 73, 'modifiedAt': 'Sat, 22 Feb 2020 01:16:00 GMT', 'paymentRequired': True, 'requestedDeparture': 'Sat, 22 Feb 2020 02:27:05 GMT', 'userID': 5368}]",0.7469444444444444,0.7458333333333333,1,Saturday,1,15,39.06
5e658e77f9af8b2865a5f529,0039,2020-02-22 01:29:43,2020-02-22 04:23:26,2020-02-22 04:23:22,9.508,2_39_79_377_2020-02-22 01:29:43.287842,0002,CA-325,2-39-79-377,America/Los_Angeles,000002170,"[{'WhPerMile': 400, 'kWhRequested': 28.0, 'milesRequested': 70, 'minutesAvailable': 417, 'modifiedAt': 'Sat, 22 Feb 2020 01:30:01 GMT', 'paymentRequired': True, 'requestedDeparture': 'Sat, 22 Feb 2020 08:26:43 GMT', 'userID': 2170}]",2.895277777777778,2.8941666666666666,1,Saturday,1,15,142.61999999999998
5e658e77f9af8b2865a5f52a,0039,2020-02-22 03:47:43,2020-02-22 13:48:17,2020-02-22 06:49:50,20.185,2_39_89_25_2020-02-22 03:47:43.046968,0002,CA-315,2-39-89-25,America/Los_Angeles,000000300,"[{'WhPerMile': 400, 'kWhRequested': 32.0, 'milesRequested': 80, 'minutesAvailable': 638, 'modifiedAt': 'Sat, 22 Feb 2020 03:48:15 GMT', 'paymentRequired': True, 'requestedDeparture': 'Sat, 22 Feb 2020 14:25:43 GMT', 'userID': 300}]",10.009444444444444,3.035277777777778,3,Saturday,1,15,302.775
5e66df90f9af8b2abde9d6e4,0039,2020-02-22 16:40:08,2020-02-22 19:50:04,2020-02-22 17:10:51,0.937,2_39_139_28_2020-02-22 16:40:07.599294,0002,CA-303,2-39-139-28,America/Los_Angeles,,,3.1655555555555557,0.5119444444444444,16,Saturday,1,15,14.055000000000001
5e66df90f9af8b2abde9d6e5,0039,2020-02-22 16:43:35,2020-02-22 20:05:01,2020-02-22 17:13:47,0.848,2_39_79_379_2020-02-22 16:43:34.937706,0002,CA-327,2-39-79-379,America/Los_Angeles,,,3.357222222222222,0.5033333333333333,16,Saturday,1,15,12.719999999999999
5e66df90f9af8b2abde9d6e6,0039,2020-02-22 16:49:21,2020-02-22 19:44:27,2020-02-22 18:46:03,6.494,2_39_131_30_2020-02-22 16:49:20.846719,0002,CA-305,2-39-131-30,America/Los_Angeles,000002087,"[{'WhPerMile': 400, 'kWhRequested': 20.0, 'milesRequested': 50, 'minutesAvailable': 146, 'modifiedAt': 'Sat, 22 Feb 2020 16:52:18 GMT', 'paymentRequired': True, 'requestedDeparture': 'Sat, 22 Feb 2020 19:15:21 GMT', 'userID': 2087}, {'WhPerMile': 400, 'kWhRequested': 20.0, 'milesRequested': 50, 'minutesAvailable': 199, 'modifiedAt': 'Sat, 22 Feb 2020 16:53:05 GMT', 'paymentRequired': True, 'requestedDeparture': 'Sat, 22 Feb 2020 20:08:21 GMT', 'userID': 2087}, {'WhPerMile': 400, 'kWhRequested': 20.0, 'milesRequested': 50, 'minutesAvailable': 237, 'modifiedAt': 'Sat, 22 Feb 2020 17:12:36 GMT', 'paymentRequired': True, 'requestedDeparture': 'Sat, 22 Feb 2020 20:46:21 GMT', 'userID': 2087}]",2.9183333333333334,1.945,16,Saturday,1,15,97.41
5e66df90f9af8b2abde9d6e7,0039,2020-02-22 16:52:49,2020-02-22 18:52:16,2020-02-22 18:52:04,6.54,2_39_129_17_2020-02-22 16:52:48.510550,0002,CA-307,2-39-129-17,America/Los_Angeles,000003877,"[{'WhPerMile': 350, 'kWhRequested': 21.0, 'milesRequested': 60, 'minutesAvailable': 60, 'modifiedAt': 'Sat, 22 Feb 2020 17:05:15 GMT', 'paymentRequired': True, 'requestedDeparture': 'Sat, 22 Feb 2020 17:52:49 GMT', 'userID': 3877}, {'WhPerMile': 350, 'kWhRequested': 21.0, 'milesRequested': 60, 'minutesAvailable': 67, 'modifiedAt': 'Sat, 22 Feb 2020 17:08:39 GMT', 'paymentRequired': True, 'requestedDeparture': 'Sat, 22 Feb 2020 17:59:49 GMT', 'userID': 3877}, {'WhPerMile': 350, 'kWhRequested': 21.0, 'milesRequested': 60, 'minutesAvailable': 68, 'modifiedAt': 'Sat, 22 Feb 2020 17:15:08 GMT', 'paymentRequired': True, 'requestedDeparture': 'Sat, 22 Feb 2020 18:00:49 GMT', 'userID': 3877}, {'WhPerMile': 350, 'kWhRequested': 21.0, 'milesRequested': 60, 'minutesAvailable': 74, 'modifiedAt': 'Sat, 22 Feb 2020 18:02:30 GMT', 'paymentRequired': True, 'requestedDeparture': 'Sat, 22 Feb 2020 18:06:49 GMT', 'userID': 3877}, {'WhPerMile': 350, 'kWhRequested': 21.0, 'milesRequested': 60, 'minutesAvailable': 87, 'modifiedAt': 'Sat, 22 Feb 2020 18:21:46 GMT', 'paymentRequired': True, 'requestedDeparture': 'Sat, 22 Feb 2020 18:19:49 GMT', 'userID': 3877}, {'WhPerMile': 350, 'kWhRequested': 21.0, 'milesRequested': 60, 'minutesAvailable': 106, 'modifiedAt': 'Sat, 22 Feb 2020 18:30:19 GMT', 'paymentRequired': True, 'requestedDeparture': 'Sat, 22 Feb 2020 18:38:49 GMT', 'userID': 3877}, {'WhPerMile': 350, 'kWhRequested': 21.0, 'milesRequested': 60, 'minutesAvailable': 106, 'modifiedAt': 'Sat, 22 Feb 2020 18:51:59 GMT', 'paymentRequired': True, 'requestedDeparture': 'Sat, 22 Feb 2020 18:38:49 GMT', 'userID': 3877}]",1.9908333333333332,1.9875,16,Saturday,1,15,98.1
5e66df90f9af8b2abde9d6e8,0039,2020-02-22 17:26:51,2020-02-22 19:16:44,2020-02-22 18:49:08,3.979,2_39_89_25_2020-02-22 17:26:51.387100,0002,CA-315,2-39-89-25,America/Los_Angeles,000000743,"[{'WhPerMile': 400, 'kWhRequested': 8.0, 'milesRequested': 20, 'minutesAvailable': 106, 'modifiedAt': 'Sat, 22 Feb 2020 17:27:07 GMT', 'paymentRequired': True, 'requestedDeparture': 'Sat, 22 Feb 2020 19:12:51 GMT', 'userID': 743}]",1.831388888888889,1.371388888888889,17,Saturday,1,15,59.685
5e66df90f9af8b2abde9d6e9,0039,2020-02-22 17:40:31,2020-02-22 18:20:11,2020-02-22 18:16:26,3.375,2_39_138_29_2020-02-22 17:40:31.414984,0002,CA-304,2-39-138-29,America/Los_Angeles,000002950,"[{'WhPerMile': 400, 'kWhRequested': 12.0, 'milesRequested': 30, 'minutesAvailable': 60, 'modifiedAt': 'Sat, 22 Feb 2020 17:40:39 GMT', 'paymentRequired': True, 'requestedDeparture': 'Sat, 22 Feb 2020 18:40:31 GMT', 'userID': 2950}, {'WhPerMile': 400, 'kWhRequested': 12.0, 'milesRequested': 30, 'minutesAvailable': 60, 'modifiedAt': 'Sat, 22 Feb 2020 18:20:09 GMT', 'paymentRequired': True, 'requestedDeparture': 'Sat, 22 Feb 2020 18:40:31 GMT', 'userID': 2950}]",0.6611111111111111,0.5986111111111111,17,Saturday,1,15,50.625
5e66df90f9af8b2abde9d6ea,0039,2020-02-22 17:59:31,2020-02-22 19:15:22,2020-02-22 19:15:18,8.456,2_39_127_19_2020-02-22 17:59:31.241458,0002,CA-309,2-39-127-19,America/Los_Angeles,000000248,"[{'WhPerMile': 250, 'kWhRequested': 10.0, 'milesRequested': 40, 'minutesAvailable': 117, 'modifiedAt': 'Sat, 22 Feb 2020 17:59:51 GMT', 'paymentRequired': True, 'requestedDeparture': 'Sat, 22 Feb 2020 19:56:31 GMT', 'userID': 248}]",1.2641666666666667,1.2630555555555556,17,Saturday,1,15,126.83999999999999
5e66df90f9af8b2abde9d6eb,0039,2020-02-22 18:56:06,2020-02-22 20:02:41,2020-02-22 19:32:35,1.399,2_39_129_17_2020-02-22 18:56:06.078099,0002,CA-307,2-39-129-17,America/Los_Angeles,000000365,"[{'WhPerMile': 333, 'kWhRequested': 9.99, 'milesRequested': 30, 'minutesAvailable': 104, 'modifiedAt': 'Sat, 22 Feb 2020 18:56:22 GMT', 'paymentRequired': True, 'requestedDeparture': 'Sat, 22 Feb 2020 20:40:06 GMT', 'userID': 365}]",1.1097222222222223,0.6080555555555556,18,Saturday,1,15,20.985
5e66df90f9af8b2abde9d6ec,0039,2020-02-22 20:51:04,2020-02-22 22:35:14,2020-02-22 22:32:16,4.917,2_39_79_380_2020-02-22 20:51:03.631290,0002,CA-489,2-39-79-380,America/Los_Angeles,000003389,"[{'WhPerMile': 400, 'kWhRequested': 8.0, 'milesRequested': 20, 'minutesAvailable': 190, 'modifiedAt': 'Sat, 22 Feb 2020 20:56:09 GMT', 'paymentRequired': True, 'requestedDeparture': 'Sun, 23 Feb 2020 00:01:04 GMT', 'userID': 3389}]",1.7361111111111112,1.6866666666666668,20,Saturday,1,15,73.755
5e66df90f9af8b2abde9d6ed,0039,2020-02-22 22:17:07,2020-02-23 00:00:06,2020-02-22 23:53:47,9.91,2_39_139_28_2020-02-22 22:17:07.325397,0002,CA-303,2-39-139-28,America/Los_Angeles,000000818,"[{'WhPerMile': 400, 'kWhRequested': 16.0, 'milesRequested': 40, 'minutesAvailable': 135, 'modifiedAt': 'Sat, 22 Feb 2020 22:17:11 GMT', 'paymentRequired': True, 'requestedDeparture': 'Sun, 23 Feb 2020 00:32:07 GMT', 'userID': 818}]",1.716388888888889,1.6111111111111112,22,Saturday,1,15,148.65
5e66df90f9af8b2abde9d6ee,0039,2020-02-23 00:22:12,2020-02-23 02:33:57,2020-02-23 02:33:53,6.861,2_39_89_25_2020-02-23 00:22:12.280051,0002,CA-315,2-39-89-25,America/Los_Angeles,000001920,"[{'WhPerMile': 600, 'kWhRequested': 12.0, 'milesRequested': 20, 'minutesAvailable': 110, 'modifiedAt': 'Sun, 23 Feb 2020 00:23:12 GMT', 'paymentRequired': True, 'requestedDeparture': 'Sun, 23 Feb 2020 02:12:12 GMT', 'userID': 1920}, {'WhPerMile': 600, 'kWhRequested': 12.0, 'milesRequested': 20, 'minutesAvailable': 110, 'modifiedAt': 'Sun, 23 Feb 2020 00:23:26 GMT', 'paymentRequired': True, 'requestedDeparture': 'Sun, 23 Feb 2020 02:12:12 GMT', 'userID': 1920}]",2.1958333333333333,2.194722222222222,0,Sunday,1,15,102.91499999999999
5e66df90f9af8b2abde9d6ef,0039,2020-02-23 01:45:40,2020-02-23 23:21:02,2020-02-23 05:02:18,20.722,2_39_92_442_2020-02-23 01:45:40.278510,0002,CA-498,2-39-92-442,America/Los_Angeles,000000292,"[{'WhPerMile': 200, 'kWhRequested': 36.0, 'milesRequested': 180, 'minutesAvailable': 685, 'modifiedAt': 'Sun, 23 Feb 2020 01:46:12 GMT', 'paymentRequired': True, 'requestedDeparture': 'Sun, 23 Feb 2020 13:10:40 GMT', 'userID': 292}]",21.589444444444446,3.277222222222222,1,Sunday,1,15,310.83000000000004
5e66df90f9af8b2abde9d6f0,0039,2020-02-23 03:02:43,2020-02-23 04:14:26,2020-02-23 04:14:18,3.881,2_39_131_30_2020-02-23 03:02:43.079253,0002,CA-305,2-39-131-30,America/Los_Angeles,000005758,"[{'WhPerMile': 400, 'kWhRequested': 12.0, 'milesRequested': 30, 'minutesAvailable': 111, 'modifiedAt': 'Sun, 23 Feb 2020 03:06:53 GMT', 'paymentRequired': True, 'requestedDeparture': 'Sun, 23 Feb 2020 04:53:43 GMT', 'userID': 5758}]",1.1952777777777779,1.1930555555555555,3,Sunday,1,15,58.214999999999996
5e66df90f9af8b2abde9d6f1,0039,2020-02-23 03:20:18,2020-02-23 05:50:22,2020-02-23 03:50:53,0.805,2_39_139_28_2020-02-23 03:20:17.707866,0002,CA-303,2-39-139-28,America/Los_Angeles,,,2.5011111111111113,0.5097222222222222,3,Sunday,1,15,12.075000000000001
5e683122f9af8b2fd54c09db,0039,2020-02-23 20:35:13,2020-02-23 22:20:06,2020-02-23 22:12:13,5.235,2_39_131_30_2020-02-23 20:35:13.002701,0002,CA-305,2-39-131-30,America/Los_Angeles,000005758,"[{'WhPerMile': 400, 'kWhRequested': 8.0, 'milesRequested': 20, 'minutesAvailable': 88, 'modifiedAt': 'Sun, 23 Feb 2020 20:41:13 GMT', 'paymentRequired': True, 'requestedDeparture': 'Sun, 23 Feb 2020 22:03:13 GMT', 'userID': 5758}]",1.7480555555555555,1.6166666666666667,20,Sunday,1,15,78.525
5e683122f9af8b2fd54c09dc,0039,2020-02-23 22:17:30,2020-02-24 00:01:44,2020-02-23 22:48:25,0.883,2_39_139_28_2020-02-23 22:17:30.460988,0002,CA-303,2-39-139-28,America/Los_Angeles,,,1.7372222222222222,0.5152777777777777,22,Sunday,1,15,13.245000000000001
5e683122f9af8b2fd54c09dd,0039,2020-02-24 01:41:14,2020-02-24 01:59:15,2020-02-24 01:59:09,0.525,2_39_125_21_2020-02-24 01:41:14.249664,0002,CA-311,2-39-125-21,America/Los_Angeles,,,0.30027777777777775,0.2986111111111111,1,Monday,0,15,7.875
5e683122f9af8b2fd54c09de,0039,2020-02-24 02:27:06,2020-02-24 05:19:30,2020-02-24 04:59:20,15.045,2_39_127_19_2020-02-24 02:27:05.924935,0002,CA-309,2-39-127-19,America/Los_Angeles,000001099,"[{'WhPerMile': 400, 'kWhRequested': 32.0, 'milesRequested': 80, 'minutesAvailable': 170, 'modifiedAt': 'Mon, 24 Feb 2020 02:29:42 GMT', 'paymentRequired': True, 'requestedDeparture': 'Mon, 24 Feb 2020 05:17:06 GMT', 'userID': 1099}]",2.8733333333333335,2.5372222222222223,2,Monday,0,15,225.675
5e683122f9af8b2fd54c09df,0039,2020-02-24 02:37:51,2020-02-24 03:08:59,2020-02-24 03:08:27,0.878,2_39_125_21_2020-02-24 02:37:51.087834,0002,CA-311,2-39-125-21,America/Los_Angeles,,,0.5188888888888888,0.51,2,Monday,0,15,13.17
5e6c259ff9af8b3cc29176f5,0039,2020-02-24 14:38:51,2020-02-25 01:53:50,2020-02-24 19:13:19,28.692,2_39_139_28_2020-02-24 14:38:51.501947,0002,CA-303,2-39-139-28,America/Los_Angeles,000000710,"[{'WhPerMile': 400, 'kWhRequested': 64.0, 'milesRequested': 160, 'minutesAvailable': 273, 'modifiedAt': 'Mon, 24 Feb 2020 14:39:12 GMT', 'paymentRequired': True, 'requestedDeparture': 'Mon, 24 Feb 2020 19:11:51 GMT', 'userID': 710}]",11.249722222222223,4.5744444444444445,14,Monday,0,15,430.38
5e6c259ff9af8b3cc29176f6,0039,2020-02-24 15:49:01,2020-02-24 21:40:52,2020-02-24 17:14:21,3.01,2_39_79_382_2020-02-24 15:49:01.410287,0002,CA-491,2-39-79-382,America/Los_Angeles,000004701,"[{'WhPerMile': 300, 'kWhRequested': 9.0, 'milesRequested': 30, 'minutesAvailable': 307, 'modifiedAt': 'Mon, 24 Feb 2020 15:49:07 GMT', 'paymentRequired': True, 'requestedDeparture': 'Mon, 24 Feb 2020 20:56:01 GMT', 'userID': 4701}]",5.864166666666667,1.4222222222222223,15,Monday,0,15,45.15
5e6c259ff9af8b3cc29176f7,0039,2020-02-24 15:50:38,2020-02-24 16:34:58,2020-02-24 16:21:02,0.811,2_39_79_380_2020-02-24 15:50:38.277426,0002,CA-489,2-39-79-380,America/Los_Angeles,,,0.7388888888888889,0.5066666666666667,15,Monday,0,15,12.165000000000001
5e6c259ff9af8b3cc29176f8,0039,2020-02-24 16:08:32,2020-02-25 05:05:34,2020-02-24 18:13:54,6.225,2_39_95_27_2020-02-24 16:08:11.345075,0002,CA-319,2-39-95-27,America/Los_Angeles,000005594,"[{'WhPerMile': 360, 'kWhRequested': 7.2, 'milesRequested': 20, 'minutesAvailable': 198, 'modifiedAt': 'Mon, 24 Feb 2020 16:08:31 GMT', 'paymentRequired': True, 'requestedDeparture': 'Mon, 24 Feb 2020 19:26:32 GMT', 'userID': 5594}, {'WhPerMile': 360, 'kWhRequested': 7.2, 'milesRequested': 20, 'minutesAvailable': 198, 'modifiedAt': 'Mon, 24 Feb 2020 16:08:46 GMT', 'paymentRequired': True, 'requestedDeparture': 'Mon, 24 Feb 2020 19:26:32 GMT', 'userID': 5594}, {'WhPerMile': 360, 'kWhRequested': 7.2, 'milesRequested': 20, 'minutesAvailable': 198, 'modifiedAt': 'Mon, 24 Feb 2020 16:08:55 GMT', 'paymentRequired': True, 'requestedDeparture': 'Mon, 24 Feb 2020 19:26:32 GMT', 'userID': 5594}]",12.950555555555555,2.0894444444444447,16,Monday,0,15,93.375
5e6c259ff9af8b3cc29176f9,0039,2020-02-24 16:11:51,2020-02-24 23:57:15,2020-02-24 23:50:33,0.889,2_39_78_366_2020-02-24 16:11:50.941075,0002,CA-323,2-39-78-366,America/Los_Angeles,,,7.756666666666667,7.645,16,Monday,0,15,13.335
5e6c259ff9af8b3cc29176fa,0039,2020-02-24 16:19:45,2020-02-25 01:10:33,2020-02-25 00:27:31,0.931,2_39_79_381_2020-02-24 16:19:44.549013,0002,CA-490,2-39-79-381,America/Los_Angeles,,,8.846666666666666,8.129444444444445,16,Monday,0,15,13.965
5e6c259ff9af8b3cc29176fb,0039,2020-02-24 16:28:27,2020-02-25 01:11:59,2020-02-24 18:26:13,5.088,2_39_131_30_2020-02-24 16:28:27.434125,0002,CA-305,2-39-131-30,America/Los_Angeles,000000620,"[{'WhPerMile': 400, 'kWhRequested': 8.0, 'milesRequested': 20, 'minutesAvailable': 523, 'modifiedAt': 'Mon, 24 Feb 2020 16:29:00 GMT', 'paymentRequired': True, 'requestedDeparture': 'Tue, 25 Feb 2020 01:11:27 GMT', 'userID': 620}]",8.725555555555555,1.9627777777777777,16,Monday,0,15,76.32000000000001
5e6c259ff9af8b3cc29176fc,0039,2020-02-24 16:45:57,2020-02-25 02:23:37,2020-02-24 20:14:36,11.46,2_39_124_558_2020-02-24 16:45:57.047638,0002,CA-504,2-39-124-558,America/Los_Angeles,000001534,"[{'WhPerMile': 250, 'kWhRequested': 15.0, 'milesRequested': 60, 'minutesAvailable': 404, 'modifiedAt': 'Mon, 24 Feb 2020 16:47:49 GMT', 'paymentRequired': True, 'requestedDeparture': 'Mon, 24 Feb 2020 23:29:57 GMT', 'userID': 1534}]",9.627777777777778,3.4775,16,Monday,0,15,171.9
5e6c259ff9af8b3cc29176fd,0039,2020-02-24 16:46:20,2020-02-24 23:51:29,2020-02-24 21:59:55,26.17,2_39_78_367_2020-02-24 16:46:19.686611,0002,CA-494,2-39-78-367,America/Los_Angeles,000001470,"[{'WhPerMile': 292, 'kWhRequested': 26.28, 'milesRequested': 90, 'minutesAvailable': 424, 'modifiedAt': 'Mon, 24 Feb 2020 16:46:56 GMT', 'paymentRequired': True, 'requestedDeparture': 'Mon, 24 Feb 2020 23:50:20 GMT', 'userID': 1470}]",7.085833333333333,5.226388888888889,16,Monday,0,15,392.55
5e6c259ff9af8b3cc29176fe,0039,2020-02-24 16:48:15,2020-02-25 01:23:33,2020-02-25 00:26:47,13.67,2_39_78_363_2020-02-24 16:48:15.047042,0002,CA-320,2-39-78-363,America/Los_Angeles,000000945,"[{'WhPerMile': 400, 'kWhRequested': 32.0, 'milesRequested': 80, 'minutesAvailable': 62, 'modifiedAt': 'Mon, 24 Feb 2020 16:48:27 GMT', 'paymentRequired': True, 'requestedDeparture': 'Mon, 24 Feb 2020 17:50:15 GMT', 'userID': 945}]",8.588333333333333,7.642222222222222,16,Monday,0,15,205.05
5e6c259ff9af8b3cc29176ff,0039,2020-02-24 16:53:33,2020-02-25 03:06:00,2020-02-24 18:42:48,5.54,2_39_78_360_2020-02-24 16:53:33.131701,0002,CA-322,2-39-78-360,America/Los_Angeles,000002244,"[{'WhPerMile': 400, 'kWhRequested': 8.0, 'milesRequested': 20, 'minutesAvailable': 60, 'modifiedAt': 'Mon, 24 Feb 2020 16:54:56 GMT', 'paymentRequired': True, 'requestedDeparture': 'Mon, 24 Feb 2020 17:53:33 GMT', 'userID': 2244}]",10.2075,1.8208333333333333,16,Monday,0,15,83.1
5e6c259ff9af8b3cc2917700,0039,2020-02-24 17:06:05,2020-02-25 01:17:49,2020-02-24 18:43:24,4.7,2_39_89_25_2020-02-24 17:06:05.372308,0002,CA-315,2-39-89-25,America/Los_Angeles,000000743,"[{'WhPerMile': 400, 'kWhRequested': 8.0, 'milesRequested': 20, 'minutesAvailable': 473, 'modifiedAt': 'Mon, 24 Feb 2020 17:06:23 GMT', 'paymentRequired': True, 'requestedDeparture': 'Tue, 25 Feb 2020 00:59:05 GMT', 'userID': 743}]",8.195555555555556,1.6219444444444444,17,Monday,0,15,70.5
5e6c259ff9af8b3cc2917701,0039,2020-02-24 17:18:37,2020-02-25 02:38:24,2020-02-24 18:42:45,4.472,2_39_127_19_2020-02-24 17:18:37.480240,0002,CA-309,2-39-127-19,America/Los_Angeles,000000567,"[{'WhPerMile': 400, 'kWhRequested': 8.0, 'milesRequested': 20, 'minutesAvailable': 434, 'modifiedAt': 'Mon, 24 Feb 2020 17:18:47 GMT', 'paymentRequired': True, 'requestedDeparture': 'Tue, 25 Feb 2020 00:32:37 GMT', 'userID': 567}]",9.329722222222221,1.4022222222222223,17,Monday,0,15,67.08000000000001
5e6c259ff9af8b3cc2917702,0039,2020-02-24 17:20:12,2020-02-25 00:36:25,2020-02-24 19:16:57,5.738,2_39_92_442_2020-02-24 17:20:11.571108,0002,CA-498,2-39-92-442,America/Los_Angeles,000000686,"[{'WhPerMile': 400, 'kWhRequested': 8.0, 'milesRequested': 20, 'minutesAvailable': 60, 'modifiedAt': 'Mon, 24 Feb 2020 17:21:09 GMT', 'paymentRequired': True, 'requestedDeparture': 'Mon, 24 Feb 2020 18:20:12 GMT', 'userID': 686}]",7.270277777777777,1.9458333333333333,17,Monday,0,15,86.07000000000001
5e6c259ff9af8b3cc2917703,0039,2020-02-24 17:47:02,2020-02-25 02:37:42,2020-02-24 18:53:34,6.979,2_39_92_436_2020-02-24 17:47:01.709861,0002,CA-318,2-39-92-436,America/Los_Angeles,000000714,"[{'WhPerMile': 400, 'kWhRequested': 32.0, 'milesRequested': 80, 'minutesAvailable': 330, 'modifiedAt': 'Mon, 24 Feb 2020 17:47:21 GMT', 'paymentRequired': True, 'requestedDeparture': 'Mon, 24 Feb 2020 23:17:02 GMT', 'userID': 714}]",8.844444444444445,1.1088888888888888,17,Monday,0,15,104.685
5e6c259ff9af8b3cc2917704,0039,2020-02-24 17:47:09,2020-02-25 03:15:01,2020-02-24 19:35:58,11.1,2_39_90_26_2020-02-24 17:47:09.045034,0002,CA-316,2-39-90-26,America/Los_Angeles,000000558,"[{'WhPerMile': 400, 'kWhRequested': 24.0, 'milesRequested': 60, 'minutesAvailable': 60, 'modifiedAt': 'Mon, 24 Feb 2020 17:47:11 GMT', 'paymentRequired': True, 'requestedDeparture': 'Mon, 24 Feb 2020 18:47:09 GMT', 'userID': 558}]",9.464444444444444,1.813611111111111,17,Monday,0,15,166.5
5e6c259ff9af8b3cc2917705,0039,2020-02-24 17:58:48,2020-02-25 00:01:44,2020-02-24 19:22:15,4.162,2_39_123_23_2020-02-24 17:58:47.861017,0002,CA-313,2-39-123-23,America/Los_Angeles,000002170,"[{'WhPerMile': 400, 'kWhRequested': 28.0, 'milesRequested': 70, 'minutesAvailable': 417, 'modifiedAt': 'Mon, 24 Feb 2020 17:59:22 GMT', 'paymentRequired': True, 'requestedDeparture': 'Tue, 25 Feb 2020 00:55:48 GMT', 'userID': 2170}]",6.0488888888888885,1.3908333333333334,17,Monday,0,15,62.43
5e6c259ff9af8b3cc2917706,0039,2020-02-24 18:09:48,2020-02-24 22:43:33,2020-02-24 19:54:33,11.108,2_39_95_444_2020-02-24 18:09:47.629441,0002,CA-497,2-39-95-444,America/Los_Angeles,000001087,"[{'WhPerMile': 400, 'kWhRequested': 32.0, 'milesRequested': 80, 'minutesAvailable': 311, 'modifiedAt': 'Mon, 24 Feb 2020 18:09:50 GMT', 'paymentRequired': True, 'requestedDeparture': 'Mon, 24 Feb 2020 23:20:48 GMT', 'userID': 1087}]",4.5625,1.7458333333333333,18,Monday,0,15,166.62
5e6c259ff9af8b3cc2917707,0039,2020-02-24 18:26:47,2020-02-25 02:03:46,2020-02-24 20:27:01,11.647,2_39_125_21_2020-02-24 18:26:46.584435,0002,CA-311,2-39-125-21,America/Los_Angeles,000001095,"[{'WhPerMile': 400, 'kWhRequested': 16.0, 'milesRequested': 40, 'minutesAvailable': 447, 'modifiedAt': 'Mon, 24 Feb 2020 18:26:55 GMT', 'paymentRequired': True, 'requestedDeparture': 'Tue, 25 Feb 2020 01:53:47 GMT', 'userID': 1095}]",7.616388888888889,2.003888888888889,18,Monday,0,15,174.705
5e6c259ff9af8b3cc2917708,0039,2020-02-24 18:41:00,2020-02-25 01:51:59,2020-02-24 23:40:53,29.888,2_39_91_437_2020-02-24 18:40:59.927507,0002,CA-317,2-39-91-437,America/Los_Angeles,000002961,"[{'WhPerMile': 225, 'kWhRequested': 22.5, 'milesRequested': 100, 'minutesAvailable': 459, 'modifiedAt': 'Mon, 24 Feb 2020 18:41:10 GMT', 'paymentRequired': True, 'requestedDeparture': 'Tue, 25 Feb 2020 02:20:00 GMT', 'userID': 2961}, {'WhPerMile': 225, 'kWhRequested': 40.05, 'milesRequested': 178, 'minutesAvailable': 280, 'modifiedAt': 'Mon, 24 Feb 2020 22:22:54 GMT', 'paymentRequired': True, 'requestedDeparture': 'Mon, 24 Feb 2020 23:21:00 GMT', 'userID': 2961}]",7.183055555555556,4.998055555555555,18,Monday,0,15,448.32000000000005
5e6c259ff9af8b3cc2917709,0039,2020-02-24 19:16:47,2020-02-25 01:12:26,2020-02-25 00:44:19,4.904,2_39_79_380_2020-02-24 19:16:47.509095,0002,CA-489,2-39-79-380,America/Los_Angeles,000002149,"[{'WhPerMile': 250, 'kWhRequested': 5.0, 'milesRequested': 20, 'minutesAvailable': 336, 'modifiedAt': 'Mon, 24 Feb 2020 19:17:14 GMT', 'paymentRequired': True, 'requestedDeparture': 'Tue, 25 Feb 2020 00:52:47 GMT', 'userID': 2149}]",5.9275,5.458888888888889,19,Monday,0,15,73.56
5e6c259ff9af8b3cc291770a,0039,2020-02-24 19:23:52,2020-02-25 00:39:35,2020-02-24 21:14:28,11.139,2_39_79_378_2020-02-24 19:23:51.837828,0002,CA-326,2-39-79-378,America/Los_Angeles,000000832,"[{'WhPerMile': 400, 'kWhRequested': 20.0, 'milesRequested': 50, 'minutesAvailable': 313, 'modifiedAt': 'Mon, 24 Feb 2020 19:24:31 GMT', 'paymentRequired': True, 'requestedDeparture': 'Tue, 25 Feb 2020 00:36:52 GMT', 'userID': 832}]",5.2619444444444445,1.8433333333333333,19,Monday,0,15,167.08499999999998
5e6c259ff9af8b3cc291770b,0039,2020-02-24 20:45:00,2020-02-25 02:33:57,2020-02-24 23:26:06,6.885,2_39_79_376_2020-02-24 20:45:00.163207,0002,CA-324,2-39-79-376,America/Los_Angeles,000001124,"[{'WhPerMile': 400, 'kWhRequested': 8.0, 'milesRequested': 20, 'minutesAvailable': 60, 'modifiedAt': 'Mon, 24 Feb 2020 20:45:19 GMT', 'paymentRequired': True, 'requestedDeparture': 'Mon, 24 Feb 2020 21:45:00 GMT', 'userID': 1124}]",5.815833333333333,2.685,20,Monday,0,15,103.27499999999999
5e6c259ff9af8b3cc291770c,0039,2020-02-24 21:23:55,2020-02-25 00:11:40,2020-02-24 22:52:58,9.035,2_39_124_22_2020-02-24 21:23:55.124838,0002,CA-312,2-39-124-22,America/Los_Angeles,000001912,"[{'WhPerMile': 400, 'kWhRequested': 20.0, 'milesRequested': 50, 'minutesAvailable': 392, 'modifiedAt': 'Mon, 24 Feb 2020 21:23:55 GMT', 'paymentRequired': True, 'requestedDeparture': 'Tue, 25 Feb 2020 03:55:55 GMT', 'userID': 1912}, {'WhPerMile': 400, 'kWhRequested': 16.0, 'milesRequested': 40, 'minutesAvailable': 151, 'modifiedAt': 'Mon, 24 Feb 2020 21:24:48 GMT', 'paymentRequired': True, 'requestedDeparture': 'Mon, 24 Feb 2020 23:54:55 GMT', 'userID': 1912}]",2.7958333333333334,1.4841666666666666,21,Monday,0,15,135.525
5e6c259ff9af8b3cc291770d,0039,2020-02-24 21:51:10,2020-02-25 00:38:23,2020-02-25 00:21:02,0.887,2_39_79_382_2020-02-24 21:51:10.277818,0002,CA-491,2-39-79-382,America/Los_Angeles,,,2.7869444444444444,2.497777777777778,21,Monday,0,15,13.305
5e6c259ff9af8b3cc291770e,0039,2020-02-24 22:11:31,2020-02-25 01:19:38,2020-02-24 23:41:53,4.392,2_39_88_24_2020-02-24 22:11:31.311179,0002,CA-314,2-39-88-24,America/Los_Angeles,000003389,"[{'WhPerMile': 400, 'kWhRequested': 8.0, 'milesRequested': 20, 'minutesAvailable': 198, 'modifiedAt': 'Mon, 24 Feb 2020 22:12:33 GMT', 'paymentRequired': True, 'requestedDeparture': 'Tue, 25 Feb 2020 01:29:31 GMT', 'userID': 3389}]",3.1352777777777776,1.5061111111111112,22,Monday,0,15,65.88000000000001
5e6c259ff9af8b3cc291770f,0039,2020-02-24 22:17:51,2020-02-25 03:18:59,2020-02-24 23:27:43,2.339,2_39_91_441_2020-02-24 22:17:51.127715,0002,CA-499,2-39-91-441,America/Los_Angeles,000001082,"[{'WhPerMile': 400, 'kWhRequested': 8.0, 'milesRequested': 20, 'minutesAvailable': 64, 'modifiedAt': 'Mon, 24 Feb 2020 22:18:13 GMT', 'paymentRequired': True, 'requestedDeparture': 'Mon, 24 Feb 2020 23:21:51 GMT', 'userID': 1082}]",5.018888888888889,1.1644444444444444,22,Monday,0,15,35.085
5e6c259ff9af8b3cc2917710,0039,2020-02-24 23:30:44,2020-02-25 00:31:33,2020-02-25 00:27:08,0.883,2_39_123_557_2020-02-24 23:30:43.635523,0002,CA-503,2-39-123-557,America/Los_Angeles,,,1.013611111111111,0.94,23,Monday,0,15,13.245000000000001
5e6c259ff9af8b3cc2917711,0039,2020-02-25 06:47:04,2020-02-25 13:03:13,2020-02-25 11:42:29,31.879,2_39_127_19_2020-02-25 06:47:03.878786,0002,CA-309,2-39-127-19,America/Los_Angeles,000000300,"[{'WhPerMile': 400, 'kWhRequested': 32.0, 'milesRequested': 80, 'minutesAvailable': 638, 'modifiedAt': 'Tue, 25 Feb 2020 06:47:23 GMT', 'paymentRequired': True, 'requestedDeparture': 'Tue, 25 Feb 2020 17:25:04 GMT', 'userID': 300}]",6.269166666666667,4.923611111111111,6,Tuesday,0,15,478.185
5e6c25c3f9af8b3cc2917712,0039,2020-02-25 13:03:30,2020-02-25 15:26:13,2020-02-25 15:26:10,14.197,2_39_126_20_2020-02-25 13:03:30.398177,0002,CA-310,2-39-126-20,America/Los_Angeles,000000300,"[{'WhPerMile': 400, 'kWhRequested': 32.0, 'milesRequested': 80, 'minutesAvailable': 435, 'modifiedAt': 'Tue, 25 Feb 2020 13:03:38 GMT', 'paymentRequired': True, 'requestedDeparture': 'Tue, 25 Feb 2020 20:18:30 GMT', 'userID': 300}]",2.3786111111111112,2.3777777777777778,13,Tuesday,0,15,212.95499999999998
5e6c25c3f9af8b3cc2917713,0039,2020-02-25 15:48:49,2020-02-25 21:48:36,2020-02-25 18:12:03,8.263,2_39_79_382_2020-02-25 15:48:48.856722,0002,CA-491,2-39-79-382,America/Los_Angeles,000004701,"[{'WhPerMile': 300, 'kWhRequested': 9.0, 'milesRequested': 30, 'minutesAvailable': 307, 'modifiedAt': 'Tue, 25 Feb 2020 15:48:54 GMT', 'paymentRequired': True, 'requestedDeparture': 'Tue, 25 Feb 2020 20:55:49 GMT', 'userID': 4701}]",5.996388888888889,2.3872222222222224,15,Tuesday,0,15,123.945
5e6c25c3f9af8b3cc2917714,0039,2020-02-25 16:08:13,2020-02-25 23:45:44,2020-02-25 22:28:34,0.88,2_39_79_380_2020-02-25 16:08:13.004188,0002,CA-489,2-39-79-380,America/Los_Angeles,,,7.625277777777778,6.339166666666666,16,Tuesday,0,15,13.2
5e6c25c3f9af8b3cc2917715,0039,2020-02-25 16:38:32,2020-02-26 01:08:24,2020-02-25 16:59:41,1.279,2_39_79_379_2020-02-25 16:38:32.420117,0002,CA-327,2-39-79-379,America/Los_Angeles,000000751,"[{'WhPerMile': 400, 'kWhRequested': 28.0, 'milesRequested': 70, 'minutesAvailable': 720, 'modifiedAt': 'Tue, 25 Feb 2020 16:39:19 GMT', 'paymentRequired': True, 'requestedDeparture': 'Wed, 26 Feb 2020 04:38:32 GMT', 'userID': 751}]",8.497777777777777,0.3525,16,Tuesday,0,15,19.185
5e6c25c3f9af8b3cc2917716,0039,2020-02-25 16:44:55,2020-02-26 00:21:50,2020-02-25 18:30:23,4.957,2_39_92_442_2020-02-25 16:44:54.972986,0002,CA-498,2-39-92-442,America/Los_Angeles,000000686,"[{'WhPerMile': 400, 'kWhRequested': 8.0, 'milesRequested': 20, 'minutesAvailable': 95, 'modifiedAt': 'Tue, 25 Feb 2020 16:45:12 GMT', 'paymentRequired': True, 'requestedDeparture': 'Tue, 25 Feb 2020 18:19:55 GMT', 'userID': 686}]",7.615277777777778,1.7577777777777779,16,Tuesday,0,15,74.355
5e6c25c3f9af8b3cc2917717,0039,2020-02-25 16:50:39,2020-02-25 21:50:21,2020-02-25 18:54:31,13.266,2_39_95_444_2020-02-25 16:50:39.284857,0002,CA-497,2-39-95-444,America/Los_Angeles,000001470,"[{'WhPerMile': 292, 'kWhRequested': 17.52, 'milesRequested': 60, 'minutesAvailable': 266, 'modifiedAt': 'Tue, 25 Feb 2020 16:51:43 GMT', 'paymentRequired': True, 'requestedDeparture': 'Tue, 25 Feb 2020 21:16:39 GMT', 'userID': 1470}]",4.995,2.0644444444444443,16,Tuesday,0,15,198.99
5e6c25c3f9af8b3cc2917718,0039,2020-02-25 16:52:11,2020-02-26 01:16:32,2020-02-25 21:04:27,13.548,2_39_79_383_2020-02-25 16:51:47.949894,0002,CA-492,2-39-79-383,America/Los_Angeles,000000671,"[{'WhPerMile': 267, 'kWhRequested': 26.7, 'milesRequested': 100, 'minutesAvailable': 280, 'modifiedAt': 'Tue, 25 Feb 2020 16:52:11 GMT', 'paymentRequired': True, 'requestedDeparture': 'Tue, 25 Feb 2020 21:32:11 GMT', 'userID': 671}]",8.405833333333334,4.204444444444444,16,Tuesday,0,15,203.22
5e6c25c3f9af8b3cc2917719,0039,2020-02-25 16:53:17,2020-02-26 05:48:41,2020-02-25 18:54:43,5.982,2_39_90_440_2020-02-25 16:53:17.270090,0002,CA-500,2-39-90-440,America/Los_Angeles,000001222,"[{'WhPerMile': 400, 'kWhRequested': 8.0, 'milesRequested': 20, 'minutesAvailable': 72, 'modifiedAt': 'Tue, 25 Feb 2020 16:53:28 GMT', 'paymentRequired': True, 'requestedDeparture': 'Tue, 25 Feb 2020 18:05:17 GMT', 'userID': 1222}]",12.923333333333334,2.023888888888889,16,Tuesday,0,15,89.73
5e6c25c3f9af8b3cc291771a,0039,2020-02-25 17:02:35,2020-02-26 00:20:32,2020-02-25 18:27:07,3.955,2_39_89_25_2020-02-25 17:02:35.505585,0002,CA-315,2-39-89-25,America/Los_Angeles,000000743,"[{'WhPerMile': 400, 'kWhRequested': 8.0, 'milesRequested': 20, 'minutesAvailable': 473, 'modifiedAt': 'Tue, 25 Feb 2020 17:02:47 GMT', 'paymentRequired': True, 'requestedDeparture': 'Wed, 26 Feb 2020 00:55:35 GMT', 'userID': 743}, {'WhPerMile': 400, 'kWhRequested': 8.0, 'milesRequested': 20, 'minutesAvailable': 441, 'modifiedAt': 'Tue, 25 Feb 2020 17:03:10 GMT', 'paymentRequired': True, 'requestedDeparture': 'Wed, 26 Feb 2020 00:23:35 GMT', 'userID': 743}]",7.299166666666666,1.4088888888888889,17,Tuesday,0,15,59.325
5e6c25c3f9af8b3cc291771b,0039,2020-02-25 17:03:50,2020-02-25 20:14:42,2020-02-25 19:12:25,2.576,2_39_95_27_2020-02-25 17:03:50.390718,0002,CA-319,2-39-95-27,America/Los_Angeles,000006049,"[{'WhPerMile': 267, 'kWhRequested': 2.67, 'milesRequested': 10, 'minutesAvailable': 179, 'modifiedAt': 'Tue, 25 Feb 2020 17:06:01 GMT', 'paymentRequired': True, 'requestedDeparture': 'Tue, 25 Feb 2020 20:02:50 GMT', 'userID': 6049}, {'WhPerMile': 267, 'kWhRequested': 2.67, 'milesRequested': 10, 'minutesAvailable': 92, 'modifiedAt': 'Tue, 25 Feb 2020 19:09:16 GMT', 'paymentRequired': True, 'requestedDeparture': 'Tue, 25 Feb 2020 18:35:50 GMT', 'userID': 6049}]",3.181111111111111,2.1430555555555557,17,Tuesday,0,15,38.64
5e6c25c3f9af8b3cc291771c,0039,2020-02-25 17:07:55,2020-02-26 00:34:35,2020-02-25 19:09:08,6.919,2_39_79_377_2020-02-25 17:07:55.427000,0002,CA-325,2-39-79-377,America/Los_Angeles,000001137,"[{'WhPerMile': 400, 'kWhRequested': 32.0, 'milesRequested': 80, 'minutesAvailable': 417, 'modifiedAt': 'Tue, 25 Feb 2020 17:08:28 GMT', 'paymentRequired': True, 'requestedDeparture': 'Wed, 26 Feb 2020 00:04:55 GMT', 'userID': 1137}]",7.444444444444445,2.020277777777778,17,Tuesday,0,15,103.785
5e6c25c3f9af8b3cc291771d,0039,2020-02-25 17:08:27,2020-02-26 03:11:19,2020-02-25 19:02:39,6.062,2_39_127_19_2020-02-25 17:08:27.103637,0002,CA-309,2-39-127-19,America/Los_Angeles,000000567,"[{'WhPerMile': 400, 'kWhRequested': 8.0, 'milesRequested': 20, 'minutesAvailable': 434, 'modifiedAt': 'Tue, 25 Feb 2020 17:08:34 GMT', 'paymentRequired': True, 'requestedDeparture': 'Wed, 26 Feb 2020 00:22:27 GMT', 'userID': 567}]",10.047777777777778,1.9033333333333333,17,Tuesday,0,15,90.93
5e6c25c3f9af8b3cc291771e,0039,2020-02-25 17:15:23,2020-02-25 20:39:39,2020-02-25 18:51:21,4.942,2_39_125_21_2020-02-25 17:15:22.912135,0002,CA-311,2-39-125-21,America/Los_Angeles,000000562,"[{'WhPerMile': 325, 'kWhRequested': 6.5, 'milesRequested': 20, 'minutesAvailable': 163, 'modifiedAt': 'Tue, 25 Feb 2020 17:15:48 GMT', 'paymentRequired': True, 'requestedDeparture': 'Tue, 25 Feb 2020 19:58:23 GMT', 'userID': 562}]",3.4044444444444446,1.5994444444444444,17,Tuesday,0,15,74.13
5e6c25c3f9af8b3cc291771f,0039,2020-02-25 17:41:08,2020-02-26 01:09:31,2020-02-26 00:29:03,0.928,2_39_79_378_2020-02-25 17:41:07.815784,0002,CA-326,2-39-79-378,America/Los_Angeles,,,7.473055555555556,6.798611111111111,17,Tuesday,0,15,13.92
5e6c25c3f9af8b3cc2917720,0039,2020-02-25 17:44:56,2020-02-26 00:21:50,2020-02-26 00:18:50,4.894,2_39_78_361_2020-02-25 17:44:55.897760,0002,CA-493,2-39-78-361,America/Los_Angeles,000002149,"[{'WhPerMile': 250, 'kWhRequested': 5.0, 'milesRequested': 20, 'minutesAvailable': 336, 'modifiedAt': 'Tue, 25 Feb 2020 17:44:59 GMT', 'paymentRequired': True, 'requestedDeparture': 'Tue, 25 Feb 2020 23:20:56 GMT', 'userID': 2149}]",6.615,6.565,17,Tuesday,0,15,73.41
5e6c25c3f9af8b3cc2917721,0039,2020-02-25 17:45:42,2020-02-26 00:55:33,2020-02-26 00:30:20,0.78,2_39_79_376_2020-02-25 17:45:42.161398,0002,CA-324,2-39-79-376,America/Los_Angeles,,,7.164166666666667,6.743888888888889,17,Tuesday,0,15,11.700000000000001
5e6c25c3f9af8b3cc2917722,0039,2020-02-25 17:47:25,2020-02-26 03:09:02,2020-02-25 19:41:02,11.116,2_39_90_26_2020-02-25 17:47:24.957703,0002,CA-316,2-39-90-26,America/Los_Angeles,000000558,"[{'WhPerMile': 400, 'kWhRequested': 24.0, 'milesRequested': 60, 'minutesAvailable': 60, 'modifiedAt': 'Tue, 25 Feb 2020 17:47:31 GMT', 'paymentRequired': True, 'requestedDeparture': 'Tue, 25 Feb 2020 18:47:25 GMT', 'userID': 558}]",9.360277777777778,1.8936111111111111,17,Tuesday,0,15,166.74
5e6c25c3f9af8b3cc2917723,0039,2020-02-25 17:47:37,2020-02-26 02:36:15,2020-02-25 18:45:12,1.834,2_39_92_436_2020-02-25 17:47:36.783365,0002,CA-318,2-39-92-436,America/Los_Angeles,000000324,"[{'WhPerMile': 444, 'kWhRequested': 8.88, 'milesRequested': 20, 'minutesAvailable': 101, 'modifiedAt': 'Tue, 25 Feb 2020 17:47:45 GMT', 'paymentRequired': True, 'requestedDeparture': 'Tue, 25 Feb 2020 19:28:37 GMT', 'userID': 324}]",8.810555555555556,0.9597222222222223,17,Tuesday,0,15,27.51
5e6c25c3f9af8b3cc2917724,0039,2020-02-25 17:49:48,2020-02-26 02:37:31,2020-02-25 18:49:22,6.368,2_39_78_360_2020-02-25 17:49:47.614663,0002,CA-322,2-39-78-360,America/Los_Angeles,000000714,"[{'WhPerMile': 400, 'kWhRequested': 32.0, 'milesRequested': 80, 'minutesAvailable': 412, 'modifiedAt': 'Tue, 25 Feb 2020 17:50:07 GMT', 'paymentRequired': True, 'requestedDeparture': 'Wed, 26 Feb 2020 00:41:48 GMT', 'userID': 714}]",8.795277777777779,0.9927777777777778,17,Tuesday,0,15,95.52000000000001
5e6c25c3f9af8b3cc2917725,0039,2020-02-25 17:52:23,2020-02-25 23:40:24,2020-02-25 19:39:25,11.109,2_39_124_22_2020-02-25 17:52:22.948100,0002,CA-312,2-39-124-22,America/Los_Angeles,000001912,"[{'WhPerMile': 400, 'kWhRequested': 16.0, 'milesRequested': 40, 'minutesAvailable': 151, 'modifiedAt': 'Tue, 25 Feb 2020 17:52:33 GMT', 'paymentRequired': True, 'requestedDeparture': 'Tue, 25 Feb 2020 20:23:23 GMT', 'userID': 1912}, {'WhPerMile': 400, 'kWhRequested': 16.0, 'milesRequested': 40, 'minutesAvailable': 368, 'modifiedAt': 'Tue, 25 Feb 2020 17:52:42 GMT', 'paymentRequired': True, 'requestedDeparture': 'Wed, 26 Feb 2020 00:00:23 GMT', 'userID': 1912}, {'WhPerMile': 400, 'kWhRequested': 20.0, 'milesRequested': 50, 'minutesAvailable': 368, 'modifiedAt': 'Tue, 25 Feb 2020 17:52:48 GMT', 'paymentRequired': True, 'requestedDeparture': 'Wed, 26 Feb 2020 00:00:23 GMT', 'userID': 1912}]",5.800277777777778,1.7838888888888889,17,Tuesday,0,15,166.635
5e6c25c3f9af8b3cc2917726,0039,2020-02-25 17:55:23,2020-02-25 19:56:22,2020-02-25 19:09:39,2.479,2_39_123_23_2020-02-25 17:55:22.593043,0002,CA-313,2-39-123-23,America/Los_Angeles,000001082,"[{'WhPerMile': 400, 'kWhRequested': 8.0, 'milesRequested': 20, 'minutesAvailable': 64, 'modifiedAt': 'Tue, 25 Feb 2020 17:56:05 GMT', 'paymentRequired': True, 'requestedDeparture': 'Tue, 25 Feb 2020 18:59:23 GMT', 'userID': 1082}]",2.016388888888889,1.2377777777777779,17,Tuesday,0,15,37.185
5e6c25c3f9af8b3cc2917727,0039,2020-02-25 17:59:38,2020-02-26 02:48:49,2020-02-25 18:49:48,2.485,2_39_88_24_2020-02-25 17:59:38.508554,0002,CA-314,2-39-88-24,America/Los_Angeles,000002170,"[{'WhPerMile': 400, 'kWhRequested': 28.0, 'milesRequested': 70, 'minutesAvailable': 417, 'modifiedAt': 'Tue, 25 Feb 2020 17:59:46 GMT', 'paymentRequired': True, 'requestedDeparture': 'Wed, 26 Feb 2020 00:56:38 GMT', 'userID': 2170}]",8.819722222222222,0.8361111111111111,17,Tuesday,0,15,37.275
5e6c25c3f9af8b3cc2917728,0039,2020-02-25 18:24:48,2020-02-26 02:05:05,2020-02-25 21:34:47,12.113,2_39_78_363_2020-02-25 18:24:48.201369,0002,CA-320,2-39-78-363,America/Los_Angeles,000001095,"[{'WhPerMile': 400, 'kWhRequested': 16.0, 'milesRequested': 40, 'minutesAvailable': 447, 'modifiedAt': 'Tue, 25 Feb 2020 18:25:04 GMT', 'paymentRequired': True, 'requestedDeparture': 'Wed, 26 Feb 2020 01:51:48 GMT', 'userID': 1095}]",7.671388888888889,3.1663888888888887,18,Tuesday,0,15,181.695
5e6c25c3f9af8b3cc2917729,0039,2020-02-25 18:32:14,2020-02-26 02:07:48,2020-02-25 21:44:27,7.902,2_39_78_366_2020-02-25 18:32:13.970300,0002,CA-323,2-39-78-366,America/Los_Angeles,000000677,"[{'WhPerMile': 325, 'kWhRequested': 19.5, 'milesRequested': 60, 'minutesAvailable': 71, 'modifiedAt': 'Tue, 25 Feb 2020 18:33:28 GMT', 'paymentRequired': True, 'requestedDeparture': 'Tue, 25 Feb 2020 19:43:14 GMT', 'userID': 677}]",7.592777777777778,3.203611111111111,18,Tuesday,0,15,118.53
5e6c25c3f9af8b3cc291772a,0039,2020-02-25 19:14:26,2020-02-25 20:40:40,2020-02-25 20:17:22,0.821,2_39_78_365_2020-02-25 19:14:26.205396,0002,CA-321,2-39-78-365,America/Los_Angeles,,,1.4372222222222222,1.048888888888889,19,Tuesday,0,15,12.315
5e6c25c3f9af8b3cc291772b,0039,2020-02-25 20:23:32,2020-02-25 22:25:11,2020-02-25 22:22:29,5.987,2_39_123_23_2020-02-25 20:23:32.483339,0002,CA-313,2-39-123-23,America/Los_Angeles,000001366,"[{'WhPerMile': 400, 'kWhRequested': 8.0, 'milesRequested': 20, 'minutesAvailable': 60, 'modifiedAt': 'Tue, 25 Feb 2020 20:23:48 GMT', 'paymentRequired': True, 'requestedDeparture': 'Tue, 25 Feb 2020 21:23:32 GMT', 'userID': 1366}]",2.0275,1.9825,20,Tuesday,0,15,89.805
5e6c25c3f9af8b3cc291772c,0039,2020-02-25 20:26:44,2020-02-26 02:33:44,2020-02-25 21:31:36,2.092,2_39_91_441_2020-02-25 20:26:43.576136,0002,CA-499,2-39-91-441,America/Los_Angeles,000000710,"[{'WhPerMile': 400, 'kWhRequested': 8.0, 'milesRequested': 20, 'minutesAvailable': 286, 'modifiedAt': 'Tue, 25 Feb 2020 20:27:08 GMT', 'paymentRequired': True, 'requestedDeparture': 'Wed, 26 Feb 2020 01:12:44 GMT', 'userID': 710}]",6.116666666666666,1.0811111111111111,20,Tuesday,0,15,31.380000000000003
5e6c25c3f9af8b3cc291772d,0039,2020-02-25 20:38:20,2020-02-26 01:26:24,2020-02-25 22:41:21,6.632,2_39_95_27_2020-02-25 20:38:20.301824,0002,CA-319,2-39-95-27,America/Los_Angeles,000001124,"[{'WhPerMile': 400, 'kWhRequested': 8.0, 'milesRequested': 20, 'minutesAvailable': 60, 'modifiedAt': 'Tue, 25 Feb 2020 20:38:52 GMT', 'paymentRequired': True, 'requestedDeparture': 'Tue, 25 Feb 2020 21:38:20 GMT', 'userID': 1124}]",4.801111111111111,2.0502777777777776,20,Tuesday,0,15,99.47999999999999
5e6c25c3f9af8b3cc291772e,0039,2020-02-25 20:55:33,2020-02-26 01:09:51,2020-02-25 22:48:06,5.704,2_39_125_21_2020-02-25 20:55:32.527944,0002,CA-311,2-39-125-21,America/Los_Angeles,000000620,"[{'WhPerMile': 400, 'kWhRequested': 8.0, 'milesRequested': 20, 'minutesAvailable': 254, 'modifiedAt': 'Tue, 25 Feb 2020 20:55:44 GMT', 'paymentRequired': True, 'requestedDeparture': 'Wed, 26 Feb 2020 01:09:33 GMT', 'userID': 620}]",4.238333333333333,1.8758333333333332,20,Tuesday,0,15,85.56
5e6c25c3f9af8b3cc291772f,0039,2020-02-25 21:02:28,2020-02-25 21:42:25,2020-02-25 21:42:21,2.208,2_39_78_365_2020-02-25 21:02:28.002587,0002,CA-321,2-39-78-365,America/Los_Angeles,000001093,"[{'WhPerMile': 333, 'kWhRequested': 6.66, 'milesRequested': 20, 'minutesAvailable': 199, 'modifiedAt': 'Tue, 25 Feb 2020 21:03:32 GMT', 'paymentRequired': True, 'requestedDeparture': 'Wed, 26 Feb 2020 00:21:28 GMT', 'userID': 1093}]",0.6658333333333334,0.6647222222222222,21,Tuesday,0,15,33.120000000000005
5e6c25c3f9af8b3cc2917730,0039,2020-02-25 21:20:40,2020-02-26 00:41:51,2020-02-26 00:29:01,7.92,2_39_88_438_2020-02-25 21:20:40.105347,0002,CA-502,2-39-88-438,America/Los_Angeles,000006049,"[{'WhPerMile': 267, 'kWhRequested': 8.01, 'milesRequested': 30, 'minutesAvailable': 327, 'modifiedAt': 'Tue, 25 Feb 2020 21:21:19 GMT', 'paymentRequired': True, 'requestedDeparture': 'Wed, 26 Feb 2020 02:47:40 GMT', 'userID': 6049}, {'WhPerMile': 267, 'kWhRequested': 8.01, 'milesRequested': 30, 'minutesAvailable': 204, 'modifiedAt': 'Tue, 25 Feb 2020 21:22:36 GMT', 'paymentRequired': True, 'requestedDeparture': 'Wed, 26 Feb 2020 00:44:40 GMT', 'userID': 6049}, {'WhPerMile': 267, 'kWhRequested': 8.01, 'milesRequested': 30, 'minutesAvailable': 63, 'modifiedAt': 'Wed, 26 Feb 2020 00:05:39 GMT', 'paymentRequired': True, 'requestedDeparture': 'Tue, 25 Feb 2020 22:23:40 GMT', 'userID': 6049}, {'WhPerMile': 267, 'kWhRequested': 8.01, 'milesRequested': 30, 'minutesAvailable': 63, 'modifiedAt': 'Wed, 26 Feb 2020 00:06:22 GMT', 'paymentRequired': True, 'requestedDeparture': 'Tue, 25 Feb 2020 22:23:40 GMT', 'userID': 6049}]",3.3530555555555557,3.1391666666666667,21,Tuesday,0,15,118.8
5e6c25c3f9af8b3cc2917731,0039,2020-02-25 21:33:53,2020-02-25 22:23:44,2020-02-25 22:04:56,0.844,2_39_123_557_2020-02-25 21:33:52.604497,0002,CA-503,2-39-123-557,America/Los_Angeles,,,0.8308333333333333,0.5175,21,Tuesday,0,15,12.66
5e6c25c3f9af8b3cc2917732,0039,2020-02-25 21:40:48,2020-02-25 23:43:51,2020-02-25 23:31:28,5.535,2_39_83_387_2020-02-25 21:40:48.396145,0002,CA-149,2-39-83-387,America/Los_Angeles,000000752,"[{'WhPerMile': 425, 'kWhRequested': 12.75, 'milesRequested': 30, 'minutesAvailable': 440, 'modifiedAt': 'Tue, 25 Feb 2020 21:43:25 GMT', 'paymentRequired': True, 'requestedDeparture': 'Wed, 26 Feb 2020 05:00:48 GMT', 'userID': 752}, {'WhPerMile': 425, 'kWhRequested': 12.75, 'milesRequested': 30, 'minutesAvailable': 440, 'modifiedAt': 'Tue, 25 Feb 2020 23:42:50 GMT', 'paymentRequired': True, 'requestedDeparture': 'Wed, 26 Feb 2020 05:00:48 GMT', 'userID': 752}]",2.0508333333333333,1.8444444444444446,21,Tuesday,0,15,83.025
5e6c25c3f9af8b3cc2917733,0039,2020-02-25 23:27:35,2020-02-26 00:17:04,2020-02-26 00:16:27,2.237,2_39_78_365_2020-02-25 23:27:35.137116,0002,CA-321,2-39-78-365,America/Los_Angeles,000004861,"[{'WhPerMile': 375, 'kWhRequested': 7.5, 'milesRequested': 20, 'minutesAvailable': 222, 'modifiedAt': 'Tue, 25 Feb 2020 23:28:45 GMT', 'paymentRequired': True, 'requestedDeparture': 'Wed, 26 Feb 2020 03:09:35 GMT', 'userID': 4861}, {'WhPerMile': 375, 'kWhRequested': 7.5, 'milesRequested': 20, 'minutesAvailable': 222, 'modifiedAt': 'Wed, 26 Feb 2020 00:16:12 GMT', 'paymentRequired': True, 'requestedDeparture': 'Wed, 26 Feb 2020 03:09:35 GMT', 'userID': 4861}, {'WhPerMile': 375, 'kWhRequested': 7.5, 'milesRequested': 20, 'minutesAvailable': 222, 'modifiedAt': 'Wed, 26 Feb 2020 00:16:29 GMT', 'paymentRequired': True, 'requestedDeparture': 'Wed, 26 Feb 2020 03:09:35 GMT', 'userID': 4861}, {'WhPerMile': 375, 'kWhRequested': 7.5, 'milesRequested': 20, 'minutesAvailable': 222, 'modifiedAt': 'Wed, 26 Feb 2020 00:17:03 GMT', 'paymentRequired': True, 'requestedDeparture': 'Wed, 26 Feb 2020 03:09:35 GMT', 'userID': 4861}]",0.8247222222222222,0.8144444444444444,23,Tuesday,0,15,33.555
5e6c25c3f9af8b3cc2917734,0039,2020-02-26 00:07:59,2020-02-26 01:07:45,2020-02-26 00:38:19,0.862,2_39_124_22_2020-02-26 00:07:58.822385,0002,CA-312,2-39-124-22,America/Los_Angeles,,,0.9961111111111111,0.5055555555555555,0,Wednesday,0,15,12.93
5e6c25c3f9af8b3cc2917735,0039,2020-02-26 00:32:59,2020-02-26 01:21:00,2020-02-26 01:20:56,2.612,2_39_138_29_2020-02-26 00:32:59.299908,0002,CA-304,2-39-138-29,America/Los_Angeles,000001366,"[{'WhPerMile': 400, 'kWhRequested': 8.0, 'milesRequested': 20, 'minutesAvailable': 60, 'modifiedAt': 'Wed, 26 Feb 2020 00:33:49 GMT', 'paymentRequired': True, 'requestedDeparture': 'Wed, 26 Feb 2020 01:32:59 GMT', 'userID': 1366}]",0.8002777777777778,0.7991666666666667,0,Wednesday,0,15,39.18
5e6c25c3f9af8b3cc2917736,0039,2020-02-26 00:39:13,2020-02-26 01:25:59,2020-02-26 01:19:47,0.922,2_39_78_361_2020-02-26 00:39:12.829041,0002,CA-493,2-39-78-361,America/Los_Angeles,,,0.7794444444444445,0.6761111111111111,0,Wednesday,0,15,13.83
5e6c25c3f9af8b3cc2917737,0039,2020-02-26 00:42:09,2020-02-26 02:30:59,2020-02-26 02:30:51,5.805,2_39_130_31_2020-02-26 00:42:09.397862,0002,CA-306,2-39-130-31,America/Los_Angeles,000001920,"[{'WhPerMile': 600, 'kWhRequested': 12.0, 'milesRequested': 20, 'minutesAvailable': 110, 'modifiedAt': 'Wed, 26 Feb 2020 00:42:38 GMT', 'paymentRequired': True, 'requestedDeparture': 'Wed, 26 Feb 2020 02:32:09 GMT', 'userID': 1920}, {'WhPerMile': 600, 'kWhRequested': 12.0, 'milesRequested': 20, 'minutesAvailable': 110, 'modifiedAt': 'Wed, 26 Feb 2020 00:42:44 GMT', 'paymentRequired': True, 'requestedDeparture': 'Wed, 26 Feb 2020 02:32:09 GMT', 'userID': 1920}, {'WhPerMile': 600, 'kWhRequested': 12.0, 'milesRequested': 20, 'minutesAvailable': 107, 'modifiedAt': 'Wed, 26 Feb 2020 00:43:01 GMT', 'paymentRequired': True, 'requestedDeparture': 'Wed, 26 Feb 2020 02:29:09 GMT', 'userID': 1920}]",1.8138888888888889,1.8116666666666668,0,Wednesday,0,15,87.07499999999999
5e6c25c3f9af8b3cc2917738,0039,2020-02-26 01:17:17,2020-02-26 02:43:00,2020-02-26 01:52:32,1.283,2_39_128_18_2020-02-26 01:17:16.767905,0002,CA-308,2-39-128-18,America/Los_Angeles,000000365,"[{'WhPerMile': 333, 'kWhRequested': 9.99, 'milesRequested': 30, 'minutesAvailable': 104, 'modifiedAt': 'Wed, 26 Feb 2020 01:17:35 GMT', 'paymentRequired': True, 'requestedDeparture': 'Wed, 26 Feb 2020 03:01:17 GMT', 'userID': 365}]",1.428611111111111,0.5875,1,Wednesday,0,15,19.244999999999997
5e6c25c3f9af8b3cc2917739,0039,2020-02-26 02:45:41,2020-02-26 14:57:49,2020-02-26 04:42:46,12.172,2_39_79_377_2020-02-26 02:45:40.905237,0002,CA-325,2-39-79-377,America/Los_Angeles,000000754,"[{'WhPerMile': 300, 'kWhRequested': 15.0, 'milesRequested': 50, 'minutesAvailable': 199, 'modifiedAt': 'Wed, 26 Feb 2020 02:45:45 GMT', 'paymentRequired': True, 'requestedDeparture': 'Wed, 26 Feb 2020 06:04:41 GMT', 'userID': 754}]",12.202222222222222,1.9513888888888888,2,Wednesday,0,15,182.58
5e6c25c3f9af8b3cc291773a,0039,2020-02-26 04:23:42,2020-02-26 05:40:40,2020-02-26 05:40:36,4.279,2_39_139_28_2020-02-26 04:23:41.955486,0002,CA-303,2-39-139-28,America/Los_Angeles,000001263,"[{'WhPerMile': 400, 'kWhRequested': 8.0, 'milesRequested': 20, 'minutesAvailable': 115, 'modifiedAt': 'Wed, 26 Feb 2020 04:23:57 GMT', 'paymentRequired': True, 'requestedDeparture': 'Wed, 26 Feb 2020 06:18:42 GMT', 'userID': 1263}]",1.2827777777777778,1.2816666666666667,4,Wednesday,0,15,64.185
5e6c25c3f9af8b3cc291773b,0039,2020-02-26 04:28:47,2020-02-26 06:46:43,2020-02-26 06:46:38,14.144,2_39_124_22_2020-02-26 04:28:47.374148,0002,CA-312,2-39-124-22,America/Los_Angeles,000001099,"[{'WhPerMile': 400, 'kWhRequested': 36.0, 'milesRequested': 90, 'minutesAvailable': 152, 'modifiedAt': 'Wed, 26 Feb 2020 04:29:37 GMT', 'paymentRequired': True, 'requestedDeparture': 'Wed, 26 Feb 2020 07:00:47 GMT', 'userID': 1099}]",2.298888888888889,2.2975,4,Wednesday,0,15,212.16
5e6c25e9f9af8b3cc291773c,0039,2020-02-26 08:11:13,2020-02-26 18:36:56,2020-02-26 14:58:49,10.09,2_39_90_26_2020-02-26 08:11:13.217961,0002,CA-316,2-39-90-26,America/Los_Angeles,000001093,"[{'WhPerMile': 333, 'kWhRequested': 6.66, 'milesRequested': 20, 'minutesAvailable': 199, 'modifiedAt': 'Wed, 26 Feb 2020 08:13:09 GMT', 'paymentRequired': True, 'requestedDeparture': 'Wed, 26 Feb 2020 11:30:13 GMT', 'userID': 1093}, {'WhPerMile': 333, 'kWhRequested': 9.99, 'milesRequested': 30, 'minutesAvailable': 438, 'modifiedAt': 'Wed, 26 Feb 2020 08:13:29 GMT', 'paymentRequired': True, 'requestedDeparture': 'Wed, 26 Feb 2020 15:29:13 GMT', 'userID': 1093}]",10.428611111111111,6.793333333333333,8,Wednesday,0,15,151.35
5e6c25e9f9af8b3cc291773d,0039,2020-02-26 14:48:10,2020-02-27 20:00:02,2020-02-26 19:12:23,14.770036111111112,2_39_79_383_2020-02-26 14:48:10.450989,0002,CA-492,2-39-79-383,America/Los_Angeles,000004913,"[{'WhPerMile': 400, 'kWhRequested': 20.0, 'milesRequested': 50, 'minutesAvailable': 720, 'modifiedAt': 'Wed, 26 Feb 2020 14:48:42 GMT', 'paymentRequired': True, 'requestedDeparture': 'Thu, 27 Feb 2020 02:48:10 GMT', 'userID': 4913}]",29.197777777777777,4.403611111111111,14,Wednesday,0,15,221.55054166666667
5e6c25e9f9af8b3cc291773e,0039,2020-02-26 15:41:40,2020-02-26 16:44:08,2020-02-26 16:44:03,6.33,2_39_129_17_2020-02-26 15:41:28.615507,0002,CA-307,2-39-129-17,America/Los_Angeles,000001938,"[{'WhPerMile': 400, 'kWhRequested': 16.0, 'milesRequested': 40, 'minutesAvailable': 141, 'modifiedAt': 'Wed, 26 Feb 2020 15:41:40 GMT', 'paymentRequired': True, 'requestedDeparture': 'Wed, 26 Feb 2020 18:02:40 GMT', 'userID': 1938}]",1.041111111111111,1.0397222222222222,15,Wednesday,0,15,94.95
5e6c25e9f9af8b3cc291773f,0039,2020-02-26 15:56:27,2020-02-27 01:46:42,2020-02-27 01:05:42,0.846,2_39_79_380_2020-02-26 15:56:27.314467,0002,CA-489,2-39-79-380,America/Los_Angeles,,,9.8375,9.154166666666667,15,Wednesday,0,15,12.69
5e6c25e9f9af8b3cc2917740,0039,2020-02-26 15:59:54,2020-02-26 23:10:42,2020-02-26 17:18:50,3.119,2_39_79_382_2020-02-26 15:59:54.118703,0002,CA-491,2-39-79-382,America/Los_Angeles,000004701,"[{'WhPerMile': 300, 'kWhRequested': 9.0, 'milesRequested': 30, 'minutesAvailable': 307, 'modifiedAt': 'Wed, 26 Feb 2020 16:00:06 GMT', 'paymentRequired': True, 'requestedDeparture': 'Wed, 26 Feb 2020 21:06:54 GMT', 'userID': 4701}]",7.18,1.3155555555555556,15,Wednesday,0,15,46.785000000000004
5e6c25e9f9af8b3cc2917741,0039,2020-02-26 16:12:17,2020-02-27 04:15:01,2020-02-26 17:47:42,4.644,2_39_95_27_2020-02-26 16:11:52.047298,0002,CA-319,2-39-95-27,America/Los_Angeles,000005594,"[{'WhPerMile': 360, 'kWhRequested': 7.2, 'milesRequested': 20, 'minutesAvailable': 198, 'modifiedAt': 'Wed, 26 Feb 2020 16:12:16 GMT', 'paymentRequired': True, 'requestedDeparture': 'Wed, 26 Feb 2020 19:30:17 GMT', 'userID': 5594}]",12.045555555555556,1.5902777777777777,16,Wednesday,0,15,69.66
5e6c25e9f9af8b3cc2917742,0039,2020-02-26 16:15:46,2020-02-27 01:39:06,2020-02-27 01:08:51,50.304,2_39_78_366_2020-02-26 16:15:46.074296,0002,CA-323,2-39-78-366,America/Los_Angeles,000003853,"[{'WhPerMile': 360, 'kWhRequested': 50.4, 'milesRequested': 140, 'minutesAvailable': 520, 'modifiedAt': 'Wed, 26 Feb 2020 16:16:13 GMT', 'paymentRequired': True, 'requestedDeparture': 'Thu, 27 Feb 2020 00:55:46 GMT', 'userID': 3853}]",9.38888888888889,8.884722222222223,16,Wednesday,0,15,754.5600000000001
5e6c25e9f9af8b3cc2917743,0039,2020-02-26 16:21:54,2020-02-27 01:51:20,2020-02-27 01:05:21,0.874,2_39_79_379_2020-02-26 16:21:54.291234,0002,CA-327,2-39-79-379,America/Los_Angeles,,,9.490555555555556,8.724166666666667,16,Wednesday,0,15,13.11
5e6c25e9f9af8b3cc2917744,0039,2020-02-26 16:40:13,2020-02-26 22:25:02,2020-02-26 18:36:00,5.844,2_39_130_31_2020-02-26 16:40:13.142461,0002,CA-306,2-39-130-31,America/Los_Angeles,000001366,"[{'WhPerMile': 400, 'kWhRequested': 8.0, 'milesRequested': 20, 'minutesAvailable': 60, 'modifiedAt': 'Wed, 26 Feb 2020 16:40:24 GMT', 'paymentRequired': True, 'requestedDeparture': 'Wed, 26 Feb 2020 17:40:13 GMT', 'userID': 1366}]",5.746944444444445,1.9297222222222221,16,Wednesday,0,15,87.66000000000001
5e6c25e9f9af8b3cc2917745,0039,2020-02-26 16:48:57,2020-02-27 00:30:20,2020-02-27 00:31:20,14.385,2_39_78_362_2020-02-26 16:48:56.835155,0002,CA-496,2-39-78-362,America/Los_Angeles,000001470,"[{'WhPerMile': 292, 'kWhRequested': 23.36, 'milesRequested': 80, 'minutesAvailable': 266, 'modifiedAt': 'Wed, 26 Feb 2020 16:49:12 GMT', 'paymentRequired': True, 'requestedDeparture': 'Wed, 26 Feb 2020 21:14:57 GMT', 'userID': 1470}]",7.689722222222223,7.706388888888889,16,Wednesday,0,15,215.775
5e6c25e9f9af8b3cc2917746,0039,2020-02-26 16:52:37,2020-02-27 01:31:52,2020-02-26 19:34:46,8.95,2_39_128_562_2020-02-26 16:52:37.108551,0002,CA-508,2-39-128-562,America/Los_Angeles,000001534,"[{'WhPerMile': 250, 'kWhRequested': 10.0, 'milesRequested': 40, 'minutesAvailable': 404, 'modifiedAt': 'Wed, 26 Feb 2020 16:53:11 GMT', 'paymentRequired': True, 'requestedDeparture': 'Wed, 26 Feb 2020 23:36:37 GMT', 'userID': 1534}]",8.654166666666667,2.7025,16,Wednesday,0,15,134.25
5e6c25e9f9af8b3cc2917747,0039,2020-02-26 16:56:08,2020-02-27 03:13:19,2020-02-26 18:43:57,5.639,2_39_127_19_2020-02-26 16:56:07.549745,0002,CA-309,2-39-127-19,America/Los_Angeles,000000562,"[{'WhPerMile': 325, 'kWhRequested': 6.5, 'milesRequested': 20, 'minutesAvailable': 195, 'modifiedAt': 'Wed, 26 Feb 2020 16:56:28 GMT', 'paymentRequired': True, 'requestedDeparture': 'Wed, 26 Feb 2020 20:11:08 GMT', 'userID': 562}]",10.286388888888888,1.7969444444444445,16,Wednesday,0,15,84.58500000000001
5e6c25e9f9af8b3cc2917748,0039,2020-02-26 17:04:20,2020-02-27 00:24:47,2020-02-26 18:40:01,5.031,2_39_79_377_2020-02-26 17:04:20.286210,0002,CA-325,2-39-79-377,America/Los_Angeles,000000858,"[{'WhPerMile': 400, 'kWhRequested': 8.0, 'milesRequested': 20, 'minutesAvailable': 254, 'modifiedAt': 'Wed, 26 Feb 2020 17:04:30 GMT', 'paymentRequired': True, 'requestedDeparture': 'Wed, 26 Feb 2020 21:18:20 GMT', 'userID': 858}]",7.340833333333333,1.5947222222222222,17,Wednesday,0,15,75.46499999999999
5e6c25e9f9af8b3cc2917749,0039,2020-02-26 17:07:30,2020-02-27 00:37:40,2020-02-26 18:31:58,4.055,2_39_89_25_2020-02-26 17:07:30.386552,0002,CA-315,2-39-89-25,America/Los_Angeles,000000743,"[{'WhPerMile': 400, 'kWhRequested': 8.0, 'milesRequested': 20, 'minutesAvailable': 441, 'modifiedAt': 'Wed, 26 Feb 2020 17:08:24 GMT', 'paymentRequired': True, 'requestedDeparture': 'Thu, 27 Feb 2020 00:28:30 GMT', 'userID': 743}]",7.502777777777778,1.4077777777777778,17,Wednesday,0,15,60.824999999999996
5e6c25e9f9af8b3cc291774a,0039,2020-02-26 17:11:34,2020-02-27 03:22:15,2020-02-26 19:03:53,5.939,2_39_125_21_2020-02-26 17:11:34.360069,0002,CA-311,2-39-125-21,America/Los_Angeles,000000567,"[{'WhPerMile': 400, 'kWhRequested': 8.0, 'milesRequested': 20, 'minutesAvailable': 434, 'modifiedAt': 'Wed, 26 Feb 2020 17:11:45 GMT', 'paymentRequired': True, 'requestedDeparture': 'Thu, 27 Feb 2020 00:25:34 GMT', 'userID': 567}, {'WhPerMile': 400, 'kWhRequested': 8.0, 'milesRequested': 20, 'minutesAvailable': 438, 'modifiedAt': 'Wed, 26 Feb 2020 17:16:12 GMT', 'paymentRequired': True, 'requestedDeparture': 'Thu, 27 Feb 2020 00:29:34 GMT', 'userID': 567}]",10.178055555555556,1.8719444444444444,17,Wednesday,0,15,89.08500000000001
5e6c25e9f9af8b3cc291774b,0039,2020-02-26 17:18:41,2020-02-27 04:01:25,2020-02-27 03:19:45,0.874,2_39_79_376_2020-02-26 17:18:40.761579,0002,CA-324,2-39-79-376,America/Los_Angeles,,,10.712222222222222,10.017777777777777,17,Wednesday,0,15,13.11
5e6c25e9f9af8b3cc291774c,0039,2020-02-26 17:28:16,2020-02-27 01:11:02,2020-02-26 19:06:18,4.205,2_39_124_22_2020-02-26 17:28:16.317960,0002,CA-312,2-39-124-22,America/Los_Angeles,000000620,"[{'WhPerMile': 400, 'kWhRequested': 8.0, 'milesRequested': 20, 'minutesAvailable': 441, 'modifiedAt': 'Wed, 26 Feb 2020 17:28:39 GMT', 'paymentRequired': True, 'requestedDeparture': 'Thu, 27 Feb 2020 00:49:16 GMT', 'userID': 620}]",7.712777777777778,1.633888888888889,17,Wednesday,0,15,63.075
5e6c25e9f9af8b3cc291774d,0039,2020-02-26 17:42:18,2020-02-27 01:36:15,2020-02-26 19:46:30,5.726,2_39_123_23_2020-02-26 17:42:18.436824,0002,CA-313,2-39-123-23,America/Los_Angeles,000001364,"[{'WhPerMile': 400, 'kWhRequested': 28.0, 'milesRequested': 70, 'minutesAvailable': 182, 'modifiedAt': 'Wed, 26 Feb 2020 17:42:26 GMT', 'paymentRequired': True, 'requestedDeparture': 'Wed, 26 Feb 2020 20:44:18 GMT', 'userID': 1364}]",7.899166666666667,2.07,17,Wednesday,0,15,85.89
5e6c25e9f9af8b3cc291774e,0039,2020-02-26 17:42:56,2020-02-26 20:28:31,2020-02-26 19:51:15,13.325,2_39_126_20_2020-02-26 17:42:52.428658,0002,CA-310,2-39-126-20,America/Los_Angeles,000001912,"[{'WhPerMile': 400, 'kWhRequested': 20.0, 'milesRequested': 50, 'minutesAvailable': 368, 'modifiedAt': 'Wed, 26 Feb 2020 17:42:55 GMT', 'paymentRequired': True, 'requestedDeparture': 'Wed, 26 Feb 2020 23:50:56 GMT', 'userID': 1912}]",2.7597222222222224,2.138611111111111,17,Wednesday,0,15,199.875
5e6c25e9f9af8b3cc291774f,0039,2020-02-26 17:46:22,2020-02-27 03:13:45,2020-02-26 19:47:55,10.927,2_39_91_437_2020-02-26 17:46:21.685168,0002,CA-317,2-39-91-437,America/Los_Angeles,000000558,"[{'WhPerMile': 400, 'kWhRequested': 24.0, 'milesRequested': 60, 'minutesAvailable': 60, 'modifiedAt': 'Wed, 26 Feb 2020 17:46:25 GMT', 'paymentRequired': True, 'requestedDeparture': 'Wed, 26 Feb 2020 18:46:22 GMT', 'userID': 558}]",9.456388888888888,2.0258333333333334,17,Wednesday,0,15,163.905
5e6c25e9f9af8b3cc2917750,0039,2020-02-26 17:50:37,2020-02-27 01:59:32,2020-02-27 01:38:33,0.861,2_39_78_360_2020-02-26 17:50:37.212822,0002,CA-322,2-39-78-360,America/Los_Angeles,,,8.14861111111111,7.7988888888888885,17,Wednesday,0,15,12.915
5e6c25e9f9af8b3cc2917751,0039,2020-02-26 18:00:50,2020-02-26 20:50:37,2020-02-26 20:33:35,16.578310833333333,2_39_79_378_2020-02-26 18:00:49.750193,0002,CA-326,2-39-79-378,America/Los_Angeles,000000832,"[{'WhPerMile': 400, 'kWhRequested': 16.0, 'milesRequested': 40, 'minutesAvailable': 162, 'modifiedAt': 'Wed, 26 Feb 2020 18:01:23 GMT', 'paymentRequired': True, 'requestedDeparture': 'Wed, 26 Feb 2020 20:42:50 GMT', 'userID': 832}]",2.8297222222222222,2.5458333333333334,18,Wednesday,0,15,248.6746625
5e6c25e9f9af8b3cc2917752,0039,2020-02-26 18:04:32,2020-02-27 00:30:12,2020-02-27 00:11:18,12.354,2_39_78_363_2020-02-26 18:04:28.227460,0002,CA-320,2-39-78-363,America/Los_Angeles,000001095,"[{'WhPerMile': 400, 'kWhRequested': 16.0, 'milesRequested': 40, 'minutesAvailable': 447, 'modifiedAt': 'Wed, 26 Feb 2020 18:04:32 GMT', 'paymentRequired': True, 'requestedDeparture': 'Thu, 27 Feb 2020 01:31:32 GMT', 'userID': 1095}, {'WhPerMile': 400, 'kWhRequested': 16.0, 'milesRequested': 40, 'minutesAvailable': 370, 'modifiedAt': 'Wed, 26 Feb 2020 18:04:37 GMT', 'paymentRequired': True, 'requestedDeparture': 'Thu, 27 Feb 2020 00:14:32 GMT', 'userID': 1095}]",6.427777777777778,6.112777777777778,18,Wednesday,0,15,185.31
5e6c25e9f9af8b3cc2917753,0039,2020-02-26 18:23:05,2020-02-27 01:51:36,2020-02-27 01:51:31,49.667,2_39_88_24_2020-02-26 18:23:04.839060,0002,CA-314,2-39-88-24,America/Los_Angeles,000000489,"[{'WhPerMile': 428, 'kWhRequested': 102.72, 'milesRequested': 240, 'minutesAvailable': 494, 'modifiedAt': 'Wed, 26 Feb 2020 18:23:19 GMT', 'paymentRequired': True, 'requestedDeparture': 'Thu, 27 Feb 2020 02:37:05 GMT', 'userID': 489}, {'WhPerMile': 428, 'kWhRequested': 102.72, 'milesRequested': 240, 'minutesAvailable': 432, 'modifiedAt': 'Wed, 26 Feb 2020 18:23:34 GMT', 'paymentRequired': True, 'requestedDeparture': 'Thu, 27 Feb 2020 01:35:05 GMT', 'userID': 489}, {'WhPerMile': 428, 'kWhRequested': 102.72, 'milesRequested': 240, 'minutesAvailable': 424, 'modifiedAt': 'Wed, 26 Feb 2020 18:23:56 GMT', 'paymentRequired': True, 'requestedDeparture': 'Thu, 27 Feb 2020 01:27:05 GMT', 'userID': 489}]",7.4752777777777775,7.473888888888889,18,Wednesday,0,15,745.005
5e6c25e9f9af8b3cc2917754,0039,2020-02-26 18:25:46,2020-02-27 02:38:22,2020-02-26 19:20:36,2.438,2_39_92_436_2020-02-26 18:25:46.130929,0002,CA-318,2-39-92-436,America/Los_Angeles,000001864,"[{'WhPerMile': 400, 'kWhRequested': 8.0, 'milesRequested': 20, 'minutesAvailable': 452, 'modifiedAt': 'Wed, 26 Feb 2020 18:25:51 GMT', 'paymentRequired': True, 'requestedDeparture': 'Thu, 27 Feb 2020 01:57:46 GMT', 'userID': 1864}, {'WhPerMile': 400, 'kWhRequested': 12.0, 'milesRequested': 30, 'minutesAvailable': 391, 'modifiedAt': 'Wed, 26 Feb 2020 18:26:05 GMT', 'paymentRequired': True, 'requestedDeparture': 'Thu, 27 Feb 2020 00:56:46 GMT', 'userID': 1864}]",8.21,0.9138888888888889,18,Wednesday,0,15,36.57
5e6c25e9f9af8b3cc2917755,0039,2020-02-26 18:36:17,2020-02-26 20:51:31,2020-02-26 20:45:06,4.137,2_39_78_365_2020-02-26 18:36:17.018130,0002,CA-321,2-39-78-365,America/Los_Angeles,000000668,"[{'WhPerMile': 425, 'kWhRequested': 4.25, 'milesRequested': 10, 'minutesAvailable': 83, 'modifiedAt': 'Wed, 26 Feb 2020 18:36:28 GMT', 'paymentRequired': True, 'requestedDeparture': 'Wed, 26 Feb 2020 19:59:17 GMT', 'userID': 668}]",2.253888888888889,2.1469444444444443,18,Wednesday,0,15,62.05499999999999
5e6c25e9f9af8b3cc2917756,0039,2020-02-26 18:42:34,2020-02-26 22:35:05,2020-02-26 22:22:01,3.157,2_39_78_367_2020-02-26 18:42:33.976063,0002,CA-494,2-39-78-367,America/Los_Angeles,000002170,"[{'WhPerMile': 400, 'kWhRequested': 28.0, 'milesRequested': 70, 'minutesAvailable': 417, 'modifiedAt': 'Wed, 26 Feb 2020 18:42:39 GMT', 'paymentRequired': True, 'requestedDeparture': 'Thu, 27 Feb 2020 01:39:34 GMT', 'userID': 2170}]",3.875277777777778,3.6575,18,Wednesday,0,15,47.355000000000004
5e6c25e9f9af8b3cc2917757,0039,2020-02-26 18:50:04,2020-02-27 00:58:04,2020-02-27 00:41:23,0.839,2_39_90_26_2020-02-26 18:50:04.256750,0002,CA-316,2-39-90-26,America/Los_Angeles,,,6.133333333333334,5.855277777777777,18,Wednesday,0,15,12.584999999999999
5e6c25e9f9af8b3cc2917758,0039,2020-02-26 20:33:52,2020-02-27 01:16:25,2020-02-27 01:08:57,1.021,2_39_78_364_2020-02-26 20:33:52.478899,0002,CA-495,2-39-78-364,America/Los_Angeles,,,4.7091666666666665,4.584722222222222,20,Wednesday,0,15,15.314999999999998
5e6c25e9f9af8b3cc2917759,0039,2020-02-26 20:34:29,2020-02-27 03:46:24,2020-02-26 21:40:29,2.204,2_39_126_20_2020-02-26 20:34:29.417187,0002,CA-310,2-39-126-20,America/Los_Angeles,000001082,"[{'WhPerMile': 400, 'kWhRequested': 8.0, 'milesRequested': 20, 'minutesAvailable': 64, 'modifiedAt': 'Wed, 26 Feb 2020 20:34:59 GMT', 'paymentRequired': True, 'requestedDeparture': 'Wed, 26 Feb 2020 21:38:29 GMT', 'userID': 1082}]",7.198611111111111,1.1,20,Wednesday,0,15,33.06
5e6c25e9f9af8b3cc291775a,0039,2020-02-26 20:37:47,2020-02-27 01:24:20,2020-02-26 22:45:23,7.161,2_39_90_440_2020-02-26 20:37:47.310601,0002,CA-500,2-39-90-440,America/Los_Angeles,000001091,"[{'WhPerMile': 300, 'kWhRequested': 9.0, 'milesRequested': 30, 'minutesAvailable': 139, 'modifiedAt': 'Wed, 26 Feb 2020 20:38:11 GMT', 'paymentRequired': True, 'requestedDeparture': 'Wed, 26 Feb 2020 22:56:47 GMT', 'userID': 1091}]",4.775833333333333,2.1266666666666665,20,Wednesday,0,15,107.41499999999999
5e6c25e9f9af8b3cc291775b,0039,2020-02-26 20:45:47,2020-02-27 00:40:03,2020-02-26 21:54:20,2.2,2_39_91_441_2020-02-26 20:45:46.689059,0002,CA-499,2-39-91-441,America/Los_Angeles,000000710,"[{'WhPerMile': 400, 'kWhRequested': 8.0, 'milesRequested': 20, 'minutesAvailable': 286, 'modifiedAt': 'Wed, 26 Feb 2020 20:46:12 GMT', 'paymentRequired': True, 'requestedDeparture': 'Thu, 27 Feb 2020 01:31:47 GMT', 'userID': 710}]",3.9044444444444446,1.1425,20,Wednesday,0,15,33.0
5e6c25e9f9af8b3cc291775c,0039,2020-02-26 21:10:46,2020-02-26 23:59:34,2020-02-26 22:19:43,2.241,2_39_79_378_2020-02-26 21:10:45.826250,0002,CA-326,2-39-79-378,America/Los_Angeles,000000560,"[{'WhPerMile': 400, 'kWhRequested': 12.0, 'milesRequested': 30, 'minutesAvailable': 132, 'modifiedAt': 'Wed, 26 Feb 2020 21:11:11 GMT', 'paymentRequired': True, 'requestedDeparture': 'Wed, 26 Feb 2020 23:22:46 GMT', 'userID': 560}]",2.8133333333333335,1.1491666666666667,21,Wednesday,0,15,33.615
5e6c25e9f9af8b3cc291775d,0039,2020-02-26 21:18:42,2020-02-27 03:03:01,2020-02-26 23:25:27,6.788,2_39_78_365_2020-02-26 21:18:41.543205,0002,CA-321,2-39-78-365,America/Los_Angeles,000001124,"[{'WhPerMile': 400, 'kWhRequested': 8.0, 'milesRequested': 20, 'minutesAvailable': 60, 'modifiedAt': 'Wed, 26 Feb 2020 21:19:04 GMT', 'paymentRequired': True, 'requestedDeparture': 'Wed, 26 Feb 2020 22:18:42 GMT', 'userID': 1124}]",5.738611111111111,2.1125,21,Wednesday,0,15,101.82000000000001
5e6c25e9f9af8b3cc291775e,0039,2020-02-26 22:38:49,2020-02-27 01:53:16,2020-02-27 01:38:50,0.726923536439364,2_39_78_367_2020-02-26 22:38:48.747405,0002,CA-494,2-39-78-367,America/Los_Angeles,,,3.2408333333333332,3.000277777777778,22,Wednesday,0,15,10.903853046590461
5e6c25e9f9af8b3cc291775f,0039,2020-02-26 23:38:44,2020-02-27 01:05:02,2020-02-27 00:37:54,2.855,2_39_79_382_2020-02-26 23:38:43.768326,0002,CA-491,2-39-79-382,America/Los_Angeles,000001920,"[{'WhPerMile': 600, 'kWhRequested': 12.0, 'milesRequested': 20, 'minutesAvailable': 107, 'modifiedAt': 'Wed, 26 Feb 2020 23:39:00 GMT', 'paymentRequired': True, 'requestedDeparture': 'Thu, 27 Feb 2020 01:25:44 GMT', 'userID': 1920}, {'WhPerMile': 600, 'kWhRequested': 12.0, 'milesRequested': 20, 'minutesAvailable': 107, 'modifiedAt': 'Wed, 26 Feb 2020 23:39:07 GMT', 'paymentRequired': True, 'requestedDeparture': 'Thu, 27 Feb 2020 01:25:44 GMT', 'userID': 1920}, {'WhPerMile': 600, 'kWhRequested': 12.0, 'milesRequested': 20, 'minutesAvailable': 105, 'modifiedAt': 'Wed, 26 Feb 2020 23:39:21 GMT', 'paymentRequired': True, 'requestedDeparture': 'Thu, 27 Feb 2020 01:23:44 GMT', 'userID': 1920}]",1.4383333333333332,0.9861111111111112,23,Wednesday,0,15,42.825
5e6c25e9f9af8b3cc2917760,0039,2020-02-27 00:37:55,2020-02-27 04:36:16,2020-02-27 03:22:14,11.67,2_39_79_377_2020-02-27 00:37:54.583253,0002,CA-325,2-39-79-377,America/Los_Angeles,000001137,"[{'WhPerMile': 400, 'kWhRequested': 24.0, 'milesRequested': 60, 'minutesAvailable': 214, 'modifiedAt': 'Thu, 27 Feb 2020 00:39:21 GMT', 'paymentRequired': True, 'requestedDeparture': 'Thu, 27 Feb 2020 04:11:55 GMT', 'userID': 1137}]",3.9725,2.738611111111111,0,Thursday,0,15,175.05
5e6c25e9f9af8b3cc2917761,0039,2020-02-27 00:56:15,2020-02-27 03:30:04,2020-02-27 02:50:07,5.707,2_39_138_29_2020-02-27 00:56:14.736952,0002,CA-304,2-39-138-29,America/Los_Angeles,000001366,"[{'WhPerMile': 400, 'kWhRequested': 8.0, 'milesRequested': 20, 'minutesAvailable': 60, 'modifiedAt': 'Thu, 27 Feb 2020 00:56:54 GMT', 'paymentRequired': True, 'requestedDeparture': 'Thu, 27 Feb 2020 01:56:15 GMT', 'userID': 1366}]",2.5636111111111113,1.8977777777777778,0,Thursday,0,15,85.605
5e6c25e9f9af8b3cc2917762,0039,2020-02-27 01:54:02,2020-02-27 03:07:35,2020-02-27 02:56:29,5.886,2_39_79_382_2020-02-27 01:54:01.600211,0002,CA-491,2-39-79-382,America/Los_Angeles,000004701,"[{'WhPerMile': 300, 'kWhRequested': 6.0, 'milesRequested': 20, 'minutesAvailable': 86, 'modifiedAt': 'Thu, 27 Feb 2020 01:54:10 GMT', 'paymentRequired': True, 'requestedDeparture': 'Thu, 27 Feb 2020 03:20:02 GMT', 'userID': 4701}]",1.2258333333333333,1.0408333333333333,1,Thursday,0,15,88.29
5e6c25e9f9af8b3cc2917763,0039,2020-02-27 02:59:45,2020-02-27 04:36:33,2020-02-27 04:36:29,6.151,2_39_139_28_2020-02-27 02:59:44.762294,0002,CA-303,2-39-139-28,America/Los_Angeles,000001564,"[{'WhPerMile': 300, 'kWhRequested': 12.0, 'milesRequested': 40, 'minutesAvailable': 139, 'modifiedAt': 'Thu, 27 Feb 2020 02:59:47 GMT', 'paymentRequired': True, 'requestedDeparture': 'Thu, 27 Feb 2020 05:18:45 GMT', 'userID': 1564}]",1.6133333333333333,1.6122222222222222,2,Thursday,0,15,92.265
5e6c25e9f9af8b3cc2917764,0039,2020-02-27 03:44:20,2020-02-27 06:14:56,2020-02-27 06:14:51,15.263,2_39_129_17_2020-02-27 03:44:19.871162,0002,CA-307,2-39-129-17,America/Los_Angeles,000001099,"[{'WhPerMile': 400, 'kWhRequested': 36.0, 'milesRequested': 90, 'minutesAvailable': 171, 'modifiedAt': 'Thu, 27 Feb 2020 03:45:05 GMT', 'paymentRequired': True, 'requestedDeparture': 'Thu, 27 Feb 2020 06:35:20 GMT', 'userID': 1099}]",2.51,2.508611111111111,3,Thursday,0,15,228.945
5e6c25e9f9af8b3cc2917765,0039,2020-02-27 04:49:41,2020-02-27 05:50:19,2020-02-27 05:20:33,0.87,2_39_139_28_2020-02-27 04:49:41.287233,0002,CA-303,2-39-139-28,America/Los_Angeles,,,1.0105555555555557,0.5144444444444445,4,Thursday,0,15,13.05
5e6d771af9af8b40886ec466,0039,2020-02-27 15:56:02,2020-02-28 01:27:50,2020-02-28 00:46:02,2.75,2_39_78_366_2020-02-27 15:56:01.732189,0002,CA-323,2-39-78-366,America/Los_Angeles,000003853,"[{'WhPerMile': 360, 'kWhRequested': 28.8, 'milesRequested': 80, 'minutesAvailable': 520, 'modifiedAt': 'Thu, 27 Feb 2020 15:57:55 GMT', 'paymentRequired': True, 'requestedDeparture': 'Fri, 28 Feb 2020 00:36:02 GMT', 'userID': 3853}]",9.53,8.833333333333334,15,Thursday,0,15,41.25
5e6d771af9af8b40886ec467,0039,2020-02-27 15:56:06,2020-02-27 22:47:21,2020-02-27 20:36:58,3.316,2_39_79_382_2020-02-27 15:56:05.803259,0002,CA-491,2-39-79-382,America/Los_Angeles,000004701,"[{'WhPerMile': 300, 'kWhRequested': 9.0, 'milesRequested': 30, 'minutesAvailable': 416, 'modifiedAt': 'Thu, 27 Feb 2020 15:56:09 GMT', 'paymentRequired': True, 'requestedDeparture': 'Thu, 27 Feb 2020 22:52:06 GMT', 'userID': 4701}]",6.854166666666667,4.681111111111111,15,Thursday,0,15,49.739999999999995
5e6d771af9af8b40886ec468,0039,2020-02-27 16:04:45,2020-02-28 03:07:44,2020-02-27 20:36:56,1.632,2_39_79_380_2020-02-27 16:04:45.257237,0002,CA-489,2-39-79-380,America/Los_Angeles,,,11.049722222222222,4.536388888888889,16,Thursday,0,15,24.479999999999997
5e6d771af9af8b40886ec469,0039,2020-02-27 16:20:25,2020-02-27 22:11:48,2020-02-27 22:11:43,15.803,2_39_79_376_2020-02-27 16:20:21.547525,0002,CA-324,2-39-79-376,America/Los_Angeles,000003424,"[{'WhPerMile': 295, 'kWhRequested': 29.5, 'milesRequested': 100, 'minutesAvailable': 546, 'modifiedAt': 'Thu, 27 Feb 2020 16:20:25 GMT', 'paymentRequired': True, 'requestedDeparture': 'Fri, 28 Feb 2020 01:26:25 GMT', 'userID': 3424}]",5.856388888888889,5.855,16,Thursday,0,15,237.04500000000002
5e6d771af9af8b40886ec46a,0039,2020-02-27 16:26:27,2020-02-28 00:43:36,2020-02-27 20:49:30,0.6908228793307026,2_39_78_364_2020-02-27 16:26:27.472403,0002,CA-495,2-39-78-364,America/Los_Angeles,000001470,"[{'WhPerMile': 292, 'kWhRequested': 17.52, 'milesRequested': 60, 'minutesAvailable': 266, 'modifiedAt': 'Thu, 27 Feb 2020 16:27:03 GMT', 'paymentRequired': True, 'requestedDeparture': 'Thu, 27 Feb 2020 20:52:27 GMT', 'userID': 1470}]",8.285833333333333,4.384166666666666,16,Thursday,0,15,10.362343189960539
5e6d771af9af8b40886ec46b,0039,2020-02-27 16:34:19,2020-02-28 01:14:21,2020-02-27 20:36:58,0.723,2_39_79_379_2020-02-27 16:34:19.482901,0002,CA-327,2-39-79-379,America/Los_Angeles,,,8.667222222222222,4.0441666666666665,16,Thursday,0,15,10.844999999999999
5e6d771af9af8b40886ec46c,0039,2020-02-27 16:34:29,2020-02-27 23:14:47,2020-02-27 21:55:18,1.978,2_39_78_365_2020-02-27 16:34:29.507240,0002,CA-321,2-39-78-365,America/Los_Angeles,000000068,"[{'WhPerMile': 214, 'kWhRequested': 12.84, 'milesRequested': 60, 'minutesAvailable': 303, 'modifiedAt': 'Thu, 27 Feb 2020 16:35:01 GMT', 'paymentRequired': True, 'requestedDeparture': 'Thu, 27 Feb 2020 21:37:29 GMT', 'userID': 68}]",6.671666666666667,5.3469444444444445,16,Thursday,0,15,29.669999999999998
5e6d771af9af8b40886ec46d,0039,2020-02-27 16:41:59,2020-02-28 02:27:33,2020-02-27 20:36:57,4.535,2_39_139_28_2020-02-27 16:41:32.839982,0002,CA-303,2-39-139-28,America/Los_Angeles,000000712,"[{'WhPerMile': 400, 'kWhRequested': 16.0, 'milesRequested': 40, 'minutesAvailable': 343, 'modifiedAt': 'Thu, 27 Feb 2020 16:41:59 GMT', 'paymentRequired': True, 'requestedDeparture': 'Thu, 27 Feb 2020 22:24:59 GMT', 'userID': 712}]",9.759444444444444,3.9161111111111113,16,Thursday,0,15,68.025
5e6d771af9af8b40886ec46e,0039,2020-02-27 16:43:26,2020-02-28 00:07:32,2020-02-27 21:54:08,13.09,2_39_79_377_2020-02-27 16:43:25.755640,0002,CA-325,2-39-79-377,America/Los_Angeles,000000945,"[{'WhPerMile': 400, 'kWhRequested': 32.0, 'milesRequested': 80, 'minutesAvailable': 62, 'modifiedAt': 'Thu, 27 Feb 2020 16:43:27 GMT', 'paymentRequired': True, 'requestedDeparture': 'Thu, 27 Feb 2020 17:45:26 GMT', 'userID': 945}]",7.401666666666666,5.178333333333334,16,Thursday,0,15,196.35
5e6d771af9af8b40886ec46f,0039,2020-02-27 16:48:23,2020-02-27 22:47:38,2020-02-27 20:36:55,2.448,2_39_130_31_2020-02-27 16:48:23.053669,0002,CA-306,2-39-130-31,America/Los_Angeles,000001366,"[{'WhPerMile': 400, 'kWhRequested': 8.0, 'milesRequested': 20, 'minutesAvailable': 60, 'modifiedAt': 'Thu, 27 Feb 2020 16:48:41 GMT', 'paymentRequired': True, 'requestedDeparture': 'Thu, 27 Feb 2020 17:48:23 GMT', 'userID': 1366}]",5.9875,3.8088888888888888,16,Thursday,0,15,36.72
5e6d771af9af8b40886ec470,0039,2020-02-27 16:48:46,2020-02-28 03:12:36,2020-02-27 20:36:56,5.388,2_39_127_19_2020-02-27 16:48:45.871865,0002,CA-309,2-39-127-19,America/Los_Angeles,000000562,"[{'WhPerMile': 325, 'kWhRequested': 6.5, 'milesRequested': 20, 'minutesAvailable': 195, 'modifiedAt': 'Thu, 27 Feb 2020 16:49:00 GMT', 'paymentRequired': True, 'requestedDeparture': 'Thu, 27 Feb 2020 20:03:46 GMT', 'userID': 562}]",10.397222222222222,3.8027777777777776,16,Thursday,0,15,80.82
5e6d771af9af8b40886ec471,0039,2020-02-27 16:53:03,2020-02-27 22:54:10,2020-02-27 22:54:02,7.524,2_39_78_361_2020-02-27 16:52:56.199674,0002,CA-493,2-39-78-361,America/Los_Angeles,000000671,"[{'WhPerMile': 267, 'kWhRequested': 26.7, 'milesRequested': 100, 'minutesAvailable': 352, 'modifiedAt': 'Thu, 27 Feb 2020 16:53:03 GMT', 'paymentRequired': True, 'requestedDeparture': 'Thu, 27 Feb 2020 22:45:03 GMT', 'userID': 671}]",6.018611111111111,6.016388888888889,16,Thursday,0,15,112.86
5e6d771af9af8b40886ec472,0039,2020-02-27 17:04:10,2020-02-28 00:37:16,2020-02-27 20:36:56,5.562,2_39_89_25_2020-02-27 17:04:10.113429,0002,CA-315,2-39-89-25,America/Los_Angeles,,,7.551666666666667,3.546111111111111,17,Thursday,0,15,83.43
5e6d771af9af8b40886ec473,0039,2020-02-27 17:09:51,2020-02-28 03:05:52,2020-02-27 21:33:00,11.05,2_39_91_441_2020-02-27 17:09:31.739552,0002,CA-499,2-39-91-441,America/Los_Angeles,000000558,"[{'WhPerMile': 400, 'kWhRequested': 24.0, 'milesRequested': 60, 'minutesAvailable': 60, 'modifiedAt': 'Thu, 27 Feb 2020 17:09:50 GMT', 'paymentRequired': True, 'requestedDeparture': 'Thu, 27 Feb 2020 18:09:51 GMT', 'userID': 558}]",9.93361111111111,4.385833333333333,17,Thursday,0,15,165.75
5e6d771af9af8b40886ec474,0039,2020-02-27 17:25:21,2020-02-27 23:06:41,2020-02-27 22:16:50,13.433,2_39_126_20_2020-02-27 17:24:52.023852,0002,CA-310,2-39-126-20,America/Los_Angeles,000001912,"[{'WhPerMile': 400, 'kWhRequested': 20.0, 'milesRequested': 50, 'minutesAvailable': 368, 'modifiedAt': 'Thu, 27 Feb 2020 17:25:21 GMT', 'paymentRequired': True, 'requestedDeparture': 'Thu, 27 Feb 2020 23:33:21 GMT', 'userID': 1912}]",5.688888888888889,4.858055555555556,17,Thursday,0,15,201.495
5e6d771af9af8b40886ec475,0039,2020-02-27 17:33:06,2020-02-27 21:30:16,2020-02-27 21:09:53,1.285,2_39_78_363_2020-02-27 17:33:05.850218,0002,CA-320,2-39-78-363,America/Los_Angeles,000000714,"[{'WhPerMile': 400, 'kWhRequested': 32.0, 'milesRequested': 80, 'minutesAvailable': 412, 'modifiedAt': 'Thu, 27 Feb 2020 17:33:19 GMT', 'paymentRequired': True, 'requestedDeparture': 'Fri, 28 Feb 2020 00:25:06 GMT', 'userID': 714}]",3.952777777777778,3.6130555555555555,17,Thursday,0,15,19.275
5e6d771af9af8b40886ec476,0039,2020-02-27 17:33:58,2020-02-28 00:12:01,2020-02-27 22:50:50,8.802,2_39_79_378_2020-02-27 17:33:58.446056,0002,CA-326,2-39-79-378,America/Los_Angeles,000001137,"[{'WhPerMile': 400, 'kWhRequested': 32.0, 'milesRequested': 80, 'minutesAvailable': 403, 'modifiedAt': 'Thu, 27 Feb 2020 17:38:02 GMT', 'paymentRequired': True, 'requestedDeparture': 'Fri, 28 Feb 2020 00:16:58 GMT', 'userID': 1137}]",6.634166666666666,5.2811111111111115,17,Thursday,0,15,132.03
5e6d771af9af8b40886ec477,0039,2020-02-27 18:22:51,2020-02-28 01:29:12,2020-02-27 20:36:55,2.831,2_39_91_437_2020-02-27 18:22:51.241183,0002,CA-317,2-39-91-437,America/Los_Angeles,000002170,"[{'WhPerMile': 400, 'kWhRequested': 28.0, 'milesRequested': 70, 'minutesAvailable': 417, 'modifiedAt': 'Thu, 27 Feb 2020 18:23:03 GMT', 'paymentRequired': True, 'requestedDeparture': 'Fri, 28 Feb 2020 01:19:51 GMT', 'userID': 2170}]",7.105833333333333,2.2344444444444442,18,Thursday,0,15,42.464999999999996
5e6d771af9af8b40886ec478,0039,2020-02-27 18:25:54,2020-02-28 01:44:44,2020-02-27 21:48:17,7.675,2_39_95_27_2020-02-27 18:25:54.480717,0002,CA-319,2-39-95-27,America/Los_Angeles,000001524,"[{'WhPerMile': 400, 'kWhRequested': 12.0, 'milesRequested': 30, 'minutesAvailable': 129, 'modifiedAt': 'Thu, 27 Feb 2020 18:26:21 GMT', 'paymentRequired': True, 'requestedDeparture': 'Thu, 27 Feb 2020 20:34:54 GMT', 'userID': 1524}]",7.313888888888889,3.3730555555555557,18,Thursday,0,15,115.125
5e6d771af9af8b40886ec479,0039,2020-02-27 18:26:54,2020-02-28 00:23:55,2020-02-27 22:14:43,11.42,2_39_90_440_2020-02-27 18:26:44.826894,0002,CA-500,2-39-90-440,America/Los_Angeles,000001095,"[{'WhPerMile': 400, 'kWhRequested': 16.0, 'milesRequested': 40, 'minutesAvailable': 370, 'modifiedAt': 'Thu, 27 Feb 2020 18:26:53 GMT', 'paymentRequired': True, 'requestedDeparture': 'Fri, 28 Feb 2020 00:36:54 GMT', 'userID': 1095}]",5.950277777777778,3.7969444444444442,18,Thursday,0,15,171.3
5e6d771af9af8b40886ec47a,0039,2020-02-27 18:38:20,2020-02-28 01:40:31,2020-02-27 21:46:41,6.096,2_39_123_23_2020-02-27 18:38:20.112146,0002,CA-313,2-39-123-23,America/Los_Angeles,000000567,"[{'WhPerMile': 400, 'kWhRequested': 8.0, 'milesRequested': 20, 'minutesAvailable': 665, 'modifiedAt': 'Thu, 27 Feb 2020 18:38:24 GMT', 'paymentRequired': True, 'requestedDeparture': 'Fri, 28 Feb 2020 05:43:20 GMT', 'userID': 567}, {'WhPerMile': 400, 'kWhRequested': 8.0, 'milesRequested': 20, 'minutesAvailable': 402, 'modifiedAt': 'Thu, 27 Feb 2020 18:38:52 GMT', 'paymentRequired': True, 'requestedDeparture': 'Fri, 28 Feb 2020 01:20:20 GMT', 'userID': 567}, {'WhPerMile': 400, 'kWhRequested': 8.0, 'milesRequested': 20, 'minutesAvailable': 61, 'modifiedAt': 'Thu, 27 Feb 2020 18:40:10 GMT', 'paymentRequired': True, 'requestedDeparture': 'Thu, 27 Feb 2020 19:39:20 GMT', 'userID': 567}, {'WhPerMile': 400, 'kWhRequested': 8.0, 'milesRequested': 20, 'minutesAvailable': 61, 'modifiedAt': 'Thu, 27 Feb 2020 19:43:02 GMT', 'paymentRequired': True, 'requestedDeparture': 'Thu, 27 Feb 2020 19:39:20 GMT', 'userID': 567}]",7.036388888888889,3.1391666666666667,18,Thursday,0,15,91.44
5e6d771af9af8b40886ec47b,0039,2020-02-27 19:08:34,2020-02-28 05:29:49,2020-02-27 22:35:06,13.923,2_39_89_439_2020-02-27 19:08:34.203918,0002,CA-501,2-39-89-439,America/Los_Angeles,000000069,"[{'WhPerMile': 400, 'kWhRequested': 40.0, 'milesRequested': 100, 'minutesAvailable': 363, 'modifiedAt': 'Thu, 27 Feb 2020 19:08:55 GMT', 'paymentRequired': True, 'requestedDeparture': 'Fri, 28 Feb 2020 01:11:34 GMT', 'userID': 69}]",10.354166666666666,3.442222222222222,19,Thursday,0,15,208.845
5e6d771af9af8b40886ec47c,0039,2020-02-27 20:00:11,2020-02-28 00:54:45,2020-02-27 23:23:15,0.7456287335718179,2_39_78_360_2020-02-27 20:00:11.291573,0002,CA-322,2-39-78-360,America/Los_Angeles,,,4.9094444444444445,3.3844444444444446,20,Thursday,0,15,11.184431003577268
5e6d771af9af8b40886ec47d,0039,2020-02-27 20:04:53,2020-02-28 02:41:03,2020-02-27 22:05:51,3.872,2_39_90_26_2020-02-27 20:04:52.754044,0002,CA-316,2-39-90-26,America/Los_Angeles,000000958,"[{'WhPerMile': 200, 'kWhRequested': 4.0, 'milesRequested': 20, 'minutesAvailable': 570, 'modifiedAt': 'Thu, 27 Feb 2020 20:06:09 GMT', 'paymentRequired': True, 'requestedDeparture': 'Fri, 28 Feb 2020 05:34:53 GMT', 'userID': 958}]",6.602777777777778,2.016111111111111,20,Thursday,0,15,58.08
5e6d771af9af8b40886ec47e,0039,2020-02-27 21:05:19,2020-02-27 22:55:52,2020-02-27 22:55:47,11.709,2_39_125_21_2020-02-27 21:05:19.445361,0002,CA-311,2-39-125-21,America/Los_Angeles,000001039,"[{'WhPerMile': 400, 'kWhRequested': 80.0, 'milesRequested': 200, 'minutesAvailable': 327, 'modifiedAt': 'Thu, 27 Feb 2020 21:05:38 GMT', 'paymentRequired': True, 'requestedDeparture': 'Fri, 28 Feb 2020 02:32:19 GMT', 'userID': 1039}]",1.8425,1.8411111111111111,21,Thursday,0,15,175.635
5e6d771af9af8b40886ec47f,0039,2020-02-27 21:07:36,2020-02-28 04:20:45,2020-02-27 21:41:13,1.675,2_39_95_444_2020-02-27 21:07:35.534715,0002,CA-497,2-39-95-444,America/Los_Angeles,000001091,"[{'WhPerMile': 300, 'kWhRequested': 9.0, 'milesRequested': 30, 'minutesAvailable': 139, 'modifiedAt': 'Thu, 27 Feb 2020 21:07:49 GMT', 'paymentRequired': True, 'requestedDeparture': 'Thu, 27 Feb 2020 23:26:36 GMT', 'userID': 1091}]",7.219166666666666,0.5602777777777778,21,Thursday,0,15,25.125
5e6d771af9af8b40886ec480,0039,2020-02-27 21:36:21,2020-02-28 01:29:23,2020-02-27 23:47:46,14.324,2_39_88_438_2020-02-27 21:36:21.238235,0002,CA-502,2-39-88-438,America/Los_Angeles,000003176,"[{'WhPerMile': 400, 'kWhRequested': 20.0, 'milesRequested': 50, 'minutesAvailable': 260, 'modifiedAt': 'Thu, 27 Feb 2020 21:37:14 GMT', 'paymentRequired': True, 'requestedDeparture': 'Fri, 28 Feb 2020 01:56:21 GMT', 'userID': 3176}]",3.883888888888889,2.1902777777777778,21,Thursday,0,15,214.85999999999999
5e6d771af9af8b40886ec481,0039,2020-02-27 21:51:49,2020-02-28 03:00:15,2020-02-27 23:57:11,6.884,2_39_78_363_2020-02-27 21:51:49.398641,0002,CA-320,2-39-78-363,America/Los_Angeles,000001124,"[{'WhPerMile': 400, 'kWhRequested': 8.0, 'milesRequested': 20, 'minutesAvailable': 60, 'modifiedAt': 'Thu, 27 Feb 2020 21:52:41 GMT', 'paymentRequired': True, 'requestedDeparture': 'Thu, 27 Feb 2020 22:51:49 GMT', 'userID': 1124}]",5.140555555555555,2.0894444444444447,21,Thursday,0,15,103.26
5e6d771af9af8b40886ec482,0039,2020-02-27 22:18:02,2020-02-27 23:37:23,2020-02-27 23:37:18,4.252,2_39_124_22_2020-02-27 22:18:01.989844,0002,CA-312,2-39-124-22,America/Los_Angeles,000001236,"[{'WhPerMile': 400, 'kWhRequested': 8.0, 'milesRequested': 20, 'minutesAvailable': 67, 'modifiedAt': 'Thu, 27 Feb 2020 22:19:16 GMT', 'paymentRequired': True, 'requestedDeparture': 'Thu, 27 Feb 2020 23:25:02 GMT', 'userID': 1236}]",1.3225,1.3211111111111111,22,Thursday,0,15,63.779999999999994
5e6d771af9af8b40886ec483,0039,2020-02-27 22:49:24,2020-02-27 23:45:45,2020-02-27 23:03:39,1.161,2_39_130_31_2020-02-27 22:49:24.399869,0002,CA-306,2-39-130-31,America/Los_Angeles,000000630,"[{'WhPerMile': 400, 'kWhRequested': 24.0, 'milesRequested': 60, 'minutesAvailable': 76, 'modifiedAt': 'Thu, 27 Feb 2020 22:49:36 GMT', 'paymentRequired': True, 'requestedDeparture': 'Fri, 28 Feb 2020 00:05:24 GMT', 'userID': 630}]",0.9391666666666667,0.2375,22,Thursday,0,15,17.415
5e6d771af9af8b40886ec484,0039,2020-02-28 00:08:53,2020-02-28 02:11:14,2020-02-28 02:11:09,13.537,2_39_92_436_2020-02-28 00:08:53.492289,0002,CA-318,2-39-92-436,America/Los_Angeles,000001039,"[{'WhPerMile': 400, 'kWhRequested': 40.0, 'milesRequested': 100, 'minutesAvailable': 327, 'modifiedAt': 'Fri, 28 Feb 2020 00:09:09 GMT', 'paymentRequired': True, 'requestedDeparture': 'Fri, 28 Feb 2020 05:35:53 GMT', 'userID': 1039}]",2.0391666666666666,2.037777777777778,0,Friday,0,15,203.055
5e6d771af9af8b40886ec485,0039,2020-02-28 00:21:23,2020-02-28 02:26:53,2020-02-28 01:13:39,2.472,2_39_125_21_2020-02-28 00:21:22.781455,0002,CA-311,2-39-125-21,America/Los_Angeles,000001920,"[{'WhPerMile': 600, 'kWhRequested': 12.0, 'milesRequested': 20, 'minutesAvailable': 105, 'modifiedAt': 'Fri, 28 Feb 2020 00:22:16 GMT', 'paymentRequired': True, 'requestedDeparture': 'Fri, 28 Feb 2020 02:06:23 GMT', 'userID': 1920}, {'WhPerMile': 600, 'kWhRequested': 12.0, 'milesRequested': 20, 'minutesAvailable': 105, 'modifiedAt': 'Fri, 28 Feb 2020 00:22:20 GMT', 'paymentRequired': True, 'requestedDeparture': 'Fri, 28 Feb 2020 02:06:23 GMT', 'userID': 1920}, {'WhPerMile': 600, 'kWhRequested': 12.0, 'milesRequested': 20, 'minutesAvailable': 102, 'modifiedAt': 'Fri, 28 Feb 2020 00:22:30 GMT', 'paymentRequired': True, 'requestedDeparture': 'Fri, 28 Feb 2020 02:03:23 GMT', 'userID': 1920}, {'WhPerMile': 600, 'kWhRequested': 12.0, 'milesRequested': 20, 'minutesAvailable': 122, 'modifiedAt': 'Fri, 28 Feb 2020 00:22:36 GMT', 'paymentRequired': True, 'requestedDeparture': 'Fri, 28 Feb 2020 02:23:23 GMT', 'userID': 1920}]",2.091666666666667,0.8711111111111111,0,Friday,0,15,37.08
5e6d771af9af8b40886ec486,0039,2020-02-28 00:51:26,2020-02-28 01:48:35,2020-02-28 01:39:34,2.077,2_39_130_31_2020-02-28 00:51:26.363587,0002,CA-306,2-39-130-31,America/Los_Angeles,000001366,"[{'WhPerMile': 400, 'kWhRequested': 8.0, 'milesRequested': 20, 'minutesAvailable': 60, 'modifiedAt': 'Fri, 28 Feb 2020 00:51:36 GMT', 'paymentRequired': True, 'requestedDeparture': 'Fri, 28 Feb 2020 01:51:26 GMT', 'userID': 1366}]",0.9525,0.8022222222222222,0,Friday,0,15,31.155
5e6d771af9af8b40886ec487,0039,2020-02-28 01:44:25,2020-02-28 03:01:48,2020-02-28 02:14:42,0.833,2_39_131_30_2020-02-28 01:44:25.454941,0002,CA-305,2-39-131-30,America/Los_Angeles,,,1.2897222222222222,0.5047222222222222,1,Friday,0,15,12.495
5e6d771af9af8b40886ec488,0039,2020-02-28 03:20:35,2020-02-28 06:09:15,2020-02-28 06:09:10,9.559,2_39_91_437_2020-02-28 03:20:34.861142,0002,CA-317,2-39-91-437,America/Los_Angeles,000001108,"[{'WhPerMile': 400, 'kWhRequested': 20.0, 'milesRequested': 50, 'minutesAvailable': 163, 'modifiedAt': 'Fri, 28 Feb 2020 03:23:54 GMT', 'paymentRequired': True, 'requestedDeparture': 'Fri, 28 Feb 2020 06:03:35 GMT', 'userID': 1108}]",2.811111111111111,2.8097222222222222,3,Friday,0,15,143.385
5e6d771af9af8b40886ec489,0039,2020-02-28 04:27:33,2020-02-28 05:53:15,2020-02-28 05:16:12,2.737,2_39_139_28_2020-02-28 04:27:32.892471,0002,CA-303,2-39-139-28,America/Los_Angeles,000001263,"[{'WhPerMile': 400, 'kWhRequested': 8.0, 'milesRequested': 20, 'minutesAvailable': 115, 'modifiedAt': 'Fri, 28 Feb 2020 04:27:49 GMT', 'paymentRequired': True, 'requestedDeparture': 'Fri, 28 Feb 2020 06:22:33 GMT', 'userID': 1263}]",1.4283333333333332,0.8108333333333333,4,Friday,0,15,41.055
5e6ec8a0f9af8b4466ea156b,0039,2020-02-28 14:46:27,2020-02-28 22:12:33,2020-02-28 18:57:33,13.25,2_39_79_383_2020-02-28 14:46:27.514748,0002,CA-492,2-39-79-383,America/Los_Angeles,000004913,"[{'WhPerMile': 400, 'kWhRequested': 20.0, 'milesRequested': 50, 'minutesAvailable': 358, 'modifiedAt': 'Fri, 28 Feb 2020 14:47:04 GMT', 'paymentRequired': True, 'requestedDeparture': 'Fri, 28 Feb 2020 20:44:27 GMT', 'userID': 4913}]",7.435,4.185,14,Friday,0,15,198.75
5e6ec8a0f9af8b4466ea156c,0039,2020-02-28 15:01:12,2020-02-29 01:09:02,2020-02-28 16:24:12,3.988,2_39_89_25_2020-02-28 14:58:14.180120,0002,CA-315,2-39-89-25,America/Los_Angeles,000000743,"[{'WhPerMile': 400, 'kWhRequested': 8.0, 'milesRequested': 20, 'minutesAvailable': 441, 'modifiedAt': 'Fri, 28 Feb 2020 15:01:12 GMT', 'paymentRequired': True, 'requestedDeparture': 'Fri, 28 Feb 2020 22:22:12 GMT', 'userID': 743}]",10.130555555555556,1.3833333333333333,15,Friday,0,15,59.82
5e6ec8a0f9af8b4466ea156d,0039,2020-02-28 15:39:20,2020-02-29 00:48:39,2020-02-28 16:52:26,2.786,2_39_79_382_2020-02-28 15:39:19.620945,0002,CA-491,2-39-79-382,America/Los_Angeles,000004701,"[{'WhPerMile': 300, 'kWhRequested': 9.0, 'milesRequested': 30, 'minutesAvailable': 416, 'modifiedAt': 'Fri, 28 Feb 2020 15:39:21 GMT', 'paymentRequired': True, 'requestedDeparture': 'Fri, 28 Feb 2020 22:35:20 GMT', 'userID': 4701}]",9.155277777777778,1.2183333333333333,15,Friday,0,15,41.79
5e6ec8a0f9af8b4466ea156e,0039,2020-02-28 15:43:41,2020-02-29 03:08:59,2020-02-29 00:20:02,1.218,2_39_79_380_2020-02-28 15:43:41.049763,0002,CA-489,2-39-79-380,America/Los_Angeles,,,11.421666666666667,8.605833333333333,15,Friday,0,15,18.27
5e6ec8a0f9af8b4466ea156f,0039,2020-02-28 16:00:03,2020-02-28 20:50:05,2020-02-28 17:17:09,3.443,2_39_138_29_2020-02-28 16:00:02.806029,0002,CA-304,2-39-138-29,America/Los_Angeles,000001564,"[{'WhPerMile': 300, 'kWhRequested': 12.0, 'milesRequested': 40, 'minutesAvailable': 139, 'modifiedAt': 'Fri, 28 Feb 2020 16:00:18 GMT', 'paymentRequired': True, 'requestedDeparture': 'Fri, 28 Feb 2020 18:19:03 GMT', 'userID': 1564}]",4.833888888888889,1.285,16,Friday,0,15,51.645
5e6ec8a0f9af8b4466ea1570,0039,2020-02-28 16:09:56,2020-02-29 03:08:37,2020-02-28 20:45:11,0.982,2_39_79_378_2020-02-28 16:09:56.010263,0002,CA-326,2-39-79-378,America/Los_Angeles,,,10.978055555555555,4.5875,16,Friday,0,15,14.73
5e6ec8a0f9af8b4466ea1571,0039,2020-02-28 16:14:21,2020-02-28 20:58:17,2020-02-28 17:43:00,8.092,2_39_78_366_2020-02-28 16:14:20.648058,0002,CA-323,2-39-78-366,America/Los_Angeles,000003853,"[{'WhPerMile': 360, 'kWhRequested': 18.0, 'milesRequested': 50, 'minutesAvailable': 520, 'modifiedAt': 'Fri, 28 Feb 2020 16:14:24 GMT', 'paymentRequired': True, 'requestedDeparture': 'Sat, 29 Feb 2020 00:54:21 GMT', 'userID': 3853}]",4.732222222222222,1.4775,16,Friday,0,15,121.38000000000001
5e6ec8a0f9af8b4466ea1572,0039,2020-02-28 16:31:00,2020-02-29 00:20:59,2020-02-28 16:56:41,0.697,2_39_79_379_2020-02-28 16:31:00.216077,0002,CA-327,2-39-79-379,America/Los_Angeles,,,7.833055555555555,0.4280555555555556,16,Friday,0,15,10.455
5e6ec8a0f9af8b4466ea1573,0039,2020-02-28 16:35:27,2020-02-29 01:58:51,2020-02-28 18:17:15,5.341,2_39_139_28_2020-02-28 16:35:27.446464,0002,CA-303,2-39-139-28,America/Los_Angeles,000000562,"[{'WhPerMile': 325, 'kWhRequested': 6.5, 'milesRequested': 20, 'minutesAvailable': 196, 'modifiedAt': 'Fri, 28 Feb 2020 16:36:03 GMT', 'paymentRequired': True, 'requestedDeparture': 'Fri, 28 Feb 2020 19:51:27 GMT', 'userID': 562}]",9.39,1.6966666666666668,16,Friday,0,15,80.11500000000001
5e6ec8a0f9af8b4466ea1574,0039,2020-02-28 16:40:09,2020-02-28 21:05:27,2020-02-28 20:57:07,11.282,2_39_78_367_2020-02-28 16:40:09.076239,0002,CA-494,2-39-78-367,America/Los_Angeles,000001470,"[{'WhPerMile': 292, 'kWhRequested': 11.68, 'milesRequested': 40, 'minutesAvailable': 266, 'modifiedAt': 'Fri, 28 Feb 2020 16:40:41 GMT', 'paymentRequired': True, 'requestedDeparture': 'Fri, 28 Feb 2020 21:06:09 GMT', 'userID': 1470}]",4.421666666666667,4.282777777777778,16,Friday,0,15,169.23
5e6ec8a0f9af8b4466ea1575,0039,2020-02-28 16:40:33,2020-02-29 00:20:02,2020-02-28 19:55:48,19.455,2_39_91_437_2020-02-28 16:40:32.870689,0002,CA-317,2-39-91-437,America/Los_Angeles,000001039,"[{'WhPerMile': 400, 'kWhRequested': 40.0, 'milesRequested': 100, 'minutesAvailable': 327, 'modifiedAt': 'Fri, 28 Feb 2020 16:41:58 GMT', 'paymentRequired': True, 'requestedDeparture': 'Fri, 28 Feb 2020 22:07:33 GMT', 'userID': 1039}]",7.658055555555555,3.254166666666667,16,Friday,0,15,291.825
5e6ec8a0f9af8b4466ea1576,0039,2020-02-28 16:48:32,2020-02-28 23:03:48,2020-02-28 18:50:44,6.47,2_39_79_377_2020-02-28 16:48:31.794610,0002,CA-325,2-39-79-377,America/Los_Angeles,000001410,"[{'WhPerMile': 400, 'kWhRequested': 12.0, 'milesRequested': 30, 'minutesAvailable': 493, 'modifiedAt': 'Fri, 28 Feb 2020 16:49:24 GMT', 'paymentRequired': True, 'requestedDeparture': 'Sat, 29 Feb 2020 01:01:32 GMT', 'userID': 1410}]",6.254444444444444,2.0366666666666666,16,Friday,0,15,97.05
5e6ec8a0f9af8b4466ea1577,0039,2020-02-28 17:03:03,2020-02-29 01:52:22,2020-02-29 01:52:17,7.217,2_39_78_365_2020-02-28 17:03:03.229375,0002,CA-321,2-39-78-365,America/Los_Angeles,000000714,"[{'WhPerMile': 400, 'kWhRequested': 32.0, 'milesRequested': 80, 'minutesAvailable': 412, 'modifiedAt': 'Fri, 28 Feb 2020 17:03:34 GMT', 'paymentRequired': True, 'requestedDeparture': 'Fri, 28 Feb 2020 23:55:03 GMT', 'userID': 714}]",8.821944444444444,8.820555555555556,17,Friday,0,15,108.255
5e6ec8a0f9af8b4466ea1578,0039,2020-02-28 17:08:22,2020-02-29 01:20:06,2020-02-28 19:19:16,14.47,2_39_125_21_2020-02-28 17:08:21.908145,0002,CA-311,2-39-125-21,America/Los_Angeles,000002961,"[{'WhPerMile': 225, 'kWhRequested': 38.25, 'milesRequested': 170, 'minutesAvailable': 576, 'modifiedAt': 'Fri, 28 Feb 2020 17:08:50 GMT', 'paymentRequired': True, 'requestedDeparture': 'Sat, 29 Feb 2020 02:44:22 GMT', 'userID': 2961}]",8.195555555555556,2.1816666666666666,17,Friday,0,15,217.05
5e6ec8a0f9af8b4466ea1579,0039,2020-02-28 17:14:35,2020-02-29 01:41:53,2020-02-28 18:35:26,3.952,2_39_130_31_2020-02-28 17:14:35.090320,0002,CA-306,2-39-130-31,America/Los_Angeles,000001366,"[{'WhPerMile': 400, 'kWhRequested': 8.0, 'milesRequested': 20, 'minutesAvailable': 60, 'modifiedAt': 'Fri, 28 Feb 2020 17:14:48 GMT', 'paymentRequired': True, 'requestedDeparture': 'Fri, 28 Feb 2020 18:14:35 GMT', 'userID': 1366}]",8.455,1.3475,17,Friday,0,15,59.28
5e6ec8a0f9af8b4466ea157a,0039,2020-02-28 17:24:43,2020-02-29 04:35:58,2020-02-28 18:38:53,3.979,2_39_129_17_2020-02-28 17:24:43.215664,0002,CA-307,2-39-129-17,America/Los_Angeles,000000567,"[{'WhPerMile': 400, 'kWhRequested': 8.0, 'milesRequested': 20, 'minutesAvailable': 61, 'modifiedAt': 'Fri, 28 Feb 2020 17:24:58 GMT', 'paymentRequired': True, 'requestedDeparture': 'Fri, 28 Feb 2020 18:25:43 GMT', 'userID': 567}]",11.1875,1.2361111111111112,17,Friday,0,15,59.685
5e6ec8a0f9af8b4466ea157b,0039,2020-02-28 17:38:54,2020-02-28 18:43:24,2020-02-28 18:43:19,3.465,2_39_127_19_2020-02-28 17:38:53.963812,0002,CA-309,2-39-127-19,America/Los_Angeles,000001236,"[{'WhPerMile': 400, 'kWhRequested': 8.0, 'milesRequested': 20, 'minutesAvailable': 136, 'modifiedAt': 'Fri, 28 Feb 2020 17:39:19 GMT', 'paymentRequired': True, 'requestedDeparture': 'Fri, 28 Feb 2020 19:54:54 GMT', 'userID': 1236}]",1.075,1.073611111111111,17,Friday,0,15,51.974999999999994
5e6ec8a0f9af8b4466ea157c,0039,2020-02-28 17:40:54,2020-02-29 04:19:25,2020-02-28 19:11:34,4.262,2_39_95_27_2020-02-28 17:40:53.569867,0002,CA-319,2-39-95-27,America/Los_Angeles,000005594,"[{'WhPerMile': 360, 'kWhRequested': 7.2, 'milesRequested': 20, 'minutesAvailable': 198, 'modifiedAt': 'Fri, 28 Feb 2020 17:44:03 GMT', 'paymentRequired': True, 'requestedDeparture': 'Fri, 28 Feb 2020 20:58:54 GMT', 'userID': 5594}, {'WhPerMile': 360, 'kWhRequested': 7.2, 'milesRequested': 20, 'minutesAvailable': 61, 'modifiedAt': 'Fri, 28 Feb 2020 22:45:49 GMT', 'paymentRequired': True, 'requestedDeparture': 'Fri, 28 Feb 2020 18:41:54 GMT', 'userID': 5594}]",10.641944444444444,1.511111111111111,17,Friday,0,15,63.92999999999999
5e6ec8a0f9af8b4466ea157d,0039,2020-02-28 17:42:41,2020-02-28 22:08:40,2020-02-28 18:41:27,1.865,2_39_92_436_2020-02-28 17:42:40.738571,0002,CA-318,2-39-92-436,America/Los_Angeles,000000324,"[{'WhPerMile': 444, 'kWhRequested': 8.88, 'milesRequested': 20, 'minutesAvailable': 101, 'modifiedAt': 'Fri, 28 Feb 2020 17:42:51 GMT', 'paymentRequired': True, 'requestedDeparture': 'Fri, 28 Feb 2020 19:23:41 GMT', 'userID': 324}]",4.433055555555556,0.9794444444444445,17,Friday,0,15,27.975
5e6ec8a0f9af8b4466ea157e,0039,2020-02-28 17:50:39,2020-02-29 03:14:01,2020-02-28 19:44:35,10.807,2_39_78_360_2020-02-28 17:50:39.218090,0002,CA-322,2-39-78-360,America/Los_Angeles,000000558,"[{'WhPerMile': 400, 'kWhRequested': 20.0, 'milesRequested': 50, 'minutesAvailable': 60, 'modifiedAt': 'Fri, 28 Feb 2020 17:50:41 GMT', 'paymentRequired': True, 'requestedDeparture': 'Fri, 28 Feb 2020 18:50:39 GMT', 'userID': 558}]",9.389444444444445,1.8988888888888888,17,Friday,0,15,162.10500000000002
5e6ec8a0f9af8b4466ea157f,0039,2020-02-28 17:56:25,2020-02-28 19:14:25,2020-02-28 19:14:23,3.137,2_39_78_363_2020-02-28 17:56:25.246166,0002,CA-320,2-39-78-363,America/Los_Angeles,000001471,"[{'WhPerMile': 400, 'kWhRequested': 16.0, 'milesRequested': 40, 'minutesAvailable': 173, 'modifiedAt': 'Fri, 28 Feb 2020 17:56:49 GMT', 'paymentRequired': True, 'requestedDeparture': 'Fri, 28 Feb 2020 20:49:25 GMT', 'userID': 1471}]",1.3,1.2994444444444444,17,Friday,0,15,47.055
5e6ec8a0f9af8b4466ea1580,0039,2020-02-28 17:56:32,2020-02-28 22:01:18,2020-02-28 19:19:03,4.164,2_39_126_20_2020-02-28 17:56:32.199889,0002,CA-310,2-39-126-20,America/Los_Angeles,000001481,"[{'WhPerMile': 400, 'kWhRequested': 8.0, 'milesRequested': 20, 'minutesAvailable': 61, 'modifiedAt': 'Fri, 28 Feb 2020 18:09:43 GMT', 'paymentRequired': True, 'requestedDeparture': 'Fri, 28 Feb 2020 18:57:32 GMT', 'userID': 1481}]",4.079444444444444,1.3752777777777778,17,Friday,0,15,62.459999999999994
5e6ec8a0f9af8b4466ea1581,0039,2020-02-28 18:00:58,2020-02-28 22:10:48,2020-02-28 20:52:38,1.178,2_39_79_376_2020-02-28 18:00:57.638649,0002,CA-324,2-39-79-376,America/Los_Angeles,,,4.163888888888889,2.861111111111111,18,Friday,0,15,17.669999999999998
5e6ec8a0f9af8b4466ea1582,0039,2020-02-28 18:02:56,2020-02-28 21:22:40,2020-02-28 20:52:38,1.176,2_39_123_23_2020-02-28 18:02:56.297891,0002,CA-313,2-39-123-23,America/Los_Angeles,,,3.328888888888889,2.828333333333333,18,Friday,0,15,17.64
5e6ec8a0f9af8b4466ea1583,0039,2020-02-28 18:15:15,2020-02-29 01:39:48,2020-02-28 22:03:47,12.035,2_39_78_364_2020-02-28 18:15:15.259374,0002,CA-495,2-39-78-364,America/Los_Angeles,000001095,"[{'WhPerMile': 400, 'kWhRequested': 16.0, 'milesRequested': 40, 'minutesAvailable': 444, 'modifiedAt': 'Fri, 28 Feb 2020 18:15:24 GMT', 'paymentRequired': True, 'requestedDeparture': 'Sat, 29 Feb 2020 01:39:15 GMT', 'userID': 1095}]",7.409166666666667,3.8088888888888888,18,Friday,0,15,180.525
5e6ec8a0f9af8b4466ea1584,0039,2020-02-28 18:44:38,2020-02-28 20:21:18,2020-02-28 20:21:13,10.781,2_39_88_24_2020-02-28 18:44:37.970651,0002,CA-314,2-39-88-24,America/Los_Angeles,000001316,"[{'WhPerMile': 400, 'kWhRequested': 44.0, 'milesRequested': 110, 'minutesAvailable': 88, 'modifiedAt': 'Fri, 28 Feb 2020 18:45:37 GMT', 'paymentRequired': True, 'requestedDeparture': 'Fri, 28 Feb 2020 20:12:38 GMT', 'userID': 1316}]",1.6111111111111112,1.6097222222222223,18,Friday,0,15,161.715
5e6ec8a0f9af8b4466ea1585,0039,2020-02-28 19:02:13,2020-02-29 01:53:34,2020-02-28 20:38:46,9.802,2_39_92_442_2020-02-28 19:02:13.450842,0002,CA-498,2-39-92-442,America/Los_Angeles,000003270,"[{'WhPerMile': 200, 'kWhRequested': 40.0, 'milesRequested': 200, 'minutesAvailable': 63, 'modifiedAt': 'Fri, 28 Feb 2020 19:02:58 GMT', 'paymentRequired': True, 'requestedDeparture': 'Fri, 28 Feb 2020 20:05:13 GMT', 'userID': 3270}]",6.855833333333333,1.6091666666666666,19,Friday,0,15,147.03
5e6ec8a0f9af8b4466ea1586,0039,2020-02-28 19:11:23,2020-02-29 01:20:14,2020-02-29 00:15:51,31.417,2_39_127_19_2020-02-28 19:11:08.932994,0002,CA-309,2-39-127-19,America/Los_Angeles,000001244,"[{'WhPerMile': 600, 'kWhRequested': 48.0, 'milesRequested': 80, 'minutesAvailable': 477, 'modifiedAt': 'Fri, 28 Feb 2020 19:11:22 GMT', 'paymentRequired': True, 'requestedDeparture': 'Sat, 29 Feb 2020 03:08:23 GMT', 'userID': 1244}]",6.1475,5.0744444444444445,19,Friday,0,15,471.255
5e6ec8a0f9af8b4466ea1587,0039,2020-02-28 20:06:25,2020-02-29 02:34:00,2020-02-28 22:19:32,6.983,2_39_78_363_2020-02-28 20:06:24.780373,0002,CA-320,2-39-78-363,America/Los_Angeles,000001124,"[{'WhPerMile': 400, 'kWhRequested': 8.0, 'milesRequested': 20, 'minutesAvailable': 60, 'modifiedAt': 'Fri, 28 Feb 2020 20:06:43 GMT', 'paymentRequired': True, 'requestedDeparture': 'Fri, 28 Feb 2020 21:06:25 GMT', 'userID': 1124}]",6.459722222222222,2.218611111111111,20,Friday,0,15,104.74499999999999
5e6ec8a0f9af8b4466ea1588,0039,2020-02-28 20:35:27,2020-02-28 20:54:02,2020-02-28 20:53:59,0.825,2_39_124_22_2020-02-28 20:35:26.870849,0002,CA-312,2-39-124-22,America/Los_Angeles,000000311,"[{'WhPerMile': 250, 'kWhRequested': 22.5, 'milesRequested': 90, 'minutesAvailable': 90, 'modifiedAt': 'Fri, 28 Feb 2020 20:35:52 GMT', 'paymentRequired': True, 'requestedDeparture': 'Fri, 28 Feb 2020 22:05:27 GMT', 'userID': 311}]",0.30972222222222223,0.3088888888888889,20,Friday,0,15,12.375
5e6ec8a0f9af8b4466ea1589,0039,2020-02-28 21:17:17,2020-02-29 00:40:47,2020-02-29 00:39:38,7.888,2_39_78_366_2020-02-28 21:17:17.267956,0002,CA-323,2-39-78-366,America/Los_Angeles,000001089,"[{'WhPerMile': 400, 'kWhRequested': 8.0, 'milesRequested': 20, 'minutesAvailable': 114, 'modifiedAt': 'Fri, 28 Feb 2020 21:18:48 GMT', 'paymentRequired': True, 'requestedDeparture': 'Fri, 28 Feb 2020 23:11:17 GMT', 'userID': 1089}]",3.3916666666666666,3.3725,21,Friday,0,15,118.32
5e6ec8a0f9af8b4466ea158a,0039,2020-02-28 21:36:50,2020-02-29 00:59:03,2020-02-29 00:44:55,19.881,2_39_90_26_2020-02-28 21:36:49.630607,0002,CA-316,2-39-90-26,America/Los_Angeles,000000832,"[{'WhPerMile': 400, 'kWhRequested': 20.0, 'milesRequested': 50, 'minutesAvailable': 199, 'modifiedAt': 'Fri, 28 Feb 2020 21:37:26 GMT', 'paymentRequired': True, 'requestedDeparture': 'Sat, 29 Feb 2020 00:55:50 GMT', 'userID': 832}]",3.370277777777778,3.1347222222222224,21,Friday,0,15,298.21500000000003
5e6ec8a0f9af8b4466ea158b,0039,2020-02-28 22:02:31,2020-02-29 00:18:31,2020-02-29 00:18:27,8.509,2_39_95_444_2020-02-28 22:02:30.691122,0002,CA-497,2-39-95-444,America/Los_Angeles,000006435,"[{'WhPerMile': 400, 'kWhRequested': 8.0, 'milesRequested': 20, 'minutesAvailable': 193, 'modifiedAt': 'Fri, 28 Feb 2020 22:10:31 GMT', 'paymentRequired': True, 'requestedDeparture': 'Sat, 29 Feb 2020 01:15:31 GMT', 'userID': 6435}, {'WhPerMile': 400, 'kWhRequested': 12.0, 'milesRequested': 30, 'minutesAvailable': 289, 'modifiedAt': 'Sat, 29 Feb 2020 00:03:58 GMT', 'paymentRequired': True, 'requestedDeparture': 'Sat, 29 Feb 2020 02:51:31 GMT', 'userID': 6435}]",2.2666666666666666,2.2655555555555558,22,Friday,0,15,127.635
5e6ec8a0f9af8b4466ea158c,0039,2020-02-28 23:21:53,2020-02-29 00:42:09,2020-02-29 00:39:50,0.886,2_39_126_20_2020-02-28 23:21:53.211892,0002,CA-310,2-39-126-20,America/Los_Angeles,,,1.3377777777777777,1.2991666666666666,23,Friday,0,15,13.290000000000001
5e6ec8a0f9af8b4466ea158d,0039,2020-02-28 23:45:15,2020-02-29 02:48:22,2020-02-29 00:11:50,0.559,2_39_123_23_2020-02-28 23:45:15.428037,0002,CA-313,2-39-123-23,America/Los_Angeles,,,3.0519444444444446,0.44305555555555554,23,Friday,0,15,8.385000000000002
5e6ec8a0f9af8b4466ea158e,0039,2020-02-29 04:26:57,2020-02-29 05:18:18,2020-02-29 05:18:13,2.997,2_39_78_363_2020-02-29 04:26:41.263220,0002,CA-320,2-39-78-363,America/Los_Angeles,000000461,"[{'WhPerMile': 350, 'kWhRequested': 7.0, 'milesRequested': 20, 'minutesAvailable': 274, 'modifiedAt': 'Sat, 29 Feb 2020 04:26:56 GMT', 'paymentRequired': True, 'requestedDeparture': 'Sat, 29 Feb 2020 09:00:57 GMT', 'userID': 461}]",0.8558333333333333,0.8544444444444445,4,Saturday,1,15,44.955
5e701a0df9af8b4841ae7d56,0039,2020-02-29 16:40:37,2020-02-29 18:36:44,2020-02-29 18:32:39,7.346,2_39_126_20_2020-02-29 16:40:36.940912,0002,CA-310,2-39-126-20,America/Los_Angeles,000000300,"[{'WhPerMile': 400, 'kWhRequested': 32.0, 'milesRequested': 80, 'minutesAvailable': 435, 'modifiedAt': 'Sat, 29 Feb 2020 16:40:43 GMT', 'paymentRequired': True, 'requestedDeparture': 'Sat, 29 Feb 2020 23:55:37 GMT', 'userID': 300}]",1.9352777777777779,1.8672222222222221,16,Saturday,1,15,110.19
5e701a0df9af8b4841ae7d57,0039,2020-02-29 17:37:13,2020-02-29 18:38:46,2020-02-29 18:38:41,3.297,2_39_131_30_2020-02-29 17:37:13.423046,0002,CA-305,2-39-131-30,America/Los_Angeles,000000365,"[{'WhPerMile': 333, 'kWhRequested': 9.99, 'milesRequested': 30, 'minutesAvailable': 104, 'modifiedAt': 'Sat, 29 Feb 2020 17:37:24 GMT', 'paymentRequired': True, 'requestedDeparture': 'Sat, 29 Feb 2020 19:21:13 GMT', 'userID': 365}]",1.0258333333333334,1.0244444444444445,17,Saturday,1,15,49.455000000000005
5e701a0df9af8b4841ae7d58,0039,2020-02-29 17:59:43,2020-02-29 18:59:21,2020-02-29 18:59:16,6.688,2_39_139_28_2020-02-29 17:59:42.934382,0002,CA-303,2-39-139-28,America/Los_Angeles,000000248,"[{'WhPerMile': 250, 'kWhRequested': 12.5, 'milesRequested': 50, 'minutesAvailable': 117, 'modifiedAt': 'Sat, 29 Feb 2020 18:00:00 GMT', 'paymentRequired': True, 'requestedDeparture': 'Sat, 29 Feb 2020 19:56:43 GMT', 'userID': 248}]",0.9938888888888889,0.9925,17,Saturday,1,15,100.32
5e701a0df9af8b4841ae7d59,0039,2020-02-29 18:06:44,2020-02-29 19:41:42,2020-02-29 19:36:53,4.46,2_39_89_25_2020-02-29 18:06:43.954085,0002,CA-315,2-39-89-25,America/Los_Angeles,000000743,"[{'WhPerMile': 400, 'kWhRequested': 8.0, 'milesRequested': 20, 'minutesAvailable': 50, 'modifiedAt': 'Sat, 29 Feb 2020 18:07:09 GMT', 'paymentRequired': True, 'requestedDeparture': 'Sat, 29 Feb 2020 18:56:44 GMT', 'userID': 743}]",1.5827777777777778,1.5025,18,Saturday,1,15,66.9
5e701a0df9af8b4841ae7d5b,0039,2020-02-29 19:51:51,2020-02-29 21:55:19,2020-02-29 21:22:29,9.193,2_39_129_17_2020-02-29 19:52:46.437306,0002,CA-307,2-39-129-17,America/Los_Angeles,000002290,"[{'WhPerMile': 425, 'kWhRequested': 29.75, 'milesRequested': 70, 'minutesAvailable': 446, 'modifiedAt': 'Sat, 29 Feb 2020 19:52:56 GMT', 'paymentRequired': True, 'requestedDeparture': 'Sun, 01 Mar 2020 03:17:51 GMT', 'userID': 2290}]",2.057777777777778,1.5105555555555557,19,Saturday,1,15,137.89499999999998
5e701a0df9af8b4841ae7d5a,0039,2020-02-29 19:52:17,2020-03-01 00:45:33,2020-03-01 00:21:41,15.569,2_39_79_379_2020-02-29 19:52:17.313893,0002,CA-327,2-39-79-379,America/Los_Angeles,000001384,"[{'WhPerMile': 400, 'kWhRequested': 36.0, 'milesRequested': 90, 'minutesAvailable': 132, 'modifiedAt': 'Sat, 29 Feb 2020 19:52:29 GMT', 'paymentRequired': True, 'requestedDeparture': 'Sat, 29 Feb 2020 22:04:17 GMT', 'userID': 1384}]",4.887777777777778,4.49,19,Saturday,1,15,233.53500000000003
5e701a0df9af8b4841ae7d5c,0039,2020-02-29 20:09:02,2020-02-29 22:02:04,2020-02-29 21:31:04,7.942,2_39_138_29_2020-02-29 20:09:02.329201,0002,CA-304,2-39-138-29,America/Los_Angeles,000000798,"[{'WhPerMile': 400, 'kWhRequested': 16.0, 'milesRequested': 40, 'minutesAvailable': 87, 'modifiedAt': 'Sat, 29 Feb 2020 20:09:43 GMT', 'paymentRequired': True, 'requestedDeparture': 'Sat, 29 Feb 2020 21:36:02 GMT', 'userID': 798}]",1.883888888888889,1.3672222222222221,20,Saturday,1,15,119.13
5e701a0df9af8b4841ae7d5d,0039,2020-02-29 21:38:42,2020-03-01 00:30:15,2020-02-29 22:09:33,0.856,2_39_123_23_2020-02-29 21:38:41.676309,0002,CA-313,2-39-123-23,America/Los_Angeles,,,2.859166666666667,0.5141666666666667,21,Saturday,1,15,12.84
5e701a0df9af8b4841ae7d5e,0039,2020-02-29 23:11:35,2020-03-01 01:15:55,2020-03-01 01:15:51,6.79,2_39_127_19_2020-02-29 23:11:34.757595,0002,CA-309,2-39-127-19,America/Los_Angeles,000001920,"[{'WhPerMile': 600, 'kWhRequested': 12.0, 'milesRequested': 20, 'minutesAvailable': 122, 'modifiedAt': 'Sat, 29 Feb 2020 23:12:11 GMT', 'paymentRequired': True, 'requestedDeparture': 'Sun, 01 Mar 2020 01:13:35 GMT', 'userID': 1920}, {'WhPerMile': 600, 'kWhRequested': 12.0, 'milesRequested': 20, 'minutesAvailable': 122, 'modifiedAt': 'Sat, 29 Feb 2020 23:12:17 GMT', 'paymentRequired': True, 'requestedDeparture': 'Sun, 01 Mar 2020 01:13:35 GMT', 'userID': 1920}, {'WhPerMile': 600, 'kWhRequested': 12.0, 'milesRequested': 20, 'minutesAvailable': 116, 'modifiedAt': 'Sat, 29 Feb 2020 23:12:29 GMT', 'paymentRequired': True, 'requestedDeparture': 'Sun, 01 Mar 2020 01:07:35 GMT', 'userID': 1920}]",2.0722222222222224,2.071111111111111,23,Saturday,1,15,101.85
5e701a0df9af8b4841ae7d5f,0039,2020-02-29 23:35:14,2020-03-01 02:16:25,2020-03-01 02:16:48,10.08,2_39_131_30_2020-02-29 23:35:14.284641,0002,CA-305,2-39-131-30,America/Los_Angeles,000000300,"[{'WhPerMile': 400, 'kWhRequested': 32.0, 'milesRequested': 80, 'minutesAvailable': 435, 'modifiedAt': 'Sat, 29 Feb 2020 23:35:20 GMT', 'paymentRequired': True, 'requestedDeparture': 'Sun, 01 Mar 2020 06:50:14 GMT', 'userID': 300}]",2.6863888888888887,2.6927777777777777,23,Saturday,1,15,151.2
5e716b8ff9af8b4c101331b1,0039,2020-03-01 18:00:01,2020-03-01 19:46:44,2020-03-01 19:29:39,4.445,2_39_89_25_2020-03-01 18:00:00.896001,0002,CA-315,2-39-89-25,America/Los_Angeles,000000743,"[{'WhPerMile': 400, 'kWhRequested': 8.0, 'milesRequested': 20, 'minutesAvailable': 50, 'modifiedAt': 'Sun, 01 Mar 2020 18:01:08 GMT', 'paymentRequired': True, 'requestedDeparture': 'Sun, 01 Mar 2020 18:50:01 GMT', 'userID': 743}]",1.7786111111111111,1.4938888888888888,18,Sunday,1,15,66.67500000000001
5e716b8ff9af8b4c101331b2,0039,2020-03-01 18:39:34,2020-03-01 19:43:32,2020-03-01 19:43:28,3.416,2_39_139_28_2020-03-01 18:39:34.304186,0002,CA-303,2-39-139-28,America/Los_Angeles,000001236,"[{'WhPerMile': 400, 'kWhRequested': 8.0, 'milesRequested': 20, 'minutesAvailable': 136, 'modifiedAt': 'Sun, 01 Mar 2020 18:43:05 GMT', 'paymentRequired': True, 'requestedDeparture': 'Sun, 01 Mar 2020 20:55:34 GMT', 'userID': 1236}]",1.066111111111111,1.065,18,Sunday,1,15,51.24
5e716b8ff9af8b4c101331b3,0039,2020-03-02 00:05:02,2020-03-02 03:29:29,2020-03-02 03:29:24,22.251,2_39_79_377_2020-03-02 00:05:01.883847,0002,CA-325,2-39-79-377,America/Los_Angeles,000000248,"[{'WhPerMile': 250, 'kWhRequested': 32.5, 'milesRequested': 130, 'minutesAvailable': 375, 'modifiedAt': 'Mon, 02 Mar 2020 00:05:23 GMT', 'paymentRequired': True, 'requestedDeparture': 'Mon, 02 Mar 2020 06:20:02 GMT', 'userID': 248}]",3.4075,3.406111111111111,0,Monday,0,15,333.76500000000004
5e716b8ff9af8b4c101331b4,0039,2020-03-02 00:25:28,2020-03-03 19:37:08,2020-03-02 04:26:50,13.599,2_39_79_383_2020-03-02 00:25:27.894882,0002,CA-492,2-39-79-383,America/Los_Angeles,000004913,"[{'WhPerMile': 400, 'kWhRequested': 20.0, 'milesRequested': 50, 'minutesAvailable': 720, 'modifiedAt': 'Mon, 02 Mar 2020 00:26:53 GMT', 'paymentRequired': True, 'requestedDeparture': 'Mon, 02 Mar 2020 12:25:28 GMT', 'userID': 4913}]",43.19444444444444,4.022777777777778,0,Monday,0,15,203.985
5e716b8ff9af8b4c101331b5,0039,2020-03-02 01:29:47,2020-03-02 01:48:58,2020-03-02 01:48:53,0.541,2_39_127_19_2020-03-02 01:29:46.877948,0002,CA-309,2-39-127-19,America/Los_Angeles,,,0.31972222222222224,0.31833333333333336,1,Monday,0,15,8.115
5e716b8ff9af8b4c101331b6,0039,2020-03-02 02:00:29,2020-03-02 02:51:27,2020-03-02 02:51:23,5.659,2_39_123_23_2020-03-02 02:00:29.343031,0002,CA-313,2-39-123-23,America/Los_Angeles,000005855,"[{'WhPerMile': 400, 'kWhRequested': 20.0, 'milesRequested': 50, 'minutesAvailable': 73, 'modifiedAt': 'Mon, 02 Mar 2020 02:00:55 GMT', 'paymentRequired': True, 'requestedDeparture': 'Mon, 02 Mar 2020 03:13:29 GMT', 'userID': 5855}]",0.8494444444444444,0.8483333333333334,2,Monday,0,15,84.88499999999999
5e716b8ff9af8b4c101331b7,0039,2020-03-02 02:41:34,2020-03-02 04:33:21,2020-03-02 03:46:46,6.472,2_39_128_18_2020-03-02 02:41:33.837334,0002,CA-308,2-39-128-18,America/Los_Angeles,000001099,"[{'WhPerMile': 400, 'kWhRequested': 16.0, 'milesRequested': 40, 'minutesAvailable': 94, 'modifiedAt': 'Mon, 02 Mar 2020 02:42:38 GMT', 'paymentRequired': True, 'requestedDeparture': 'Mon, 02 Mar 2020 04:15:34 GMT', 'userID': 1099}]",1.8630555555555555,1.0866666666666667,2,Monday,0,15,97.08000000000001
5e72bd1bf9af8b73fde9e375,0039,2020-03-02 14:20:08,2020-03-03 01:03:19,2020-03-02 19:11:24,25.355,2_39_139_28_2020-03-02 14:20:07.586004,0002,CA-303,2-39-139-28,America/Los_Angeles,000000710,"[{'WhPerMile': 400, 'kWhRequested': 52.0, 'milesRequested': 130, 'minutesAvailable': 316, 'modifiedAt': 'Mon, 02 Mar 2020 14:22:17 GMT', 'paymentRequired': True, 'requestedDeparture': 'Mon, 02 Mar 2020 19:36:08 GMT', 'userID': 710}]",10.719722222222222,4.854444444444445,14,Monday,0,15,380.325
5e72bd1bf9af8b73fde9e376,0039,2020-03-02 15:43:33,2020-03-02 21:36:15,2020-03-02 19:11:25,4.573,2_39_79_382_2020-03-02 15:43:33.117969,0002,CA-491,2-39-79-382,America/Los_Angeles,000004701,"[{'WhPerMile': 300, 'kWhRequested': 9.0, 'milesRequested': 30, 'minutesAvailable': 416, 'modifiedAt': 'Mon, 02 Mar 2020 15:43:36 GMT', 'paymentRequired': True, 'requestedDeparture': 'Mon, 02 Mar 2020 22:39:33 GMT', 'userID': 4701}]",5.878333333333333,3.4644444444444447,15,Monday,0,15,68.595
5e72bd1bf9af8b73fde9e377,0039,2020-03-02 15:55:52,2020-03-02 22:26:39,2020-03-02 20:23:30,0.865,2_39_79_380_2020-03-02 15:55:52.276523,0002,CA-489,2-39-79-380,America/Los_Angeles,,,6.513055555555556,4.460555555555556,15,Monday,0,15,12.975
5e72bd1bf9af8b73fde9e378,0039,2020-03-02 16:07:11,2020-03-03 04:48:52,2020-03-02 19:11:24,4.554,2_39_90_26_2020-03-02 16:06:48.346763,0002,CA-316,2-39-90-26,America/Los_Angeles,000005594,"[{'WhPerMile': 360, 'kWhRequested': 7.2, 'milesRequested': 20, 'minutesAvailable': 61, 'modifiedAt': 'Mon, 02 Mar 2020 16:07:11 GMT', 'paymentRequired': True, 'requestedDeparture': 'Mon, 02 Mar 2020 17:08:11 GMT', 'userID': 5594}, {'WhPerMile': 360, 'kWhRequested': 7.2, 'milesRequested': 20, 'minutesAvailable': 244, 'modifiedAt': 'Mon, 02 Mar 2020 19:10:04 GMT', 'paymentRequired': True, 'requestedDeparture': 'Mon, 02 Mar 2020 20:11:11 GMT', 'userID': 5594}]",12.694722222222222,3.0702777777777777,16,Monday,0,15,68.31
5e72bd1bf9af8b73fde9e379,0039,2020-03-02 16:12:41,2020-03-03 01:09:32,2020-03-02 19:11:22,10.228,2_39_78_366_2020-03-02 16:12:40.814238,0002,CA-323,2-39-78-366,America/Los_Angeles,000003853,"[{'WhPerMile': 360, 'kWhRequested': 18.0, 'milesRequested': 50, 'minutesAvailable': 520, 'modifiedAt': 'Mon, 02 Mar 2020 16:13:03 GMT', 'paymentRequired': True, 'requestedDeparture': 'Tue, 03 Mar 2020 00:52:41 GMT', 'userID': 3853}]",8.9475,2.9780555555555557,16,Monday,0,15,153.42
5e72bd1bf9af8b73fde9e37b,0039,2020-03-02 16:36:02,2020-03-03 00:52:53,2020-03-03 00:16:09,18.762,2_39_78_367_2020-03-02 16:36:02.224639,0002,CA-494,2-39-78-367,America/Los_Angeles,000001470,"[{'WhPerMile': 292, 'kWhRequested': 26.28, 'milesRequested': 90, 'minutesAvailable': 266, 'modifiedAt': 'Mon, 02 Mar 2020 16:37:00 GMT', 'paymentRequired': True, 'requestedDeparture': 'Mon, 02 Mar 2020 21:02:02 GMT', 'userID': 1470}]",8.280833333333334,7.668611111111111,16,Monday,0,15,281.43
5e72bd1bf9af8b73fde9e37c,0039,2020-03-02 16:40:08,2020-03-02 19:52:49,2020-03-02 19:25:10,4.867,2_39_78_364_2020-03-02 16:40:08.106540,0002,CA-495,2-39-78-364,America/Los_Angeles,000002149,"[{'WhPerMile': 250, 'kWhRequested': 5.0, 'milesRequested': 20, 'minutesAvailable': 408, 'modifiedAt': 'Mon, 02 Mar 2020 16:40:28 GMT', 'paymentRequired': True, 'requestedDeparture': 'Mon, 02 Mar 2020 23:28:08 GMT', 'userID': 2149}]",3.211388888888889,2.7505555555555556,16,Monday,0,15,73.005
5e72bd1bf9af8b73fde9e37d,0039,2020-03-02 16:44:21,2020-03-03 02:07:09,2020-03-02 20:42:49,11.787,2_39_131_30_2020-03-02 16:44:21.212074,0002,CA-305,2-39-131-30,America/Los_Angeles,000000712,"[{'WhPerMile': 400, 'kWhRequested': 16.0, 'milesRequested': 40, 'minutesAvailable': 343, 'modifiedAt': 'Mon, 02 Mar 2020 17:24:25 GMT', 'paymentRequired': True, 'requestedDeparture': 'Mon, 02 Mar 2020 22:27:21 GMT', 'userID': 712}, {'WhPerMile': 400, 'kWhRequested': 16.0, 'milesRequested': 40, 'minutesAvailable': 343, 'modifiedAt': 'Mon, 02 Mar 2020 17:24:40 GMT', 'paymentRequired': True, 'requestedDeparture': 'Mon, 02 Mar 2020 22:27:21 GMT', 'userID': 712}]",9.38,3.9744444444444444,16,Monday,0,15,176.805
5e72bd1bf9af8b73fde9e37e,0039,2020-03-02 16:59:38,2020-03-02 23:58:20,2020-03-02 22:29:24,22.632,2_39_79_376_2020-03-02 16:59:38.417723,0002,CA-324,2-39-79-376,America/Los_Angeles,000001137,"[{'WhPerMile': 400, 'kWhRequested': 40.0, 'milesRequested': 100, 'minutesAvailable': 428, 'modifiedAt': 'Mon, 02 Mar 2020 17:01:01 GMT', 'paymentRequired': True, 'requestedDeparture': 'Tue, 03 Mar 2020 00:07:38 GMT', 'userID': 1137}]",6.9783333333333335,5.496111111111111,16,Monday,0,15,339.48
5e72bd1bf9af8b73fde9e37f,0039,2020-03-02 17:01:18,2020-03-02 22:29:17,2020-03-02 19:11:24,5.089,2_39_127_19_2020-03-02 17:01:18.204032,0002,CA-309,2-39-127-19,America/Los_Angeles,000000562,"[{'WhPerMile': 325, 'kWhRequested': 6.5, 'milesRequested': 20, 'minutesAvailable': 196, 'modifiedAt': 'Mon, 02 Mar 2020 17:01:45 GMT', 'paymentRequired': True, 'requestedDeparture': 'Mon, 02 Mar 2020 20:17:18 GMT', 'userID': 562}]",5.466388888888889,2.1683333333333334,17,Monday,0,15,76.33500000000001
5e72bd1bf9af8b73fde9e380,0039,2020-03-02 17:08:09,2020-03-03 01:21:05,2020-03-03 00:18:28,9.713,2_39_126_560_2020-03-02 17:08:09.356334,0002,CA-506,2-39-126-560,America/Los_Angeles,000001534,"[{'WhPerMile': 250, 'kWhRequested': 10.0, 'milesRequested': 40, 'minutesAvailable': 404, 'modifiedAt': 'Mon, 02 Mar 2020 21:39:07 GMT', 'paymentRequired': True, 'requestedDeparture': 'Mon, 02 Mar 2020 23:52:09 GMT', 'userID': 1534}]",8.215555555555556,7.171944444444445,17,Monday,0,15,145.695
5e72bd1bf9af8b73fde9e381,0039,2020-03-02 17:14:13,2020-03-03 03:08:09,2020-03-02 19:11:22,3.804,2_39_125_21_2020-03-02 17:14:12.857233,0002,CA-311,2-39-125-21,America/Los_Angeles,000000567,"[{'WhPerMile': 400, 'kWhRequested': 8.0, 'milesRequested': 20, 'minutesAvailable': 61, 'modifiedAt': 'Mon, 02 Mar 2020 17:14:22 GMT', 'paymentRequired': True, 'requestedDeparture': 'Mon, 02 Mar 2020 18:15:13 GMT', 'userID': 567}]",9.898888888888889,1.9525,17,Monday,0,15,57.059999999999995
5e72bd1bf9af8b73fde9e382,0039,2020-03-02 17:22:01,2020-03-02 20:19:41,2020-03-02 19:11:22,6.596,2_39_123_23_2020-03-02 17:22:01.376767,0002,CA-313,2-39-123-23,America/Los_Angeles,000001912,"[{'WhPerMile': 400, 'kWhRequested': 20.0, 'milesRequested': 50, 'minutesAvailable': 368, 'modifiedAt': 'Mon, 02 Mar 2020 17:22:05 GMT', 'paymentRequired': True, 'requestedDeparture': 'Mon, 02 Mar 2020 23:30:01 GMT', 'userID': 1912}]",2.9611111111111112,1.8225,17,Monday,0,15,98.94
5e72bd1bf9af8b73fde9e383,0039,2020-03-02 17:27:23,2020-03-03 01:52:15,2020-03-02 19:31:51,10.873,2_39_78_365_2020-03-02 17:27:22.776905,0002,CA-321,2-39-78-365,America/Los_Angeles,000000714,"[{'WhPerMile': 400, 'kWhRequested': 32.0, 'milesRequested': 80, 'minutesAvailable': 412, 'modifiedAt': 'Mon, 02 Mar 2020 17:27:33 GMT', 'paymentRequired': True, 'requestedDeparture': 'Tue, 03 Mar 2020 00:19:23 GMT', 'userID': 714}, {'WhPerMile': 400, 'kWhRequested': 32.0, 'milesRequested': 80, 'minutesAvailable': 461, 'modifiedAt': 'Mon, 02 Mar 2020 17:28:33 GMT', 'paymentRequired': True, 'requestedDeparture': 'Tue, 03 Mar 2020 01:08:23 GMT', 'userID': 714}]",8.414444444444445,2.0744444444444445,17,Monday,0,15,163.095
5e72bd1bf9af8b73fde9e384,0039,2020-03-02 17:47:02,2020-03-02 21:54:55,2020-03-02 21:54:50,25.812,2_39_91_441_2020-03-02 17:47:02.076187,0002,CA-499,2-39-91-441,America/Los_Angeles,000002972,"[{'WhPerMile': 400, 'kWhRequested': 36.0, 'milesRequested': 90, 'minutesAvailable': 263, 'modifiedAt': 'Mon, 02 Mar 2020 17:47:37 GMT', 'paymentRequired': True, 'requestedDeparture': 'Mon, 02 Mar 2020 22:10:02 GMT', 'userID': 2972}, {'WhPerMile': 400, 'kWhRequested': 36.0, 'milesRequested': 90, 'minutesAvailable': 263, 'modifiedAt': 'Mon, 02 Mar 2020 17:48:07 GMT', 'paymentRequired': True, 'requestedDeparture': 'Mon, 02 Mar 2020 22:10:02 GMT', 'userID': 2972}, {'WhPerMile': 400, 'kWhRequested': 20.0, 'milesRequested': 50, 'minutesAvailable': 201, 'modifiedAt': 'Mon, 02 Mar 2020 17:48:26 GMT', 'paymentRequired': True, 'requestedDeparture': 'Mon, 02 Mar 2020 21:08:02 GMT', 'userID': 2972}, {'WhPerMile': 400, 'kWhRequested': 20.0, 'milesRequested': 50, 'minutesAvailable': 201, 'modifiedAt': 'Mon, 02 Mar 2020 17:48:49 GMT', 'paymentRequired': True, 'requestedDeparture': 'Mon, 02 Mar 2020 21:08:02 GMT', 'userID': 2972}, {'WhPerMile': 400, 'kWhRequested': 28.0, 'milesRequested': 70, 'minutesAvailable': 424, 'modifiedAt': 'Mon, 02 Mar 2020 20:25:27 GMT', 'paymentRequired': True, 'requestedDeparture': 'Tue, 03 Mar 2020 00:51:02 GMT', 'userID': 2972}, {'WhPerMile': 400, 'kWhRequested': 28.0, 'milesRequested': 70, 'minutesAvailable': 403, 'modifiedAt': 'Mon, 02 Mar 2020 20:25:37 GMT', 'paymentRequired': True, 'requestedDeparture': 'Tue, 03 Mar 2020 00:30:02 GMT', 'userID': 2972}]",4.131388888888889,4.13,17,Monday,0,15,387.18
5e72bd1bf9af8b73fde9e385,0039,2020-03-02 17:47:13,2020-03-03 04:22:36,2020-03-02 19:45:02,5.889,2_39_95_444_2020-03-02 17:47:13.133758,0002,CA-497,2-39-95-444,America/Los_Angeles,000001222,"[{'WhPerMile': 400, 'kWhRequested': 8.0, 'milesRequested': 20, 'minutesAvailable': 72, 'modifiedAt': 'Mon, 02 Mar 2020 17:47:30 GMT', 'paymentRequired': True, 'requestedDeparture': 'Mon, 02 Mar 2020 18:59:13 GMT', 'userID': 1222}]",10.589722222222223,1.9636111111111112,17,Monday,0,15,88.33500000000001
5e72bd1bf9af8b73fde9e386,0039,2020-03-02 18:19:14,2020-03-03 01:59:20,2020-03-02 20:03:24,10.084,2_39_95_27_2020-03-02 18:19:14.413624,0002,CA-319,2-39-95-27,America/Los_Angeles,000001095,"[{'WhPerMile': 400, 'kWhRequested': 16.0, 'milesRequested': 40, 'minutesAvailable': 444, 'modifiedAt': 'Mon, 02 Mar 2020 18:19:30 GMT', 'paymentRequired': True, 'requestedDeparture': 'Tue, 03 Mar 2020 01:43:14 GMT', 'userID': 1095}]",7.668333333333333,1.7361111111111112,18,Monday,0,15,151.26
5e72bd1bf9af8b73fde9e387,0039,2020-03-02 18:27:57,2020-03-03 02:22:08,2020-03-03 01:57:45,0.925,2_39_91_437_2020-03-02 18:27:56.622806,0002,CA-317,2-39-91-437,America/Los_Angeles,,,7.9030555555555555,7.496666666666667,18,Monday,0,15,13.875
5e72bd1bf9af8b73fde9e388,0039,2020-03-02 18:33:45,2020-03-03 03:14:05,2020-03-02 21:05:27,12.992,2_39_78_360_2020-03-02 18:33:44.929553,0002,CA-322,2-39-78-360,America/Los_Angeles,000000558,"[{'WhPerMile': 400, 'kWhRequested': 28.0, 'milesRequested': 70, 'minutesAvailable': 60, 'modifiedAt': 'Mon, 02 Mar 2020 18:33:49 GMT', 'paymentRequired': True, 'requestedDeparture': 'Mon, 02 Mar 2020 19:33:45 GMT', 'userID': 558}]",8.672222222222222,2.5283333333333333,18,Monday,0,15,194.88000000000002
5e72bd1bf9af8b73fde9e389,0039,2020-03-02 18:34:07,2020-03-03 01:27:18,2020-03-02 20:15:27,4.869,2_39_90_440_2020-03-02 18:34:06.822620,0002,CA-500,2-39-90-440,America/Los_Angeles,000000743,"[{'WhPerMile': 400, 'kWhRequested': 8.0, 'milesRequested': 20, 'minutesAvailable': 501, 'modifiedAt': 'Mon, 02 Mar 2020 18:34:17 GMT', 'paymentRequired': True, 'requestedDeparture': 'Tue, 03 Mar 2020 02:55:07 GMT', 'userID': 743}]",6.886388888888889,1.6888888888888889,18,Monday,0,15,73.035
5e72bd1bf9af8b73fde9e38a,0039,2020-03-02 18:40:16,2020-03-02 23:07:43,2020-03-02 22:07:09,3.892,2_39_88_24_2020-03-02 18:40:16.161849,0002,CA-314,2-39-88-24,America/Los_Angeles,000000668,"[{'WhPerMile': 400, 'kWhRequested': 4.0, 'milesRequested': 10, 'minutesAvailable': 424, 'modifiedAt': 'Mon, 02 Mar 2020 18:40:31 GMT', 'paymentRequired': True, 'requestedDeparture': 'Tue, 03 Mar 2020 01:44:16 GMT', 'userID': 668}]",4.4575,3.4480555555555554,18,Monday,0,15,58.379999999999995
5e72bd1bf9af8b73fde9e38b,0039,2020-03-02 19:08:03,2020-03-03 01:07:31,2020-03-03 01:07:26,39.501,2_39_126_20_2020-03-02 19:08:02.816162,0002,CA-310,2-39-126-20,America/Los_Angeles,000004595,"[{'WhPerMile': 400, 'kWhRequested': 40.0, 'milesRequested': 100, 'minutesAvailable': 552, 'modifiedAt': 'Mon, 02 Mar 2020 19:11:15 GMT', 'paymentRequired': True, 'requestedDeparture': 'Tue, 03 Mar 2020 04:20:03 GMT', 'userID': 4595}, {'WhPerMile': 400, 'kWhRequested': 40.0, 'milesRequested': 100, 'minutesAvailable': 552, 'modifiedAt': 'Tue, 03 Mar 2020 01:07:12 GMT', 'paymentRequired': True, 'requestedDeparture': 'Tue, 03 Mar 2020 04:20:03 GMT', 'userID': 4595}]",5.9911111111111115,5.989722222222222,19,Monday,0,15,592.515
5e72bd1bf9af8b73fde9e38c,0039,2020-03-02 19:21:33,2020-03-02 19:54:00,2020-03-02 19:53:55,3.391,2_39_124_22_2020-03-02 19:21:33.280101,0002,CA-312,2-39-124-22,America/Los_Angeles,000000300,"[{'WhPerMile': 400, 'kWhRequested': 32.0, 'milesRequested': 80, 'minutesAvailable': 435, 'modifiedAt': 'Mon, 02 Mar 2020 19:21:59 GMT', 'paymentRequired': True, 'requestedDeparture': 'Tue, 03 Mar 2020 02:36:33 GMT', 'userID': 300}]",0.5408333333333334,0.5394444444444444,19,Monday,0,15,50.865
5e72bd1bf9af8b73fde9e38d,0039,2020-03-02 19:57:52,2020-03-03 01:03:12,2020-03-03 00:27:16,27.87,2_39_79_378_2020-03-02 19:57:51.597945,0002,CA-326,2-39-79-378,America/Los_Angeles,000000832,"[{'WhPerMile': 400, 'kWhRequested': 28.0, 'milesRequested': 70, 'minutesAvailable': 290, 'modifiedAt': 'Mon, 02 Mar 2020 19:58:12 GMT', 'paymentRequired': True, 'requestedDeparture': 'Tue, 03 Mar 2020 00:47:52 GMT', 'userID': 832}]",5.088888888888889,4.49,19,Monday,0,15,418.05
5e72bd1bf9af8b73fde9e38e,0039,2020-03-02 20:48:46,2020-03-02 23:27:08,2020-03-02 21:42:26,2.371,2_39_124_22_2020-03-02 20:48:46.404376,0002,CA-312,2-39-124-22,America/Los_Angeles,000000891,"[{'WhPerMile': 400, 'kWhRequested': 8.0, 'milesRequested': 20, 'minutesAvailable': 216, 'modifiedAt': 'Mon, 02 Mar 2020 20:49:21 GMT', 'paymentRequired': True, 'requestedDeparture': 'Tue, 03 Mar 2020 00:24:46 GMT', 'userID': 891}]",2.6394444444444445,0.8944444444444445,20,Monday,0,15,35.565
5e72bd1bf9af8b73fde9e38f,0039,2020-03-02 21:14:25,2020-03-03 02:20:05,2020-03-02 23:49:32,6.604,2_39_92_436_2020-03-02 21:14:24.595868,0002,CA-318,2-39-92-436,America/Los_Angeles,000001124,"[{'WhPerMile': 400, 'kWhRequested': 8.0, 'milesRequested': 20, 'minutesAvailable': 60, 'modifiedAt': 'Mon, 02 Mar 2020 21:15:06 GMT', 'paymentRequired': True, 'requestedDeparture': 'Mon, 02 Mar 2020 22:14:25 GMT', 'userID': 1124}]",5.094444444444444,2.585277777777778,21,Monday,0,15,99.06
5e72bd1bf9af8b73fde9e390,0039,2020-03-02 21:32:55,2020-03-03 01:15:42,2020-03-02 22:24:04,2.257,2_39_123_23_2020-03-02 21:32:54.816304,0002,CA-313,2-39-123-23,America/Los_Angeles,000001366,"[{'WhPerMile': 400, 'kWhRequested': 8.0, 'milesRequested': 20, 'minutesAvailable': 60, 'modifiedAt': 'Mon, 02 Mar 2020 21:33:11 GMT', 'paymentRequired': True, 'requestedDeparture': 'Mon, 02 Mar 2020 22:32:55 GMT', 'userID': 1366}]",3.7130555555555556,0.8525,21,Monday,0,15,33.855000000000004
5e72bd1bf9af8b73fde9e391,0039,2020-03-02 21:43:54,2020-03-03 03:02:18,2020-03-02 22:50:13,2.2,2_39_79_381_2020-03-02 21:43:54.214145,0002,CA-490,2-39-79-381,America/Los_Angeles,000001082,"[{'WhPerMile': 400, 'kWhRequested': 8.0, 'milesRequested': 20, 'minutesAvailable': 64, 'modifiedAt': 'Mon, 02 Mar 2020 21:44:25 GMT', 'paymentRequired': True, 'requestedDeparture': 'Mon, 02 Mar 2020 22:47:54 GMT', 'userID': 1082}]",5.306666666666667,1.1052777777777778,21,Monday,0,15,33.0
5e72bd1bf9af8b73fde9e392,0039,2020-03-02 21:46:04,2020-03-02 22:59:31,2020-03-02 22:59:26,3.839,2_39_78_364_2020-03-02 21:46:04.312567,0002,CA-495,2-39-78-364,America/Los_Angeles,000001236,"[{'WhPerMile': 400, 'kWhRequested': 8.0, 'milesRequested': 20, 'minutesAvailable': 136, 'modifiedAt': 'Mon, 02 Mar 2020 21:49:27 GMT', 'paymentRequired': True, 'requestedDeparture': 'Tue, 03 Mar 2020 00:02:04 GMT', 'userID': 1236}]",1.2241666666666666,1.2227777777777777,21,Monday,0,15,57.585
5e72bd1bf9af8b73fde9e393,0039,2020-03-02 22:01:24,2020-03-03 02:52:17,2020-03-03 00:26:28,8.341,2_39_79_382_2020-03-02 22:01:24.185088,0002,CA-491,2-39-79-382,America/Los_Angeles,000000515,"[{'WhPerMile': 400, 'kWhRequested': 12.0, 'milesRequested': 30, 'minutesAvailable': 250, 'modifiedAt': 'Mon, 02 Mar 2020 22:01:55 GMT', 'paymentRequired': True, 'requestedDeparture': 'Tue, 03 Mar 2020 02:11:24 GMT', 'userID': 515}]",4.848055555555556,2.417777777777778,22,Monday,0,15,125.115
5e72bd1bf9af8b73fde9e394,0039,2020-03-02 22:34:06,2020-03-03 01:02:29,2020-03-02 23:04:49,0.893,2_39_83_386_2020-03-02 22:34:05.806745,0002,CA-212,2-39-83-386,America/Los_Angeles,,,2.4730555555555553,0.5119444444444444,22,Monday,0,15,13.395
5e72bd1bf9af8b73fde9e395,0039,2020-03-02 23:29:24,2020-03-03 00:48:25,2020-03-03 00:37:34,6.789,2_39_127_19_2020-03-02 23:29:24.003257,0002,CA-309,2-39-127-19,America/Los_Angeles,000002290,"[{'WhPerMile': 425, 'kWhRequested': 29.75, 'milesRequested': 70, 'minutesAvailable': 446, 'modifiedAt': 'Mon, 02 Mar 2020 23:29:32 GMT', 'paymentRequired': True, 'requestedDeparture': 'Tue, 03 Mar 2020 06:55:24 GMT', 'userID': 2290}]",1.3169444444444445,1.136111111111111,23,Monday,0,15,101.835
5e72bd1bf9af8b73fde9e396,0039,2020-03-02 23:49:17,2020-03-03 01:04:37,2020-03-03 01:04:28,3.787,2_39_79_380_2020-03-02 23:49:16.660483,0002,CA-489,2-39-79-380,America/Los_Angeles,000002291,"[{'WhPerMile': 400, 'kWhRequested': 8.0, 'milesRequested': 20, 'minutesAvailable': 408, 'modifiedAt': 'Mon, 02 Mar 2020 23:58:29 GMT', 'paymentRequired': True, 'requestedDeparture': 'Tue, 03 Mar 2020 06:37:17 GMT', 'userID': 2291}]",1.2555555555555555,1.2530555555555556,23,Monday,0,15,56.805
5e72bd1bf9af8b73fde9e397,0039,2020-03-03 00:57:16,2020-03-03 02:52:12,2020-03-03 02:12:44,3.728,2_39_88_24_2020-03-03 00:57:15.967922,0002,CA-314,2-39-88-24,America/Los_Angeles,000001920,"[{'WhPerMile': 600, 'kWhRequested': 12.0, 'milesRequested': 20, 'minutesAvailable': 116, 'modifiedAt': 'Tue, 03 Mar 2020 00:58:43 GMT', 'paymentRequired': True, 'requestedDeparture': 'Tue, 03 Mar 2020 02:53:16 GMT', 'userID': 1920}, {'WhPerMile': 600, 'kWhRequested': 12.0, 'milesRequested': 20, 'minutesAvailable': 116, 'modifiedAt': 'Tue, 03 Mar 2020 00:58:48 GMT', 'paymentRequired': True, 'requestedDeparture': 'Tue, 03 Mar 2020 02:53:16 GMT', 'userID': 1920}, {'WhPerMile': 600, 'kWhRequested': 12.0, 'milesRequested': 20, 'minutesAvailable': 109, 'modifiedAt': 'Tue, 03 Mar 2020 00:58:56 GMT', 'paymentRequired': True, 'requestedDeparture': 'Tue, 03 Mar 2020 02:46:16 GMT', 'userID': 1920}]",1.9155555555555555,1.2577777777777779,0,Tuesday,0,15,55.92
5e72bd1bf9af8b73fde9e398,0039,2020-03-03 01:12:59,2020-03-03 03:27:49,2020-03-03 03:12:30,6.096,2_39_127_19_2020-03-03 01:12:46.554916,0002,CA-309,2-39-127-19,America/Los_Angeles,000003577,"[{'WhPerMile': 400, 'kWhRequested': 8.0, 'milesRequested': 20, 'minutesAvailable': 184, 'modifiedAt': 'Tue, 03 Mar 2020 01:12:58 GMT', 'paymentRequired': True, 'requestedDeparture': 'Tue, 03 Mar 2020 04:16:59 GMT', 'userID': 3577}]",2.2472222222222222,1.9919444444444445,1,Tuesday,0,15,91.44
5e72bd1bf9af8b73fde9e399,0039,2020-03-03 01:40:16,2020-03-03 04:09:26,2020-03-03 04:10:24,0.904,2_39_129_17_2020-03-03 01:40:16.076284,0002,CA-307,2-39-129-17,America/Los_Angeles,,,2.486111111111111,2.502222222222222,1,Tuesday,0,15,13.56
5e72bd1bf9af8b73fde9e39a,0039,2020-03-03 04:10:38,2020-03-03 05:12:38,2020-03-03 05:12:57,0.898,2_39_128_18_2020-03-03 04:10:37.910882,0002,CA-308,2-39-128-18,America/Los_Angeles,,,1.0333333333333334,1.0386111111111112,4,Tuesday,0,15,13.47
5e740e9ff9af8b7848854fc2,0039,2020-03-03 14:23:35,2020-03-04 01:03:56,2020-03-03 15:29:11,3.259,2_39_79_381_2020-03-03 14:23:34.551179,0002,CA-490,2-39-79-381,America/Los_Angeles,000001007,"[{'WhPerMile': 400, 'kWhRequested': 16.0, 'milesRequested': 40, 'minutesAvailable': 466, 'modifiedAt': 'Tue, 03 Mar 2020 14:23:52 GMT', 'paymentRequired': True, 'requestedDeparture': 'Tue, 03 Mar 2020 22:09:35 GMT', 'userID': 1007}, {'WhPerMile': 400, 'kWhRequested': 16.0, 'milesRequested': 40, 'minutesAvailable': 466, 'modifiedAt': 'Wed, 04 Mar 2020 01:02:50 GMT', 'paymentRequired': True, 'requestedDeparture': 'Tue, 03 Mar 2020 22:09:35 GMT', 'userID': 1007}]",10.6725,1.0933333333333333,14,Tuesday,0,15,48.885
5e740e9ff9af8b7848854fc3,0039,2020-03-03 15:54:43,2020-03-04 00:25:37,2020-03-03 18:40:16,11.41,2_39_79_382_2020-03-03 15:54:42.538253,0002,CA-491,2-39-79-382,America/Los_Angeles,000004701,"[{'WhPerMile': 300, 'kWhRequested': 12.0, 'milesRequested': 40, 'minutesAvailable': 441, 'modifiedAt': 'Tue, 03 Mar 2020 15:54:50 GMT', 'paymentRequired': True, 'requestedDeparture': 'Tue, 03 Mar 2020 23:15:43 GMT', 'userID': 4701}]",8.515,2.7591666666666668,15,Tuesday,0,15,171.15
5e740e9ff9af8b7848854fc4,0039,2020-03-03 16:01:26,2020-03-03 23:46:15,2020-03-03 23:47:13,0.815,2_39_79_380_2020-03-03 16:01:26.391749,0002,CA-489,2-39-79-380,America/Los_Angeles,,,7.746944444444445,7.763055555555556,16,Tuesday,0,15,12.225
5e740e9ff9af8b7848854fc5,0039,2020-03-03 16:10:31,2020-03-04 00:41:02,2020-03-03 17:41:17,3.993,2_39_139_28_2020-03-03 16:10:31.120263,0002,CA-303,2-39-139-28,America/Los_Angeles,000001564,"[{'WhPerMile': 300, 'kWhRequested': 12.0, 'milesRequested': 40, 'minutesAvailable': 83, 'modifiedAt': 'Tue, 03 Mar 2020 16:10:35 GMT', 'paymentRequired': True, 'requestedDeparture': 'Tue, 03 Mar 2020 17:33:31 GMT', 'userID': 1564}]",8.508611111111112,1.5127777777777778,16,Tuesday,0,15,59.894999999999996
5e740e9ff9af8b7848854fc6,0039,2020-03-03 16:14:56,2020-03-04 01:38:08,2020-03-03 20:34:23,0.855,2_39_78_366_2020-03-03 16:14:55.559738,0002,CA-323,2-39-78-366,America/Los_Angeles,,,9.386666666666667,4.324166666666667,16,Tuesday,0,15,12.825
5e740e9ff9af8b7848854fc7,0039,2020-03-03 16:32:54,2020-03-04 01:07:53,2020-03-03 17:48:30,4.745,2_39_79_379_2020-03-03 16:32:54.489023,0002,CA-327,2-39-79-379,America/Los_Angeles,000000751,"[{'WhPerMile': 400, 'kWhRequested': 28.0, 'milesRequested': 70, 'minutesAvailable': 720, 'modifiedAt': 'Tue, 03 Mar 2020 16:33:17 GMT', 'paymentRequired': True, 'requestedDeparture': 'Wed, 04 Mar 2020 04:32:54 GMT', 'userID': 751}]",8.583055555555555,1.26,16,Tuesday,0,15,71.175
5e740e9ff9af8b7848854fc8,0039,2020-03-03 16:35:09,2020-03-04 02:32:14,2020-03-03 18:10:35,5.039,2_39_131_30_2020-03-03 16:35:09.355798,0002,CA-305,2-39-131-30,America/Los_Angeles,000000562,"[{'WhPerMile': 325, 'kWhRequested': 6.5, 'milesRequested': 20, 'minutesAvailable': 196, 'modifiedAt': 'Tue, 03 Mar 2020 16:35:30 GMT', 'paymentRequired': True, 'requestedDeparture': 'Tue, 03 Mar 2020 19:51:09 GMT', 'userID': 562}]",9.95138888888889,1.5905555555555555,16,Tuesday,0,15,75.585
5e740e9ff9af8b7848854fc9,0039,2020-03-03 16:49:48,2020-03-04 02:12:24,2020-03-03 19:03:07,4.587,2_39_91_437_2020-03-03 16:49:48.114129,0002,CA-317,2-39-91-437,America/Los_Angeles,000000712,"[{'WhPerMile': 400, 'kWhRequested': 16.0, 'milesRequested': 40, 'minutesAvailable': 343, 'modifiedAt': 'Tue, 03 Mar 2020 17:53:17 GMT', 'paymentRequired': True, 'requestedDeparture': 'Tue, 03 Mar 2020 22:32:48 GMT', 'userID': 712}]",9.376666666666667,2.2219444444444445,16,Tuesday,0,15,68.80499999999999
5e740e9ff9af8b7848854fca,0039,2020-03-03 16:57:02,2020-03-04 02:21:48,2020-03-03 19:56:00,7.312,2_39_79_378_2020-03-03 16:57:02.205699,0002,CA-326,2-39-79-378,America/Los_Angeles,000000677,"[{'WhPerMile': 325, 'kWhRequested': 19.5, 'milesRequested': 60, 'minutesAvailable': 71, 'modifiedAt': 'Tue, 03 Mar 2020 18:09:37 GMT', 'paymentRequired': True, 'requestedDeparture': 'Tue, 03 Mar 2020 18:08:02 GMT', 'userID': 677}, {'WhPerMile': 325, 'kWhRequested': 19.5, 'milesRequested': 60, 'minutesAvailable': 71, 'modifiedAt': 'Tue, 03 Mar 2020 18:12:53 GMT', 'paymentRequired': True, 'requestedDeparture': 'Tue, 03 Mar 2020 18:08:02 GMT', 'userID': 677}]",9.412777777777778,2.9827777777777778,16,Tuesday,0,15,109.68
5e740e9ff9af8b7848854fcb,0039,2020-03-03 17:05:47,2020-03-04 00:47:38,2020-03-03 18:35:21,9.869,2_39_95_444_2020-03-03 17:05:46.563708,0002,CA-497,2-39-95-444,America/Los_Angeles,000001470,"[{'WhPerMile': 292, 'kWhRequested': 14.6, 'milesRequested': 50, 'minutesAvailable': 266, 'modifiedAt': 'Tue, 03 Mar 2020 17:05:57 GMT', 'paymentRequired': True, 'requestedDeparture': 'Tue, 03 Mar 2020 21:31:47 GMT', 'userID': 1470}]",7.6975,1.4927777777777778,17,Tuesday,0,15,148.035
5e740e9ff9af8b7848854fcc,0039,2020-03-03 17:06:44,2020-03-04 02:35:14,2020-03-03 18:26:11,7.529,2_39_89_25_2020-03-03 17:06:43.591988,0002,CA-315,2-39-89-25,America/Los_Angeles,000000431,"[{'WhPerMile': 300, 'kWhRequested': 21.0, 'milesRequested': 70, 'minutesAvailable': 270, 'modifiedAt': 'Tue, 03 Mar 2020 17:07:02 GMT', 'paymentRequired': True, 'requestedDeparture': 'Tue, 03 Mar 2020 21:36:44 GMT', 'userID': 431}]",9.475,1.3241666666666667,17,Tuesday,0,15,112.935
5e740e9ff9af8b7848854fcd,0039,2020-03-03 17:17:40,2020-03-04 03:14:34,2020-03-03 19:03:32,5.742,2_39_127_19_2020-03-03 17:17:40.203845,0002,CA-309,2-39-127-19,America/Los_Angeles,000000567,"[{'WhPerMile': 400, 'kWhRequested': 8.0, 'milesRequested': 20, 'minutesAvailable': 61, 'modifiedAt': 'Tue, 03 Mar 2020 17:17:48 GMT', 'paymentRequired': True, 'requestedDeparture': 'Tue, 03 Mar 2020 18:18:40 GMT', 'userID': 567}, {'WhPerMile': 400, 'kWhRequested': 8.0, 'milesRequested': 20, 'minutesAvailable': 418, 'modifiedAt': 'Tue, 03 Mar 2020 17:19:01 GMT', 'paymentRequired': True, 'requestedDeparture': 'Wed, 04 Mar 2020 00:15:40 GMT', 'userID': 567}]",9.948333333333334,1.7644444444444445,17,Tuesday,0,15,86.13
5e740e9ff9af8b7848854fce,0039,2020-03-03 17:26:16,2020-03-04 00:01:43,2020-03-03 18:52:38,4.269,2_39_90_440_2020-03-03 17:26:16.114497,0002,CA-500,2-39-90-440,America/Los_Angeles,000000743,"[{'WhPerMile': 400, 'kWhRequested': 8.0, 'milesRequested': 20, 'minutesAvailable': 501, 'modifiedAt': 'Tue, 03 Mar 2020 17:26:33 GMT', 'paymentRequired': True, 'requestedDeparture': 'Wed, 04 Mar 2020 01:47:16 GMT', 'userID': 743}]",6.590833333333333,1.4394444444444445,17,Tuesday,0,15,64.035
5e740e9ff9af8b7848854fcf,0039,2020-03-03 17:36:37,2020-03-04 00:05:53,2020-03-03 18:32:45,5.6,2_39_125_21_2020-03-03 17:36:36.589144,0002,CA-311,2-39-125-21,America/Los_Angeles,000001912,"[{'WhPerMile': 400, 'kWhRequested': 20.0, 'milesRequested': 50, 'minutesAvailable': 368, 'modifiedAt': 'Tue, 03 Mar 2020 17:36:39 GMT', 'paymentRequired': True, 'requestedDeparture': 'Tue, 03 Mar 2020 23:44:37 GMT', 'userID': 1912}]",6.487777777777778,0.9355555555555556,17,Tuesday,0,15,84.0
5e740e9ff9af8b7848854fd0,0039,2020-03-03 18:08:28,2020-03-04 02:03:31,2020-03-03 19:31:13,7.974,2_39_92_436_2020-03-03 18:08:28.178149,0002,CA-318,2-39-92-436,America/Los_Angeles,000001095,"[{'WhPerMile': 400, 'kWhRequested': 16.0, 'milesRequested': 40, 'minutesAvailable': 444, 'modifiedAt': 'Tue, 03 Mar 2020 18:08:39 GMT', 'paymentRequired': True, 'requestedDeparture': 'Wed, 04 Mar 2020 01:32:28 GMT', 'userID': 1095}]",7.9175,1.3791666666666667,18,Tuesday,0,15,119.61
5e740e9ff9af8b7848854fd1,0039,2020-03-03 18:08:47,2020-03-04 01:10:30,2020-03-03 20:32:53,9.604,2_39_79_376_2020-03-03 18:08:47.338861,0002,CA-324,2-39-79-376,America/Los_Angeles,000001137,"[{'WhPerMile': 400, 'kWhRequested': 28.0, 'milesRequested': 70, 'minutesAvailable': 368, 'modifiedAt': 'Tue, 03 Mar 2020 18:09:02 GMT', 'paymentRequired': True, 'requestedDeparture': 'Wed, 04 Mar 2020 00:16:47 GMT', 'userID': 1137}]",7.028611111111111,2.401666666666667,18,Tuesday,0,15,144.06
5e740e9ff9af8b7848854fd2,0039,2020-03-03 18:31:42,2020-03-03 19:46:39,2020-03-03 19:44:05,6.77,2_39_123_23_2020-03-03 18:31:42.466906,0002,CA-313,2-39-123-23,America/Los_Angeles,000000798,"[{'WhPerMile': 400, 'kWhRequested': 16.0, 'milesRequested': 40, 'minutesAvailable': 102, 'modifiedAt': 'Tue, 03 Mar 2020 18:32:27 GMT', 'paymentRequired': True, 'requestedDeparture': 'Tue, 03 Mar 2020 20:13:42 GMT', 'userID': 798}]",1.2491666666666668,1.206388888888889,18,Tuesday,0,15,101.55
5e740e9ff9af8b7848854fd3,0039,2020-03-03 18:35:15,2020-03-04 02:44:27,2020-03-04 02:44:22,7.106,2_39_78_360_2020-03-03 18:35:15.123216,0002,CA-322,2-39-78-360,America/Los_Angeles,000000714,"[{'WhPerMile': 400, 'kWhRequested': 32.0, 'milesRequested': 80, 'minutesAvailable': 461, 'modifiedAt': 'Tue, 03 Mar 2020 18:35:31 GMT', 'paymentRequired': True, 'requestedDeparture': 'Wed, 04 Mar 2020 02:16:15 GMT', 'userID': 714}]",8.153333333333334,8.151944444444444,18,Tuesday,0,15,106.59
5e740e9ff9af8b7848854fd4,0039,2020-03-03 18:52:41,2020-03-04 00:53:19,2020-03-03 19:57:02,2.154,2_39_88_24_2020-03-03 18:52:40.707815,0002,CA-314,2-39-88-24,America/Los_Angeles,000001082,"[{'WhPerMile': 400, 'kWhRequested': 8.0, 'milesRequested': 20, 'minutesAvailable': 64, 'modifiedAt': 'Tue, 03 Mar 2020 18:52:49 GMT', 'paymentRequired': True, 'requestedDeparture': 'Tue, 03 Mar 2020 19:56:41 GMT', 'userID': 1082}]",6.010555555555555,1.0725,18,Tuesday,0,15,32.31
5e740e9ff9af8b7848854fd5,0039,2020-03-03 19:06:54,2020-03-03 20:34:38,2020-03-03 19:37:14,0.908,2_39_124_22_2020-03-03 19:06:54.389470,0002,CA-312,2-39-124-22,America/Los_Angeles,,,1.4622222222222223,0.5055555555555555,19,Tuesday,0,15,13.620000000000001
5e740e9ff9af8b7848854fd6,0039,2020-03-03 19:20:20,2020-03-03 21:12:11,2020-03-03 19:51:24,0.776,2_39_90_26_2020-03-03 19:20:20.265476,0002,CA-316,2-39-90-26,America/Los_Angeles,,,1.8641666666666667,0.5177777777777778,19,Tuesday,0,15,11.64
5e740e9ff9af8b7848854fd7,0039,2020-03-03 19:48:21,2020-03-04 00:12:31,2020-03-04 00:12:26,14.845,2_39_79_383_2020-03-03 19:48:21.440417,0002,CA-492,2-39-79-383,America/Los_Angeles,000000671,"[{'WhPerMile': 267, 'kWhRequested': 26.7, 'milesRequested': 100, 'minutesAvailable': 352, 'modifiedAt': 'Tue, 03 Mar 2020 19:48:43 GMT', 'paymentRequired': True, 'requestedDeparture': 'Wed, 04 Mar 2020 01:40:21 GMT', 'userID': 671}]",4.402777777777778,4.401388888888889,19,Tuesday,0,15,222.675
5e740e9ff9af8b7848854fd8,0039,2020-03-03 19:52:02,2020-03-03 20:47:56,2020-03-03 20:47:51,2.582,2_39_123_23_2020-03-03 19:51:46.814877,0002,CA-313,2-39-123-23,America/Los_Angeles,000001093,"[{'WhPerMile': 333, 'kWhRequested': 9.99, 'milesRequested': 30, 'minutesAvailable': 438, 'modifiedAt': 'Tue, 03 Mar 2020 19:52:01 GMT', 'paymentRequired': True, 'requestedDeparture': 'Wed, 04 Mar 2020 03:10:02 GMT', 'userID': 1093}]",0.9316666666666666,0.9302777777777778,19,Tuesday,0,15,38.73
5e740e9ff9af8b7848854fd9,0039,2020-03-03 20:19:34,2020-03-04 02:23:25,2020-03-03 22:28:48,7.225,2_39_92_442_2020-03-03 20:19:33.762130,0002,CA-498,2-39-92-442,America/Los_Angeles,000000515,"[{'WhPerMile': 400, 'kWhRequested': 12.0, 'milesRequested': 30, 'minutesAvailable': 250, 'modifiedAt': 'Tue, 03 Mar 2020 20:20:05 GMT', 'paymentRequired': True, 'requestedDeparture': 'Wed, 04 Mar 2020 00:29:34 GMT', 'userID': 515}]",6.064166666666667,2.153888888888889,20,Tuesday,0,15,108.375
5e740e9ff9af8b7848854fda,0039,2020-03-03 20:38:51,2020-03-04 00:30:34,2020-03-03 22:04:26,4.211,2_39_124_22_2020-03-03 20:38:51.453407,0002,CA-312,2-39-124-22,America/Los_Angeles,000001366,"[{'WhPerMile': 400, 'kWhRequested': 8.0, 'milesRequested': 20, 'minutesAvailable': 60, 'modifiedAt': 'Tue, 03 Mar 2020 20:39:00 GMT', 'paymentRequired': True, 'requestedDeparture': 'Tue, 03 Mar 2020 21:38:51 GMT', 'userID': 1366}]",3.8619444444444446,1.426388888888889,20,Tuesday,0,15,63.165000000000006
5e740e9ff9af8b7848854fdb,0039,2020-03-03 20:57:27,2020-03-04 02:53:38,2020-03-04 00:27:53,22.948,2_39_123_23_2020-03-03 20:57:26.977715,0002,CA-313,2-39-123-23,America/Los_Angeles,000003270,"[{'WhPerMile': 200, 'kWhRequested': 40.0, 'milesRequested': 200, 'minutesAvailable': 63, 'modifiedAt': 'Tue, 03 Mar 2020 21:00:03 GMT', 'paymentRequired': True, 'requestedDeparture': 'Tue, 03 Mar 2020 22:00:27 GMT', 'userID': 3270}]",5.936388888888889,3.507222222222222,20,Tuesday,0,15,344.22
5e740e9ff9af8b7848854fdc,0039,2020-03-03 20:59:57,2020-03-04 00:55:57,2020-03-03 21:30:53,0.864,2_39_95_27_2020-03-03 20:59:57.468559,0002,CA-319,2-39-95-27,America/Los_Angeles,,,3.933333333333333,0.5155555555555555,20,Tuesday,0,15,12.959999999999999
5e740e9ff9af8b7848854fdd,0039,2020-03-03 21:26:35,2020-03-04 03:14:23,2020-03-04 01:33:58,0.901,2_39_78_363_2020-03-03 21:26:35.303907,0002,CA-320,2-39-78-363,America/Los_Angeles,,,5.796666666666667,4.123055555555555,21,Tuesday,0,15,13.515
5e740e9ff9af8b7848854fde,0039,2020-03-03 21:54:31,2020-03-04 02:44:53,2020-03-03 23:42:41,0.895,2_39_91_441_2020-03-03 21:54:31.104781,0002,CA-499,2-39-91-441,America/Los_Angeles,,,4.839444444444444,1.8027777777777778,21,Tuesday,0,15,13.425
5e740e9ff9af8b7848854fdf,0039,2020-03-03 22:09:18,2020-03-04 02:23:09,2020-03-03 22:40:22,0.882,2_39_123_557_2020-03-03 22:09:18.122500,0002,CA-503,2-39-123-557,America/Los_Angeles,,,4.230833333333333,0.5177777777777778,22,Tuesday,0,15,13.23
5e740e9ff9af8b7848854fe0,0039,2020-03-03 23:46:34,2020-03-04 00:47:47,2020-03-04 00:47:39,2.766,2_39_79_380_2020-03-03 23:46:34.296620,0002,CA-489,2-39-79-380,America/Los_Angeles,000003389,"[{'WhPerMile': 400, 'kWhRequested': 8.0, 'milesRequested': 20, 'minutesAvailable': 198, 'modifiedAt': 'Tue, 03 Mar 2020 23:46:54 GMT', 'paymentRequired': True, 'requestedDeparture': 'Wed, 04 Mar 2020 03:04:34 GMT', 'userID': 3389}]",1.0202777777777778,1.0180555555555555,23,Tuesday,0,15,41.49
5e740e9ff9af8b7848854fe1,0039,2020-03-04 01:14:32,2020-03-04 02:42:05,2020-03-04 02:42:00,4.572,2_39_139_28_2020-03-04 01:14:31.692921,0002,CA-303,2-39-139-28,America/Los_Angeles,000000365,"[{'WhPerMile': 333, 'kWhRequested': 9.99, 'milesRequested': 30, 'minutesAvailable': 104, 'modifiedAt': 'Wed, 04 Mar 2020 01:14:44 GMT', 'paymentRequired': True, 'requestedDeparture': 'Wed, 04 Mar 2020 02:58:32 GMT', 'userID': 365}]",1.4591666666666667,1.4577777777777778,1,Wednesday,0,15,68.58
5e740e9ff9af8b7848854fe2,0039,2020-03-04 04:21:03,2020-03-04 05:47:45,2020-03-04 05:47:40,4.813,2_39_139_28_2020-03-04 04:21:03.232138,0002,CA-303,2-39-139-28,America/Los_Angeles,000001263,"[{'WhPerMile': 400, 'kWhRequested': 8.0, 'milesRequested': 20, 'minutesAvailable': 115, 'modifiedAt': 'Wed, 04 Mar 2020 04:22:30 GMT', 'paymentRequired': True, 'requestedDeparture': 'Wed, 04 Mar 2020 06:16:03 GMT', 'userID': 1263}]",1.445,1.4436111111111112,4,Wednesday,0,15,72.195
5e756020f9af8b7bfd91e205,0039,2020-03-04 14:44:53,2020-03-05 21:02:14,2020-03-04 18:48:58,13.595,2_39_79_383_2020-03-04 14:44:52.748157,0002,CA-492,2-39-79-383,America/Los_Angeles,000004913,"[{'WhPerMile': 400, 'kWhRequested': 20.0, 'milesRequested': 50, 'minutesAvailable': 634, 'modifiedAt': 'Wed, 04 Mar 2020 14:45:18 GMT', 'paymentRequired': True, 'requestedDeparture': 'Thu, 05 Mar 2020 01:18:53 GMT', 'userID': 4913}]",30.289166666666667,4.0680555555555555,14,Wednesday,0,15,203.925
5e756020f9af8b7bfd91e206,0039,2020-03-04 15:19:13,2020-03-05 01:04:24,2020-03-04 17:00:17,10.441,2_39_139_28_2020-03-04 15:19:12.758016,0002,CA-303,2-39-139-28,America/Los_Angeles,000000630,"[{'WhPerMile': 400, 'kWhRequested': 24.0, 'milesRequested': 60, 'minutesAvailable': 244, 'modifiedAt': 'Wed, 04 Mar 2020 15:19:22 GMT', 'paymentRequired': True, 'requestedDeparture': 'Wed, 04 Mar 2020 19:23:13 GMT', 'userID': 630}]",9.753055555555555,1.6844444444444444,15,Wednesday,0,15,156.615
5e756020f9af8b7bfd91e207,0039,2020-03-04 16:09:11,2020-03-04 21:13:00,2020-03-04 16:39:39,0.819,2_39_79_380_2020-03-04 16:09:10.712036,0002,CA-489,2-39-79-380,America/Los_Angeles,,,5.063611111111111,0.5077777777777778,16,Wednesday,0,15,12.285
5e756020f9af8b7bfd91e208,0039,2020-03-04 16:16:24,2020-03-05 04:03:38,2020-03-04 16:47:28,0.838,2_39_89_25_2020-03-04 16:16:24.466221,0002,CA-315,2-39-89-25,America/Los_Angeles,,,11.787222222222223,0.5177777777777778,16,Wednesday,0,15,12.57
5e756020f9af8b7bfd91e209,0039,2020-03-04 16:35:44,2020-03-04 20:24:00,2020-03-04 18:54:47,5.591,2_39_78_365_2020-03-04 16:35:43.530631,0002,CA-321,2-39-78-365,America/Los_Angeles,000000562,"[{'WhPerMile': 325, 'kWhRequested': 6.5, 'milesRequested': 20, 'minutesAvailable': 196, 'modifiedAt': 'Wed, 04 Mar 2020 16:36:19 GMT', 'paymentRequired': True, 'requestedDeparture': 'Wed, 04 Mar 2020 19:51:44 GMT', 'userID': 562}]",3.8044444444444445,2.3175,16,Wednesday,0,15,83.86500000000001
5e756020f9af8b7bfd91e20a,0039,2020-03-04 16:45:47,2020-03-05 01:36:47,2020-03-04 18:02:52,4.298,2_39_129_17_2020-03-04 16:45:46.830825,0002,CA-307,2-39-129-17,America/Los_Angeles,000000712,"[{'WhPerMile': 400, 'kWhRequested': 16.0, 'milesRequested': 40, 'minutesAvailable': 343, 'modifiedAt': 'Wed, 04 Mar 2020 16:46:14 GMT', 'paymentRequired': True, 'requestedDeparture': 'Wed, 04 Mar 2020 22:28:47 GMT', 'userID': 712}]",8.85,1.2847222222222223,16,Wednesday,0,15,64.47
5e756020f9af8b7bfd91e20b,0039,2020-03-04 16:49:00,2020-03-05 01:24:07,2020-03-04 17:15:35,0.92,2_39_138_29_2020-03-04 16:48:59.825542,0002,CA-304,2-39-138-29,America/Los_Angeles,000001366,"[{'WhPerMile': 400, 'kWhRequested': 8.0, 'milesRequested': 20, 'minutesAvailable': 60, 'modifiedAt': 'Wed, 04 Mar 2020 16:49:22 GMT', 'paymentRequired': True, 'requestedDeparture': 'Wed, 04 Mar 2020 17:49:00 GMT', 'userID': 1366}]",8.585277777777778,0.44305555555555554,16,Wednesday,0,15,13.8
5e756020f9af8b7bfd91e20c,0039,2020-03-04 16:50:40,2020-03-05 00:34:26,2020-03-05 00:35:25,9.016,2_39_78_362_2020-03-04 16:50:40.054426,0002,CA-496,2-39-78-362,America/Los_Angeles,000001470,"[{'WhPerMile': 292, 'kWhRequested': 17.52, 'milesRequested': 60, 'minutesAvailable': 266, 'modifiedAt': 'Wed, 04 Mar 2020 16:51:14 GMT', 'paymentRequired': True, 'requestedDeparture': 'Wed, 04 Mar 2020 21:16:40 GMT', 'userID': 1470}]",7.729444444444445,7.745833333333334,16,Wednesday,0,15,135.24
5e756020f9af8b7bfd91e20d,0039,2020-03-04 16:59:49,2020-03-05 00:57:21,2020-03-04 17:29:57,0.829,2_39_79_376_2020-03-04 16:59:48.844435,0002,CA-324,2-39-79-376,America/Los_Angeles,,,7.958888888888889,0.5022222222222222,16,Wednesday,0,15,12.434999999999999
5e756020f9af8b7bfd91e20e,0039,2020-03-04 17:03:36,2020-03-05 00:07:33,2020-03-04 19:11:24,13.189,2_39_128_18_2020-03-04 17:03:36.056633,0002,CA-308,2-39-128-18,America/Los_Angeles,000001912,"[{'WhPerMile': 400, 'kWhRequested': 20.0, 'milesRequested': 50, 'minutesAvailable': 368, 'modifiedAt': 'Wed, 04 Mar 2020 17:03:46 GMT', 'paymentRequired': True, 'requestedDeparture': 'Wed, 04 Mar 2020 23:11:36 GMT', 'userID': 1912}]",7.065833333333333,2.13,17,Wednesday,0,15,197.835
5e756020f9af8b7bfd91e20f,0039,2020-03-04 17:10:27,2020-03-05 00:33:42,2020-03-04 18:38:15,4.307,2_39_90_440_2020-03-04 17:10:26.694118,0002,CA-500,2-39-90-440,America/Los_Angeles,000000743,"[{'WhPerMile': 400, 'kWhRequested': 8.0, 'milesRequested': 20, 'minutesAvailable': 501, 'modifiedAt': 'Wed, 04 Mar 2020 17:10:34 GMT', 'paymentRequired': True, 'requestedDeparture': 'Thu, 05 Mar 2020 01:31:27 GMT', 'userID': 743}]",7.3875,1.4633333333333334,17,Wednesday,0,15,64.605
5e756020f9af8b7bfd91e210,0039,2020-03-04 17:13:21,2020-03-04 23:19:50,2020-03-04 17:43:37,0.857,2_39_127_19_2020-03-04 17:13:20.955784,0002,CA-309,2-39-127-19,America/Los_Angeles,,,6.108055555555556,0.5044444444444445,17,Wednesday,0,15,12.855
5e756020f9af8b7bfd91e211,0039,2020-03-04 17:14:13,2020-03-04 22:04:54,2020-03-04 21:11:06,0.864,2_39_123_23_2020-03-04 17:14:12.794268,0002,CA-313,2-39-123-23,America/Los_Angeles,,,4.844722222222222,3.9480555555555554,17,Wednesday,0,15,12.959999999999999
5e756020f9af8b7bfd91e212,0039,2020-03-04 17:15:32,2020-03-05 03:24:06,2020-03-04 19:03:18,5.806,2_39_125_21_2020-03-04 17:15:31.712825,0002,CA-311,2-39-125-21,America/Los_Angeles,000000567,"[{'WhPerMile': 400, 'kWhRequested': 8.0, 'milesRequested': 20, 'minutesAvailable': 418, 'modifiedAt': 'Wed, 04 Mar 2020 17:15:41 GMT', 'paymentRequired': True, 'requestedDeparture': 'Thu, 05 Mar 2020 00:13:32 GMT', 'userID': 567}]",10.142777777777777,1.7961111111111112,17,Wednesday,0,15,87.09
5e756020f9af8b7bfd91e213,0039,2020-03-04 17:22:15,2020-03-05 00:00:03,2020-03-04 18:41:22,2.969,2_39_79_382_2020-03-04 17:22:14.527339,0002,CA-491,2-39-79-382,America/Los_Angeles,000004701,"[{'WhPerMile': 300, 'kWhRequested': 9.0, 'milesRequested': 30, 'minutesAvailable': 352, 'modifiedAt': 'Wed, 04 Mar 2020 17:22:21 GMT', 'paymentRequired': True, 'requestedDeparture': 'Wed, 04 Mar 2020 23:14:15 GMT', 'userID': 4701}]",6.63,1.3186111111111112,17,Wednesday,0,15,44.535
5e756020f9af8b7bfd91e214,0039,2020-03-04 17:29:44,2020-03-05 01:12:07,2020-03-04 19:16:07,3.948,2_39_91_437_2020-03-04 17:29:44.133912,0002,CA-317,2-39-91-437,America/Los_Angeles,000001364,"[{'WhPerMile': 400, 'kWhRequested': 28.0, 'milesRequested': 70, 'minutesAvailable': 182, 'modifiedAt': 'Wed, 04 Mar 2020 17:29:50 GMT', 'paymentRequired': True, 'requestedDeparture': 'Wed, 04 Mar 2020 20:31:44 GMT', 'userID': 1364}]",7.706388888888889,1.7730555555555556,17,Wednesday,0,15,59.22
5e756020f9af8b7bfd91e215,0039,2020-03-04 17:30:02,2020-03-05 01:08:55,2020-03-05 00:17:25,1.132,2_39_79_377_2020-03-04 17:30:02.092903,0002,CA-325,2-39-79-377,America/Los_Angeles,,,7.648055555555556,6.789722222222222,17,Wednesday,0,15,16.979999999999997
5e756020f9af8b7bfd91e216,0039,2020-03-04 17:31:31,2020-03-05 01:21:10,2020-03-04 20:56:46,15.391,2_39_78_360_2020-03-04 17:31:31.052383,0002,CA-322,2-39-78-360,America/Los_Angeles,000003853,"[{'WhPerMile': 360, 'kWhRequested': 32.4, 'milesRequested': 90, 'minutesAvailable': 452, 'modifiedAt': 'Wed, 04 Mar 2020 17:32:01 GMT', 'paymentRequired': True, 'requestedDeparture': 'Thu, 05 Mar 2020 01:03:31 GMT', 'userID': 3853}]",7.8275,3.4208333333333334,17,Wednesday,0,15,230.865
5e756020f9af8b7bfd91e217,0039,2020-03-04 17:35:49,2020-03-05 02:07:49,2020-03-04 20:37:46,10.313,2_39_78_366_2020-03-04 17:35:49.188099,0002,CA-323,2-39-78-366,America/Los_Angeles,000000677,"[{'WhPerMile': 325, 'kWhRequested': 19.5, 'milesRequested': 60, 'minutesAvailable': 71, 'modifiedAt': 'Wed, 04 Mar 2020 17:36:53 GMT', 'paymentRequired': True, 'requestedDeparture': 'Wed, 04 Mar 2020 18:46:49 GMT', 'userID': 677}, {'WhPerMile': 325, 'kWhRequested': 19.5, 'milesRequested': 60, 'minutesAvailable': 301, 'modifiedAt': 'Wed, 04 Mar 2020 21:27:36 GMT', 'paymentRequired': True, 'requestedDeparture': 'Wed, 04 Mar 2020 22:36:49 GMT', 'userID': 677}]",8.533333333333333,3.0325,17,Wednesday,0,15,154.69500000000002
5e756020f9af8b7bfd91e218,0039,2020-03-04 17:36:02,2020-03-05 02:18:46,2020-03-04 19:42:23,14.226,2_39_95_27_2020-03-04 17:36:01.718496,0002,CA-319,2-39-95-27,America/Los_Angeles,000000714,"[{'WhPerMile': 400, 'kWhRequested': 32.0, 'milesRequested': 80, 'minutesAvailable': 461, 'modifiedAt': 'Wed, 04 Mar 2020 17:36:12 GMT', 'paymentRequired': True, 'requestedDeparture': 'Thu, 05 Mar 2020 01:17:02 GMT', 'userID': 714}, {'WhPerMile': 400, 'kWhRequested': 32.0, 'milesRequested': 80, 'minutesAvailable': 403, 'modifiedAt': 'Wed, 04 Mar 2020 17:36:26 GMT', 'paymentRequired': True, 'requestedDeparture': 'Thu, 05 Mar 2020 00:19:02 GMT', 'userID': 714}]",8.712222222222222,2.1058333333333334,17,Wednesday,0,15,213.39000000000001
5e756020f9af8b7bfd91e219,0039,2020-03-04 17:45:01,2020-03-05 01:16:38,2020-03-04 20:00:34,7.547,2_39_126_20_2020-03-04 17:45:00.945264,0002,CA-310,2-39-126-20,America/Los_Angeles,000000620,"[{'WhPerMile': 400, 'kWhRequested': 8.0, 'milesRequested': 20, 'minutesAvailable': 441, 'modifiedAt': 'Wed, 04 Mar 2020 17:45:26 GMT', 'paymentRequired': True, 'requestedDeparture': 'Thu, 05 Mar 2020 01:06:01 GMT', 'userID': 620}]",7.526944444444444,2.2591666666666668,17,Wednesday,0,15,113.205
5e756020f9af8b7bfd91e21a,0039,2020-03-04 17:50:16,2020-03-04 23:20:30,2020-03-04 19:49:16,12.519,2_39_123_557_2020-03-04 17:50:15.939787,0002,CA-503,2-39-123-557,America/Los_Angeles,000000668,"[{'WhPerMile': 400, 'kWhRequested': 16.0, 'milesRequested': 40, 'minutesAvailable': 424, 'modifiedAt': 'Wed, 04 Mar 2020 17:51:06 GMT', 'paymentRequired': True, 'requestedDeparture': 'Thu, 05 Mar 2020 00:54:16 GMT', 'userID': 668}, {'WhPerMile': 400, 'kWhRequested': 16.0, 'milesRequested': 40, 'minutesAvailable': 424, 'modifiedAt': 'Wed, 04 Mar 2020 18:19:55 GMT', 'paymentRequired': True, 'requestedDeparture': 'Thu, 05 Mar 2020 00:54:16 GMT', 'userID': 668}]",5.503888888888889,1.9833333333333334,17,Wednesday,0,15,187.785
5e756020f9af8b7bfd91e21b,0039,2020-03-04 17:50:40,2020-03-05 03:15:30,2020-03-04 19:43:46,11.64,2_39_92_436_2020-03-04 17:50:39.997512,0002,CA-318,2-39-92-436,America/Los_Angeles,000000558,"[{'WhPerMile': 400, 'kWhRequested': 24.0, 'milesRequested': 60, 'minutesAvailable': 60, 'modifiedAt': 'Wed, 04 Mar 2020 17:50:43 GMT', 'paymentRequired': True, 'requestedDeparture': 'Wed, 04 Mar 2020 18:50:40 GMT', 'userID': 558}]",9.41388888888889,1.885,17,Wednesday,0,15,174.60000000000002
5e756020f9af8b7bfd91e21c,0039,2020-03-04 18:09:39,2020-03-05 02:09:18,2020-03-04 20:12:16,12.317,2_39_88_24_2020-03-04 18:09:39.495323,0002,CA-314,2-39-88-24,America/Los_Angeles,000001095,"[{'WhPerMile': 400, 'kWhRequested': 16.0, 'milesRequested': 40, 'minutesAvailable': 444, 'modifiedAt': 'Wed, 04 Mar 2020 18:09:47 GMT', 'paymentRequired': True, 'requestedDeparture': 'Thu, 05 Mar 2020 01:33:39 GMT', 'userID': 1095}]",7.994166666666667,2.0436111111111113,18,Wednesday,0,15,184.755
5e756020f9af8b7bfd91e21d,0039,2020-03-04 18:26:07,2020-03-04 19:29:22,2020-03-04 19:22:44,5.524,2_39_124_22_2020-03-04 18:26:07.211283,0002,CA-312,2-39-124-22,America/Los_Angeles,000000710,"[{'WhPerMile': 400, 'kWhRequested': 24.0, 'milesRequested': 60, 'minutesAvailable': 94, 'modifiedAt': 'Wed, 04 Mar 2020 18:26:38 GMT', 'paymentRequired': True, 'requestedDeparture': 'Wed, 04 Mar 2020 20:00:07 GMT', 'userID': 710}]",1.0541666666666667,0.9436111111111111,18,Wednesday,0,15,82.86
5e756020f9af8b7bfd91e21e,0039,2020-03-04 20:28:05,2020-03-05 01:38:21,2020-03-04 20:41:05,0.896,2_39_124_22_2020-03-04 20:28:05.170797,0002,CA-312,2-39-124-22,America/Los_Angeles,000000710,"[{'WhPerMile': 400, 'kWhRequested': 24.0, 'milesRequested': 60, 'minutesAvailable': 94, 'modifiedAt': 'Wed, 04 Mar 2020 20:28:34 GMT', 'paymentRequired': True, 'requestedDeparture': 'Wed, 04 Mar 2020 22:02:05 GMT', 'userID': 710}]",5.171111111111111,0.21666666666666667,20,Wednesday,0,15,13.44
5e756020f9af8b7bfd91e21f,0039,2020-03-04 20:57:56,2020-03-04 23:59:28,2020-03-04 22:19:38,4.115,2_39_78_367_2020-03-04 20:57:55.806549,0002,CA-494,2-39-78-367,America/Los_Angeles,000000891,"[{'WhPerMile': 400, 'kWhRequested': 8.0, 'milesRequested': 20, 'minutesAvailable': 216, 'modifiedAt': 'Wed, 04 Mar 2020 20:58:00 GMT', 'paymentRequired': True, 'requestedDeparture': 'Thu, 05 Mar 2020 00:33:56 GMT', 'userID': 891}]",3.0255555555555556,1.3616666666666666,20,Wednesday,0,15,61.725
5e756020f9af8b7bfd91e220,0039,2020-03-04 21:09:28,2020-03-05 03:29:02,2020-03-04 23:07:29,6.489,2_39_91_441_2020-03-04 21:09:28.255011,0002,CA-499,2-39-91-441,America/Los_Angeles,000001124,"[{'WhPerMile': 400, 'kWhRequested': 8.0, 'milesRequested': 20, 'minutesAvailable': 60, 'modifiedAt': 'Wed, 04 Mar 2020 21:09:49 GMT', 'paymentRequired': True, 'requestedDeparture': 'Wed, 04 Mar 2020 22:09:28 GMT', 'userID': 1124}]",6.3261111111111115,1.9669444444444444,21,Wednesday,0,15,97.335
5e756020f9af8b7bfd91e221,0039,2020-03-04 22:09:38,2020-03-05 03:50:03,2020-03-05 03:49:58,38.057,2_39_123_23_2020-03-04 22:09:28.431781,0002,CA-313,2-39-123-23,America/Los_Angeles,000002743,"[{'WhPerMile': 240, 'kWhRequested': 60.0, 'milesRequested': 250, 'minutesAvailable': 577, 'modifiedAt': 'Wed, 04 Mar 2020 22:09:38 GMT', 'paymentRequired': True, 'requestedDeparture': 'Thu, 05 Mar 2020 07:46:38 GMT', 'userID': 2743}]",5.673611111111111,5.6722222222222225,22,Wednesday,0,15,570.855
5e756020f9af8b7bfd91e222,0039,2020-03-04 22:13:48,2020-03-05 01:38:39,2020-03-04 23:45:01,4.762,2_39_90_26_2020-03-04 22:13:47.805247,0002,CA-316,2-39-90-26,America/Los_Angeles,000002170,"[{'WhPerMile': 400, 'kWhRequested': 28.0, 'milesRequested': 70, 'minutesAvailable': 417, 'modifiedAt': 'Wed, 04 Mar 2020 22:14:14 GMT', 'paymentRequired': True, 'requestedDeparture': 'Thu, 05 Mar 2020 05:10:48 GMT', 'userID': 2170}]",3.4141666666666666,1.5202777777777778,22,Wednesday,0,15,71.42999999999999
5e756020f9af8b7bfd91e223,0039,2020-03-05 04:48:55,2020-03-05 05:58:44,2020-03-05 05:58:39,3.885,2_39_131_30_2020-03-05 04:48:55.007446,0002,CA-305,2-39-131-30,America/Los_Angeles,000004622,"[{'WhPerMile': 300, 'kWhRequested': 6.0, 'milesRequested': 20, 'minutesAvailable': 61, 'modifiedAt': 'Thu, 05 Mar 2020 04:49:21 GMT', 'paymentRequired': True, 'requestedDeparture': 'Thu, 05 Mar 2020 05:49:55 GMT', 'userID': 4622}]",1.1636111111111112,1.1622222222222223,4,Thursday,0,15,58.275
5e76b19ff9af8b7fd368f9c7,0039,2020-03-05 15:41:47,2020-03-05 17:05:12,2020-03-05 17:03:58,0.885,2_39_78_366_2020-03-05 15:41:47.502212,0002,CA-323,2-39-78-366,America/Los_Angeles,,,1.3902777777777777,1.3697222222222223,15,Thursday,0,15,13.275
5e76b19ff9af8b7fd368f9c8,0039,2020-03-05 15:47:51,2020-03-06 01:30:11,2020-03-05 17:55:23,6.69,2_39_79_382_2020-03-05 15:47:51.518370,0002,CA-491,2-39-79-382,America/Los_Angeles,000004701,"[{'WhPerMile': 300, 'kWhRequested': 9.0, 'milesRequested': 30, 'minutesAvailable': 480, 'modifiedAt': 'Thu, 05 Mar 2020 15:48:05 GMT', 'paymentRequired': True, 'requestedDeparture': 'Thu, 05 Mar 2020 23:47:51 GMT', 'userID': 4701}]",9.705555555555556,2.1255555555555556,15,Thursday,0,15,100.35000000000001
5e76b19ff9af8b7fd368f9c9,0039,2020-03-05 16:15:36,2020-03-05 23:20:44,2020-03-05 22:06:35,35.069,2_39_79_376_2020-03-05 16:15:36.067823,0002,CA-324,2-39-79-376,America/Los_Angeles,000003424,"[{'WhPerMile': 295, 'kWhRequested': 50.15, 'milesRequested': 170, 'minutesAvailable': 503, 'modifiedAt': 'Thu, 05 Mar 2020 16:15:54 GMT', 'paymentRequired': True, 'requestedDeparture': 'Fri, 06 Mar 2020 00:38:36 GMT', 'userID': 3424}]",7.085555555555556,5.849722222222222,16,Thursday,0,15,526.0350000000001
5e76b19ff9af8b7fd368f9ca,0039,2020-03-05 16:22:46,2020-03-05 22:13:14,2020-03-05 22:10:20,1.253,2_39_79_380_2020-03-05 16:22:46.031798,0002,CA-489,2-39-79-380,America/Los_Angeles,,,5.841111111111111,5.792777777777777,16,Thursday,0,15,18.794999999999998
5e76b19ff9af8b7fd368f9cb,0039,2020-03-05 16:42:38,2020-03-06 01:42:51,2020-03-05 18:04:58,4.313,2_39_139_28_2020-03-05 16:42:38.146343,0002,CA-303,2-39-139-28,America/Los_Angeles,000000712,"[{'WhPerMile': 400, 'kWhRequested': 12.0, 'milesRequested': 30, 'minutesAvailable': 343, 'modifiedAt': 'Thu, 05 Mar 2020 16:42:46 GMT', 'paymentRequired': True, 'requestedDeparture': 'Thu, 05 Mar 2020 22:25:38 GMT', 'userID': 712}]",9.00361111111111,1.3722222222222222,16,Thursday,0,15,64.695
5e76b19ff9af8b7fd368f9cc,0039,2020-03-05 16:43:10,2020-03-05 19:06:03,2020-03-05 19:07:02,9.817213261647103,2_39_78_362_2020-03-05 16:43:10.433942,0002,CA-496,2-39-78-362,America/Los_Angeles,000001470,"[{'WhPerMile': 292, 'kWhRequested': 20.44, 'milesRequested': 70, 'minutesAvailable': 266, 'modifiedAt': 'Thu, 05 Mar 2020 16:45:39 GMT', 'paymentRequired': True, 'requestedDeparture': 'Thu, 05 Mar 2020 21:09:10 GMT', 'userID': 1470}]",2.381388888888889,2.397777777777778,16,Thursday,0,15,147.25819892470653
5e76b19ff9af8b7fd368f9cd,0039,2020-03-05 16:46:27,2020-03-06 01:06:20,2020-03-05 18:14:53,3.946,2_39_131_30_2020-03-05 16:46:27.193339,0002,CA-305,2-39-131-30,America/Los_Angeles,000001366,"[{'WhPerMile': 400, 'kWhRequested': 8.0, 'milesRequested': 20, 'minutesAvailable': 60, 'modifiedAt': 'Thu, 05 Mar 2020 16:46:41 GMT', 'paymentRequired': True, 'requestedDeparture': 'Thu, 05 Mar 2020 17:46:27 GMT', 'userID': 1366}]",8.331388888888888,1.4738888888888888,16,Thursday,0,15,59.190000000000005
5e76b19ff9af8b7fd368f9ce,0039,2020-03-05 16:50:46,2020-03-05 18:05:58,2020-03-05 17:59:33,1.3686290322577859,2_39_78_363_2020-03-05 16:50:45.843167,0002,CA-320,2-39-78-363,America/Los_Angeles,,,1.2533333333333334,1.146388888888889,16,Thursday,0,15,20.529435483866788
5e76b19ff9af8b7fd368f9cf,0039,2020-03-05 17:00:11,2020-03-06 01:20:19,2020-03-05 19:45:41,14.619,2_39_91_437_2020-03-05 17:00:11.265388,0002,CA-317,2-39-91-437,America/Los_Angeles,000000431,"[{'WhPerMile': 300, 'kWhRequested': 21.0, 'milesRequested': 70, 'minutesAvailable': 270, 'modifiedAt': 'Thu, 05 Mar 2020 17:00:31 GMT', 'paymentRequired': True, 'requestedDeparture': 'Thu, 05 Mar 2020 21:30:11 GMT', 'userID': 431}]",8.335555555555555,2.7583333333333333,17,Thursday,0,15,219.285
5e76b19ff9af8b7fd368f9d0,0039,2020-03-05 17:06:22,2020-03-06 01:22:30,2020-03-05 17:36:11,0.823,2_39_79_379_2020-03-05 17:06:22.562956,0002,CA-327,2-39-79-379,America/Los_Angeles,,,8.268888888888888,0.49694444444444447,17,Thursday,0,15,12.344999999999999
5e76b19ff9af8b7fd368f9d1,0039,2020-03-05 17:09:24,2020-03-06 01:17:15,2020-03-05 18:57:29,5.224,2_39_89_25_2020-03-05 17:09:24.354256,0002,CA-315,2-39-89-25,America/Los_Angeles,000000743,"[{'WhPerMile': 400, 'kWhRequested': 8.0, 'milesRequested': 20, 'minutesAvailable': 457, 'modifiedAt': 'Thu, 05 Mar 2020 17:10:23 GMT', 'paymentRequired': True, 'requestedDeparture': 'Fri, 06 Mar 2020 00:46:24 GMT', 'userID': 743}]",8.130833333333333,1.801388888888889,17,Thursday,0,15,78.36
5e76b19ff9af8b7fd368f9d2,0039,2020-03-05 17:20:28,2020-03-06 00:43:22,2020-03-05 17:59:05,1.485,2_39_90_440_2020-03-05 17:20:28.100396,0002,CA-500,2-39-90-440,America/Los_Angeles,000003447,"[{'WhPerMile': 375, 'kWhRequested': 15.0, 'milesRequested': 40, 'minutesAvailable': 420, 'modifiedAt': 'Thu, 05 Mar 2020 17:21:53 GMT', 'paymentRequired': True, 'requestedDeparture': 'Fri, 06 Mar 2020 00:20:28 GMT', 'userID': 3447}]",7.381666666666667,0.6436111111111111,17,Thursday,0,15,22.275000000000002
5e76b19ff9af8b7fd368f9d3,0039,2020-03-05 17:33:44,2020-03-06 02:21:39,2020-03-06 02:21:15,1.195,2_39_95_27_2020-03-05 17:33:44.518940,0002,CA-319,2-39-95-27,America/Los_Angeles,,,8.79861111111111,8.791944444444445,17,Thursday,0,15,17.925
5e76b19ff9af8b7fd368f9d4,0039,2020-03-05 17:34:28,2020-03-06 01:10:13,2020-03-06 01:05:21,1.19,2_39_125_21_2020-03-05 17:34:29.789062,0002,CA-311,2-39-125-21,America/Los_Angeles,,,7.595833333333333,7.514722222222222,17,Thursday,0,15,17.849999999999998
5e76b19ff9af8b7fd368f9d5,0039,2020-03-05 17:37:09,2020-03-06 00:37:10,2020-03-06 00:35:29,1.395,2_39_78_365_2020-03-05 17:37:09.405216,0002,CA-321,2-39-78-365,America/Los_Angeles,,,7.000277777777778,6.972222222222222,17,Thursday,0,15,20.925
5e76b19ff9af8b7fd368f9d6,0039,2020-03-05 17:39:47,2020-03-05 18:57:59,2020-03-05 18:54:08,0.928,2_39_78_366_2020-03-05 17:39:47.343016,0002,CA-323,2-39-78-366,America/Los_Angeles,,,1.3033333333333332,1.2391666666666667,17,Thursday,0,15,13.92
5e76b19ff9af8b7fd368f9d7,0039,2020-03-05 17:42:39,2020-03-06 01:39:47,2020-03-06 01:24:58,1.354,2_39_79_381_2020-03-05 17:42:39.019243,0002,CA-490,2-39-79-381,America/Los_Angeles,,,7.952222222222222,7.705277777777778,17,Thursday,0,15,20.310000000000002
5e76b19ff9af8b7fd368f9d8,0039,2020-03-05 17:43:24,2020-03-06 02:53:16,2020-03-05 18:35:27,1.521,2_39_90_26_2020-03-05 17:43:23.827125,0002,CA-316,2-39-90-26,America/Los_Angeles,000000324,"[{'WhPerMile': 444, 'kWhRequested': 8.88, 'milesRequested': 20, 'minutesAvailable': 101, 'modifiedAt': 'Thu, 05 Mar 2020 17:44:44 GMT', 'paymentRequired': True, 'requestedDeparture': 'Thu, 05 Mar 2020 19:24:24 GMT', 'userID': 324}, {'WhPerMile': 444, 'kWhRequested': 8.88, 'milesRequested': 20, 'minutesAvailable': 101, 'modifiedAt': 'Thu, 05 Mar 2020 17:45:19 GMT', 'paymentRequired': True, 'requestedDeparture': 'Thu, 05 Mar 2020 19:24:24 GMT', 'userID': 324}]",9.164444444444445,0.8675,17,Thursday,0,15,22.814999999999998
5e76b19ff9af8b7fd368f9d9,0039,2020-03-05 17:45:29,2020-03-06 01:45:12,2020-03-05 21:55:38,17.762,2_39_78_361_2020-03-05 17:45:29.132151,0002,CA-493,2-39-78-361,America/Los_Angeles,000001137,"[{'WhPerMile': 400, 'kWhRequested': 40.0, 'milesRequested': 100, 'minutesAvailable': 401, 'modifiedAt': 'Thu, 05 Mar 2020 17:45:49 GMT', 'paymentRequired': True, 'requestedDeparture': 'Fri, 06 Mar 2020 00:26:29 GMT', 'userID': 1137}]",7.995277777777778,4.1691666666666665,17,Thursday,0,15,266.43
5e76b19ff9af8b7fd368f9da,0039,2020-03-05 17:55:33,2020-03-06 01:11:30,2020-03-05 20:05:38,6.293,2_39_123_23_2020-03-05 17:55:33.434004,0002,CA-313,2-39-123-23,America/Los_Angeles,000005594,"[{'WhPerMile': 360, 'kWhRequested': 7.2, 'milesRequested': 20, 'minutesAvailable': 244, 'modifiedAt': 'Thu, 05 Mar 2020 17:56:02 GMT', 'paymentRequired': True, 'requestedDeparture': 'Thu, 05 Mar 2020 21:59:33 GMT', 'userID': 5594}]",7.265833333333333,2.1680555555555556,17,Thursday,0,15,94.395
5e76b19ff9af8b7fd368f9db,0039,2020-03-05 18:17:21,2020-03-05 18:53:09,2020-03-05 18:52:09,0.948,2_39_78_363_2020-03-05 18:17:21.082226,0002,CA-320,2-39-78-363,America/Los_Angeles,,,0.5966666666666667,0.58,18,Thursday,0,15,14.219999999999999
5e76b19ff9af8b7fd368f9dc,0039,2020-03-05 18:20:39,2020-03-06 02:16:46,2020-03-05 20:31:52,7.078,2_39_95_444_2020-03-05 18:20:22.677540,0002,CA-497,2-39-95-444,America/Los_Angeles,000000515,"[{'WhPerMile': 400, 'kWhRequested': 12.0, 'milesRequested': 30, 'minutesAvailable': 250, 'modifiedAt': 'Thu, 05 Mar 2020 18:20:39 GMT', 'paymentRequired': True, 'requestedDeparture': 'Thu, 05 Mar 2020 22:30:39 GMT', 'userID': 515}, {'WhPerMile': 400, 'kWhRequested': 12.0, 'milesRequested': 30, 'minutesAvailable': 250, 'modifiedAt': 'Thu, 05 Mar 2020 18:20:43 GMT', 'paymentRequired': True, 'requestedDeparture': 'Thu, 05 Mar 2020 22:30:39 GMT', 'userID': 515}, {'WhPerMile': 400, 'kWhRequested': 12.0, 'milesRequested': 30, 'minutesAvailable': 250, 'modifiedAt': 'Thu, 05 Mar 2020 18:21:14 GMT', 'paymentRequired': True, 'requestedDeparture': 'Thu, 05 Mar 2020 22:30:39 GMT', 'userID': 515}]",7.935277777777777,2.1869444444444444,18,Thursday,0,15,106.17
5e76b19ff9af8b7fd368f9dd,0039,2020-03-05 18:21:20,2020-03-06 01:42:03,2020-03-05 20:14:49,3.5,2_39_91_441_2020-03-05 18:21:20.576347,0002,CA-499,2-39-91-441,America/Los_Angeles,000001095,"[{'WhPerMile': 400, 'kWhRequested': 16.0, 'milesRequested': 40, 'minutesAvailable': 444, 'modifiedAt': 'Thu, 05 Mar 2020 18:21:25 GMT', 'paymentRequired': True, 'requestedDeparture': 'Fri, 06 Mar 2020 01:45:20 GMT', 'userID': 1095}]",7.345277777777778,1.8913888888888888,18,Thursday,0,15,52.5
5e76b19ff9af8b7fd368f9de,0039,2020-03-05 18:25:12,2020-03-05 18:59:43,2020-03-05 18:59:11,3.071,2_39_124_22_2020-03-05 18:25:11.923981,0002,CA-312,2-39-124-22,America/Los_Angeles,000000668,"[{'WhPerMile': 400, 'kWhRequested': 12.0, 'milesRequested': 30, 'minutesAvailable': 424, 'modifiedAt': 'Thu, 05 Mar 2020 18:25:20 GMT', 'paymentRequired': True, 'requestedDeparture': 'Fri, 06 Mar 2020 01:29:12 GMT', 'userID': 668}]",0.5752777777777778,0.5663888888888889,18,Thursday,0,15,46.065000000000005
5e76b19ff9af8b7fd368f9df,0039,2020-03-05 18:40:19,2020-03-06 02:46:13,2020-03-05 21:00:04,3.622,2_39_88_24_2020-03-05 18:40:18.887502,0002,CA-314,2-39-88-24,America/Los_Angeles,000000567,"[{'WhPerMile': 400, 'kWhRequested': 8.0, 'milesRequested': 20, 'minutesAvailable': 418, 'modifiedAt': 'Thu, 05 Mar 2020 18:40:20 GMT', 'paymentRequired': True, 'requestedDeparture': 'Fri, 06 Mar 2020 01:38:19 GMT', 'userID': 567}]",8.098333333333333,2.3291666666666666,18,Thursday,0,15,54.33
5e76b19ff9af8b7fd368f9e0,0039,2020-03-05 19:10:11,2020-03-05 20:25:13,2020-03-05 20:22:45,0.893,2_39_78_363_2020-03-05 19:10:11.143508,0002,CA-320,2-39-78-363,America/Los_Angeles,,,1.2505555555555556,1.2094444444444445,19,Thursday,0,15,13.395
5e76b19ff9af8b7fd368f9e1,0039,2020-03-05 19:13:00,2020-03-05 22:15:25,2020-03-05 22:13:36,1.028,2_39_78_366_2020-03-05 19:13:00.153424,0002,CA-323,2-39-78-366,America/Los_Angeles,,,3.040277777777778,3.01,19,Thursday,0,15,15.42
5e76b19ff9af8b7fd368f9e2,0039,2020-03-05 19:19:22,2020-03-06 00:09:58,2020-03-06 00:09:44,15.705,2_39_92_436_2020-03-05 19:17:47.102205,0002,CA-318,2-39-92-436,America/Los_Angeles,000001090,"[{'WhPerMile': 400, 'kWhRequested': 20.0, 'milesRequested': 50, 'minutesAvailable': 317, 'modifiedAt': 'Thu, 05 Mar 2020 19:19:21 GMT', 'paymentRequired': True, 'requestedDeparture': 'Fri, 06 Mar 2020 00:36:22 GMT', 'userID': 1090}]",4.843333333333334,4.839444444444444,19,Thursday,0,15,235.575
5e76b19ff9af8b7fd368f9e3,0039,2020-03-05 19:20:44,2020-03-06 00:02:19,2020-03-06 00:03:14,1.2034707287894952,2_39_78_362_2020-03-05 19:20:43.853899,0002,CA-496,2-39-78-362,America/Los_Angeles,,,4.6930555555555555,4.708333333333333,19,Thursday,0,15,18.05206093184243
5e76b19ff9af8b7fd368f9e4,0039,2020-03-05 19:26:29,2020-03-05 20:31:46,2020-03-05 20:31:29,6.033,2_39_124_22_2020-03-05 19:26:28.848051,0002,CA-312,2-39-124-22,America/Los_Angeles,000002284,"[{'WhPerMile': 250, 'kWhRequested': 10.0, 'milesRequested': 40, 'minutesAvailable': 93, 'modifiedAt': 'Thu, 05 Mar 2020 19:32:10 GMT', 'paymentRequired': True, 'requestedDeparture': 'Thu, 05 Mar 2020 20:59:29 GMT', 'userID': 2284}, {'WhPerMile': 250, 'kWhRequested': 20.0, 'milesRequested': 80, 'minutesAvailable': 93, 'modifiedAt': 'Thu, 05 Mar 2020 19:32:56 GMT', 'paymentRequired': True, 'requestedDeparture': 'Thu, 05 Mar 2020 20:59:29 GMT', 'userID': 2284}, {'WhPerMile': 250, 'kWhRequested': 20.0, 'milesRequested': 80, 'minutesAvailable': 93, 'modifiedAt': 'Thu, 05 Mar 2020 20:31:22 GMT', 'paymentRequired': True, 'requestedDeparture': 'Thu, 05 Mar 2020 20:59:29 GMT', 'userID': 2284}]",1.0880555555555556,1.0833333333333333,19,Thursday,0,15,90.495
5e76b19ff9af8b7fd368f9e5,0039,2020-03-05 19:54:59,2020-03-05 23:15:17,2020-03-05 23:14:23,21.349,2_39_78_364_2020-03-05 19:54:58.660376,0002,CA-495,2-39-78-364,America/Los_Angeles,000001208,"[{'WhPerMile': 364, 'kWhRequested': 40.04, 'milesRequested': 110, 'minutesAvailable': 353, 'modifiedAt': 'Thu, 05 Mar 2020 19:55:18 GMT', 'paymentRequired': True, 'requestedDeparture': 'Fri, 06 Mar 2020 01:47:59 GMT', 'userID': 1208}]",3.3383333333333334,3.3233333333333333,19,Thursday,0,15,320.235
5e76b19ff9af8b7fd368f9e6,0039,2020-03-05 20:41:30,2020-03-05 21:20:21,2020-03-05 21:19:55,0.976,2_39_78_363_2020-03-05 20:41:29.805142,0002,CA-320,2-39-78-363,America/Los_Angeles,,,0.6475,0.6402777777777777,20,Thursday,0,15,14.64
5e76b19ff9af8b7fd368f9e7,0039,2020-03-05 21:06:03,2020-03-05 21:40:12,2020-03-05 21:39:59,0.932,2_39_79_383_2020-03-05 21:06:02.765577,0002,CA-492,2-39-79-383,America/Los_Angeles,,,0.5691666666666667,0.5655555555555556,21,Thursday,0,15,13.98
5e76b19ff9af8b7fd368f9e8,0039,2020-03-05 21:26:07,2020-03-06 00:46:10,2020-03-06 00:00:12,14.034,2_39_78_363_2020-03-05 21:26:06.514484,0002,CA-320,2-39-78-363,America/Los_Angeles,000000630,"[{'WhPerMile': 400, 'kWhRequested': 24.0, 'milesRequested': 60, 'minutesAvailable': 244, 'modifiedAt': 'Thu, 05 Mar 2020 21:26:46 GMT', 'paymentRequired': True, 'requestedDeparture': 'Fri, 06 Mar 2020 01:30:07 GMT', 'userID': 630}]",3.3341666666666665,2.5680555555555555,21,Thursday,0,15,210.51000000000002
5e76b19ff9af8b7fd368f9e9,0039,2020-03-05 22:19:25,2020-03-06 01:44:22,2020-03-06 00:43:35,7.771,2_39_127_19_2020-03-05 22:19:07.028718,0002,CA-309,2-39-127-19,America/Los_Angeles,000006481,"[{'WhPerMile': 429, 'kWhRequested': 8.58, 'milesRequested': 20, 'minutesAvailable': 264, 'modifiedAt': 'Thu, 05 Mar 2020 22:19:26 GMT', 'paymentRequired': True, 'requestedDeparture': 'Fri, 06 Mar 2020 02:43:25 GMT', 'userID': 6481}, {'WhPerMile': 429, 'kWhRequested': 8.58, 'milesRequested': 20, 'minutesAvailable': 264, 'modifiedAt': 'Thu, 05 Mar 2020 22:20:14 GMT', 'paymentRequired': True, 'requestedDeparture': 'Fri, 06 Mar 2020 02:43:25 GMT', 'userID': 6481}, {'WhPerMile': 429, 'kWhRequested': 8.58, 'milesRequested': 20, 'minutesAvailable': 264, 'modifiedAt': 'Thu, 05 Mar 2020 22:20:30 GMT', 'paymentRequired': True, 'requestedDeparture': 'Fri, 06 Mar 2020 02:43:25 GMT', 'userID': 6481}, {'WhPerMile': 429, 'kWhRequested': 8.58, 'milesRequested': 20, 'minutesAvailable': 233, 'modifiedAt': 'Fri, 06 Mar 2020 01:12:39 GMT', 'paymentRequired': True, 'requestedDeparture': 'Fri, 06 Mar 2020 02:12:25 GMT', 'userID': 6481}]",3.4158333333333335,2.4027777777777777,22,Thursday,0,15,116.565
5e76b19ff9af8b7fd368f9ea,0039,2020-03-05 22:32:31,2020-03-05 23:33:01,2020-03-05 23:29:33,0.983,2_39_78_366_2020-03-05 22:32:31.431426,0002,CA-323,2-39-78-366,America/Los_Angeles,,,1.0083333333333333,0.9505555555555556,22,Thursday,0,15,14.745
5e76b19ff9af8b7fd368f9eb,0039,2020-03-05 23:12:33,2020-03-06 01:41:37,2020-03-06 01:41:33,15.876,2_39_79_380_2020-03-05 23:12:32.852119,0002,CA-489,2-39-79-380,America/Los_Angeles,000003176,"[{'WhPerMile': 400, 'kWhRequested': 20.0, 'milesRequested': 50, 'minutesAvailable': 260, 'modifiedAt': 'Thu, 05 Mar 2020 23:13:41 GMT', 'paymentRequired': True, 'requestedDeparture': 'Fri, 06 Mar 2020 03:32:33 GMT', 'userID': 3176}]",2.4844444444444442,2.4833333333333334,23,Thursday,0,15,238.14
5e76b19ff9af8b7fd368f9ec,0039,2020-03-06 00:03:09,2020-03-06 02:30:39,2020-03-06 02:06:57,6.038,2_39_78_360_2020-03-06 00:03:08.606001,0002,CA-322,2-39-78-360,America/Los_Angeles,000002244,"[{'WhPerMile': 400, 'kWhRequested': 8.0, 'milesRequested': 20, 'minutesAvailable': 60, 'modifiedAt': 'Fri, 06 Mar 2020 00:03:56 GMT', 'paymentRequired': True, 'requestedDeparture': 'Fri, 06 Mar 2020 01:03:09 GMT', 'userID': 2244}]",2.4583333333333335,2.0633333333333335,0,Friday,0,15,90.57000000000001
5e76b19ff9af8b7fd368f9ed,0039,2020-03-06 00:05:11,2020-03-06 00:49:34,2020-03-06 00:40:43,0.9712305854238583,2_39_78_366_2020-03-06 00:05:11.258948,0002,CA-323,2-39-78-366,America/Los_Angeles,,,0.7397222222222222,0.5922222222222222,0,Friday,0,15,14.568458781357874
5e76b19ff9af8b7fd368f9ee,0039,2020-03-06 01:38:03,2020-03-06 03:06:50,2020-03-06 02:30:15,0.937,2_39_138_29_2020-03-06 01:38:02.701987,0002,CA-304,2-39-138-29,America/Los_Angeles,,,1.4797222222222222,0.87,1,Friday,0,15,14.055000000000001
5e76b19ff9af8b7fd368f9ef,0039,2020-03-06 03:01:57,2020-03-06 04:38:05,2020-03-06 04:14:48,3.443,2_39_127_19_2020-03-06 03:01:12.636495,0002,CA-309,2-39-127-19,America/Los_Angeles,000004622,"[{'WhPerMile': 300, 'kWhRequested': 6.0, 'milesRequested': 20, 'minutesAvailable': 61, 'modifiedAt': 'Fri, 06 Mar 2020 03:01:57 GMT', 'paymentRequired': True, 'requestedDeparture': 'Fri, 06 Mar 2020 04:02:57 GMT', 'userID': 4622}]",1.6022222222222222,1.2141666666666666,3,Friday,0,15,51.645
5e76b19ff9af8b7fd368f9f0,0039,2020-03-06 04:22:26,2020-03-06 05:57:15,2020-03-06 05:21:54,3.361,2_39_139_28_2020-03-06 04:22:25.588652,0002,CA-303,2-39-139-28,America/Los_Angeles,000001263,"[{'WhPerMile': 400, 'kWhRequested': 8.0, 'milesRequested': 20, 'minutesAvailable': 115, 'modifiedAt': 'Fri, 06 Mar 2020 04:22:42 GMT', 'paymentRequired': True, 'requestedDeparture': 'Fri, 06 Mar 2020 06:17:26 GMT', 'userID': 1263}]",1.5802777777777777,0.9911111111111112,4,Friday,0,15,50.415000000000006
5e7954a3f9af8b090600ec50,0039,2020-03-06 14:04:41,2020-03-06 15:40:14,2020-03-06 15:32:03,4.335,2_39_89_25_2020-03-06 14:05:10.041864,0002,CA-315,2-39-89-25,America/Los_Angeles,000000743,"[{'WhPerMile': 400, 'kWhRequested': 8.0, 'milesRequested': 20, 'minutesAvailable': 72, 'modifiedAt': 'Fri, 06 Mar 2020 14:05:25 GMT', 'paymentRequired': True, 'requestedDeparture': 'Fri, 06 Mar 2020 15:16:41 GMT', 'userID': 743}]",1.5925,1.4561111111111111,14,Friday,0,15,65.025
5e7954a3f9af8b090600ec51,0039,2020-03-06 15:03:53,2020-03-06 16:23:09,2020-03-06 16:15:27,0.879,2_39_79_380_2020-03-06 15:03:53.472625,0002,CA-489,2-39-79-380,America/Los_Angeles,,,1.3211111111111111,1.1927777777777777,15,Friday,0,15,13.185
5e7954a3f9af8b090600ec52,0039,2020-03-06 15:38:51,2020-03-07 00:25:27,2020-03-06 16:28:47,0.873,2_39_79_382_2020-03-06 15:38:51.237894,0002,CA-491,2-39-79-382,America/Los_Angeles,,,8.776666666666667,0.8322222222222222,15,Friday,0,15,13.095
5e7954a3f9af8b090600ec53,0039,2020-03-06 15:45:46,2020-03-06 19:22:25,2020-03-06 17:45:21,7.158,2_39_78_366_2020-03-06 15:45:46.103519,0002,CA-323,2-39-78-366,America/Los_Angeles,000003853,"[{'WhPerMile': 360, 'kWhRequested': 18.0, 'milesRequested': 50, 'minutesAvailable': 452, 'modifiedAt': 'Fri, 06 Mar 2020 15:46:46 GMT', 'paymentRequired': True, 'requestedDeparture': 'Fri, 06 Mar 2020 23:17:46 GMT', 'userID': 3853}]",3.6108333333333333,1.9930555555555556,15,Friday,0,15,107.37
5e7954a3f9af8b090600ec54,0039,2020-03-06 15:56:14,2020-03-07 00:15:08,2020-03-06 17:14:27,3.649078888888889,2_39_139_28_2020-03-06 15:56:14.105947,0002,CA-303,2-39-139-28,America/Los_Angeles,000001564,"[{'WhPerMile': 300, 'kWhRequested': 12.0, 'milesRequested': 40, 'minutesAvailable': 341, 'modifiedAt': 'Fri, 06 Mar 2020 15:56:24 GMT', 'paymentRequired': True, 'requestedDeparture': 'Fri, 06 Mar 2020 21:37:14 GMT', 'userID': 1564}]",8.315,1.303611111111111,15,Friday,0,15,54.73618333333334
5e7954a3f9af8b090600ec55,0039,2020-03-06 16:10:57,2020-03-07 02:00:41,2020-03-06 17:26:28,2.827,2_39_79_383_2020-03-06 16:10:56.932602,0002,CA-492,2-39-79-383,America/Los_Angeles,000004701,"[{'WhPerMile': 300, 'kWhRequested': 9.0, 'milesRequested': 30, 'minutesAvailable': 480, 'modifiedAt': 'Fri, 06 Mar 2020 16:10:58 GMT', 'paymentRequired': True, 'requestedDeparture': 'Sat, 07 Mar 2020 00:10:57 GMT', 'userID': 4701}, {'WhPerMile': 300, 'kWhRequested': 9.0, 'milesRequested': 30, 'minutesAvailable': 480, 'modifiedAt': 'Sat, 07 Mar 2020 02:00:35 GMT', 'paymentRequired': True, 'requestedDeparture': 'Sat, 07 Mar 2020 00:10:57 GMT', 'userID': 4701}]",9.828888888888889,1.2586111111111111,16,Friday,0,15,42.405
5e7954a3f9af8b090600ec56,0039,2020-03-06 16:13:04,2020-03-07 00:58:23,2020-03-06 17:58:29,5.668,2_39_131_30_2020-03-06 16:12:51.264116,0002,CA-305,2-39-131-30,America/Los_Angeles,000004947,"[{'WhPerMile': 380, 'kWhRequested': 7.6, 'milesRequested': 20, 'minutesAvailable': 414, 'modifiedAt': 'Fri, 06 Mar 2020 16:13:04 GMT', 'paymentRequired': True, 'requestedDeparture': 'Fri, 06 Mar 2020 23:07:04 GMT', 'userID': 4947}]",8.755277777777778,1.7569444444444444,16,Friday,0,15,85.02
5e7954a3f9af8b090600ec57,0039,2020-03-06 16:29:18,2020-03-07 02:01:58,2020-03-07 01:40:22,1.324,2_39_79_379_2020-03-06 16:29:19.071796,0002,CA-327,2-39-79-379,America/Los_Angeles,,,9.544444444444444,9.184444444444445,16,Friday,0,15,19.86
5e7954a3f9af8b090600ec58,0039,2020-03-06 16:34:42,2020-03-06 23:21:31,2020-03-06 23:18:21,1.278,2_39_127_19_2020-03-06 16:34:41.899920,0002,CA-309,2-39-127-19,America/Los_Angeles,,,6.780277777777778,6.7275,16,Friday,0,15,19.17
5e7954a3f9af8b090600ec59,0039,2020-03-06 16:59:41,2020-03-06 19:20:14,2020-03-06 18:30:11,8.829,2_39_91_437_2020-03-06 16:59:34.723239,0002,CA-317,2-39-91-437,America/Los_Angeles,000002461,"[{'WhPerMile': 400, 'kWhRequested': 12.0, 'milesRequested': 30, 'minutesAvailable': 273, 'modifiedAt': 'Fri, 06 Mar 2020 16:59:41 GMT', 'paymentRequired': True, 'requestedDeparture': 'Fri, 06 Mar 2020 21:32:41 GMT', 'userID': 2461}]",2.3425,1.5083333333333333,16,Friday,0,15,132.435
5e7954a3f9af8b090600ec5a,0039,2020-03-06 17:00:12,2020-03-06 17:08:12,2020-03-06 17:07:56,0.751,2_39_130_31_2020-03-06 17:00:11.609325,0002,CA-306,2-39-130-31,America/Los_Angeles,000000311,"[{'WhPerMile': 250, 'kWhRequested': 52.5, 'milesRequested': 210, 'minutesAvailable': 90, 'modifiedAt': 'Fri, 06 Mar 2020 17:01:14 GMT', 'paymentRequired': True, 'requestedDeparture': 'Fri, 06 Mar 2020 18:30:12 GMT', 'userID': 311}]",0.13333333333333333,0.1288888888888889,17,Friday,0,15,11.265
5e7954a3f9af8b090600ec5b,0039,2020-03-06 17:12:42,2020-03-07 02:03:58,2020-03-07 02:03:55,7.369,2_39_78_365_2020-03-06 17:12:41.604361,0002,CA-321,2-39-78-365,America/Los_Angeles,000000714,"[{'WhPerMile': 400, 'kWhRequested': 32.0, 'milesRequested': 80, 'minutesAvailable': 403, 'modifiedAt': 'Fri, 06 Mar 2020 17:12:48 GMT', 'paymentRequired': True, 'requestedDeparture': 'Fri, 06 Mar 2020 23:55:42 GMT', 'userID': 714}, {'WhPerMile': 400, 'kWhRequested': 32.0, 'milesRequested': 80, 'minutesAvailable': 440, 'modifiedAt': 'Fri, 06 Mar 2020 17:13:23 GMT', 'paymentRequired': True, 'requestedDeparture': 'Sat, 07 Mar 2020 00:32:42 GMT', 'userID': 714}]",8.854444444444445,8.85361111111111,17,Friday,0,15,110.535
5e7954a3f9af8b090600ec5c,0039,2020-03-06 17:15:59,2020-03-07 04:28:05,2020-03-06 18:21:48,3.143,2_39_123_23_2020-03-06 17:15:59.416916,0002,CA-313,2-39-123-23,America/Los_Angeles,000002170,"[{'WhPerMile': 400, 'kWhRequested': 28.0, 'milesRequested': 70, 'minutesAvailable': 417, 'modifiedAt': 'Fri, 06 Mar 2020 17:16:07 GMT', 'paymentRequired': True, 'requestedDeparture': 'Sat, 07 Mar 2020 00:12:59 GMT', 'userID': 2170}]",11.201666666666666,1.0969444444444445,17,Friday,0,15,47.144999999999996
5e7954a3f9af8b090600ec5d,0039,2020-03-06 17:18:20,2020-03-07 01:45:23,2020-03-06 21:49:01,19.63,2_39_79_377_2020-03-06 17:18:19.958220,0002,CA-325,2-39-79-377,America/Los_Angeles,000000515,"[{'WhPerMile': 400, 'kWhRequested': 24.0, 'milesRequested': 60, 'minutesAvailable': 250, 'modifiedAt': 'Fri, 06 Mar 2020 17:19:33 GMT', 'paymentRequired': True, 'requestedDeparture': 'Fri, 06 Mar 2020 21:28:20 GMT', 'userID': 515}, {'WhPerMile': 400, 'kWhRequested': 24.0, 'milesRequested': 60, 'minutesAvailable': 250, 'modifiedAt': 'Fri, 06 Mar 2020 17:20:32 GMT', 'paymentRequired': True, 'requestedDeparture': 'Fri, 06 Mar 2020 21:28:20 GMT', 'userID': 515}]",8.450833333333334,4.511388888888889,17,Friday,0,15,294.45
5e7954a3f9af8b090600ec5e,0039,2020-03-06 17:22:21,2020-03-07 02:31:32,2020-03-06 21:29:55,20.986,2_39_78_363_2020-03-06 17:22:20.995894,0002,CA-320,2-39-78-363,America/Los_Angeles,000001274,"[{'WhPerMile': 400, 'kWhRequested': 32.0, 'milesRequested': 80, 'minutesAvailable': 330, 'modifiedAt': 'Fri, 06 Mar 2020 17:23:34 GMT', 'paymentRequired': True, 'requestedDeparture': 'Fri, 06 Mar 2020 22:52:21 GMT', 'userID': 1274}]",9.153055555555556,4.126111111111111,17,Friday,0,15,314.79
5e7954a3f9af8b090600ec5f,0039,2020-03-06 17:25:45,2020-03-07 02:06:34,2020-03-06 19:50:14,15.581,2_39_89_25_2020-03-06 17:25:44.841953,0002,CA-315,2-39-89-25,America/Los_Angeles,000002961,"[{'WhPerMile': 225, 'kWhRequested': 38.25, 'milesRequested': 170, 'minutesAvailable': 720, 'modifiedAt': 'Fri, 06 Mar 2020 17:25:53 GMT', 'paymentRequired': True, 'requestedDeparture': 'Sat, 07 Mar 2020 05:25:45 GMT', 'userID': 2961}]",8.680277777777778,2.4080555555555554,17,Friday,0,15,233.715
5e7954a3f9af8b090600ec60,0039,2020-03-06 17:32:55,2020-03-07 03:53:13,2020-03-06 18:48:02,3.609,2_39_125_21_2020-03-06 17:32:55.226086,0002,CA-311,2-39-125-21,America/Los_Angeles,000000567,"[{'WhPerMile': 400, 'kWhRequested': 8.0, 'milesRequested': 20, 'minutesAvailable': 418, 'modifiedAt': 'Fri, 06 Mar 2020 17:35:30 GMT', 'paymentRequired': True, 'requestedDeparture': 'Sat, 07 Mar 2020 00:30:55 GMT', 'userID': 567}]",10.338333333333333,1.2519444444444445,17,Friday,0,15,54.135
5e7954a3f9af8b090600ec61,0039,2020-03-06 17:50:15,2020-03-07 01:42:58,2020-03-06 19:23:00,4.293,2_39_90_440_2020-03-06 17:50:14.659026,0002,CA-500,2-39-90-440,America/Los_Angeles,000000743,"[{'WhPerMile': 400, 'kWhRequested': 8.0, 'milesRequested': 20, 'minutesAvailable': 395, 'modifiedAt': 'Fri, 06 Mar 2020 17:50:33 GMT', 'paymentRequired': True, 'requestedDeparture': 'Sat, 07 Mar 2020 00:25:15 GMT', 'userID': 743}]",7.878611111111111,1.5458333333333334,17,Friday,0,15,64.395
5e7954a3f9af8b090600ec62,0039,2020-03-06 17:55:16,2020-03-06 20:21:39,2020-03-06 20:14:44,3.465,2_39_126_20_2020-03-06 17:55:15.961878,0002,CA-310,2-39-126-20,America/Los_Angeles,000000620,"[{'WhPerMile': 400, 'kWhRequested': 8.0, 'milesRequested': 20, 'minutesAvailable': 441, 'modifiedAt': 'Fri, 06 Mar 2020 17:55:27 GMT', 'paymentRequired': True, 'requestedDeparture': 'Sat, 07 Mar 2020 01:16:16 GMT', 'userID': 620}]",2.439722222222222,2.3244444444444445,17,Friday,0,15,51.974999999999994
5e7954a3f9af8b090600ec63,0039,2020-03-06 17:55:19,2020-03-07 00:01:29,2020-03-07 00:02:29,12.666,2_39_78_362_2020-03-06 17:55:19.756813,0002,CA-496,2-39-78-362,America/Los_Angeles,000001470,"[{'WhPerMile': 292, 'kWhRequested': 17.52, 'milesRequested': 60, 'minutesAvailable': 266, 'modifiedAt': 'Fri, 06 Mar 2020 17:55:56 GMT', 'paymentRequired': True, 'requestedDeparture': 'Fri, 06 Mar 2020 22:21:19 GMT', 'userID': 1470}]",6.102777777777778,6.1194444444444445,17,Friday,0,15,189.99
5e7954a3f9af8b090600ec64,0039,2020-03-06 18:00:16,2020-03-07 05:01:41,2020-03-06 18:51:00,1.5821422222222221,2_39_90_26_2020-03-06 18:00:15.548597,0002,CA-316,2-39-90-26,America/Los_Angeles,000000324,"[{'WhPerMile': 444, 'kWhRequested': 8.88, 'milesRequested': 20, 'minutesAvailable': 101, 'modifiedAt': 'Fri, 06 Mar 2020 18:00:47 GMT', 'paymentRequired': True, 'requestedDeparture': 'Fri, 06 Mar 2020 19:41:16 GMT', 'userID': 324}, {'WhPerMile': 444, 'kWhRequested': 8.88, 'milesRequested': 20, 'minutesAvailable': 101, 'modifiedAt': 'Sat, 07 Mar 2020 05:01:35 GMT', 'paymentRequired': True, 'requestedDeparture': 'Fri, 06 Mar 2020 19:41:16 GMT', 'userID': 324}]",11.02361111111111,0.8455555555555555,18,Friday,0,15,23.73213333333333
5e7954a3f9af8b090600ec65,0039,2020-03-06 18:14:47,2020-03-06 22:17:28,2020-03-06 19:30:46,2.444,2_39_95_27_2020-03-06 18:14:46.900800,0002,CA-319,2-39-95-27,America/Los_Angeles,000001082,"[{'WhPerMile': 400, 'kWhRequested': 8.0, 'milesRequested': 20, 'minutesAvailable': 64, 'modifiedAt': 'Fri, 06 Mar 2020 18:16:03 GMT', 'paymentRequired': True, 'requestedDeparture': 'Fri, 06 Mar 2020 19:18:47 GMT', 'userID': 1082}]",4.044722222222222,1.2663888888888888,18,Friday,0,15,36.66
5e7954a3f9af8b090600ec66,0039,2020-03-06 18:15:32,2020-03-06 19:47:48,2020-03-06 19:24:14,5.753,2_39_124_22_2020-03-06 18:15:19.926207,0002,CA-312,2-39-124-22,America/Los_Angeles,000000798,"[{'WhPerMile': 400, 'kWhRequested': 16.0, 'milesRequested': 40, 'minutesAvailable': 102, 'modifiedAt': 'Fri, 06 Mar 2020 18:15:31 GMT', 'paymentRequired': True, 'requestedDeparture': 'Fri, 06 Mar 2020 19:57:32 GMT', 'userID': 798}]",1.5377777777777777,1.145,18,Friday,0,15,86.295
5e7954a3f9af8b090600ec67,0039,2020-03-06 18:20:32,2020-03-07 02:13:46,2020-03-06 20:11:09,5.518,2_39_88_24_2020-03-06 18:20:31.911549,0002,CA-314,2-39-88-24,America/Los_Angeles,000001366,"[{'WhPerMile': 400, 'kWhRequested': 8.0, 'milesRequested': 20, 'minutesAvailable': 60, 'modifiedAt': 'Fri, 06 Mar 2020 18:21:15 GMT', 'paymentRequired': True, 'requestedDeparture': 'Fri, 06 Mar 2020 19:20:32 GMT', 'userID': 1366}]",7.887222222222222,1.843611111111111,18,Friday,0,15,82.77
5e7954a3f9af8b090600ec68,0039,2020-03-06 18:21:03,2020-03-06 23:14:49,2020-03-06 23:08:54,13.455773596177268,2_39_78_360_2020-03-06 18:20:58.532817,0002,CA-322,2-39-78-360,America/Los_Angeles,000001095,"[{'WhPerMile': 400, 'kWhRequested': 16.0, 'milesRequested': 40, 'minutesAvailable': 444, 'modifiedAt': 'Fri, 06 Mar 2020 18:21:02 GMT', 'paymentRequired': True, 'requestedDeparture': 'Sat, 07 Mar 2020 01:45:03 GMT', 'userID': 1095}, {'WhPerMile': 400, 'kWhRequested': 16.0, 'milesRequested': 40, 'minutesAvailable': 382, 'modifiedAt': 'Fri, 06 Mar 2020 18:21:08 GMT', 'paymentRequired': True, 'requestedDeparture': 'Sat, 07 Mar 2020 00:43:03 GMT', 'userID': 1095}]",4.896111111111111,4.7975,18,Friday,0,15,201.83660394265902
5e7954a3f9af8b090600ec69,0039,2020-03-06 18:37:00,2020-03-06 20:27:06,2020-03-06 20:25:28,7.618,2_39_123_557_2020-03-06 18:36:59.836528,0002,CA-503,2-39-123-557,America/Los_Angeles,000000668,"[{'WhPerMile': 400, 'kWhRequested': 16.0, 'milesRequested': 40, 'minutesAvailable': 424, 'modifiedAt': 'Fri, 06 Mar 2020 18:37:16 GMT', 'paymentRequired': True, 'requestedDeparture': 'Sat, 07 Mar 2020 01:41:00 GMT', 'userID': 668}, {'WhPerMile': 400, 'kWhRequested': 16.0, 'milesRequested': 40, 'minutesAvailable': 424, 'modifiedAt': 'Fri, 06 Mar 2020 19:51:29 GMT', 'paymentRequired': True, 'requestedDeparture': 'Sat, 07 Mar 2020 01:41:00 GMT', 'userID': 668}]",1.835,1.8077777777777777,18,Friday,0,15,114.27000000000001
5e7954a3f9af8b090600ec6a,0039,2020-03-06 18:40:27,2020-03-07 04:33:03,2020-03-06 21:05:24,13.607,2_39_79_381_2020-03-06 18:40:27.645098,0002,CA-490,2-39-79-381,America/Los_Angeles,000001471,"[{'WhPerMile': 400, 'kWhRequested': 16.0, 'milesRequested': 40, 'minutesAvailable': 94, 'modifiedAt': 'Fri, 06 Mar 2020 18:40:36 GMT', 'paymentRequired': True, 'requestedDeparture': 'Fri, 06 Mar 2020 20:14:27 GMT', 'userID': 1471}, {'WhPerMile': 400, 'kWhRequested': 16.0, 'milesRequested': 40, 'minutesAvailable': 94, 'modifiedAt': 'Sat, 07 Mar 2020 03:40:33 GMT', 'paymentRequired': True, 'requestedDeparture': 'Fri, 06 Mar 2020 20:14:27 GMT', 'userID': 1471}]",9.876666666666667,2.4158333333333335,18,Friday,0,15,204.105
5e7954a3f9af8b090600ec6b,0039,2020-03-06 19:26:12,2020-03-06 23:09:48,2020-03-06 23:05:40,8.473,2_39_78_366_2020-03-06 19:26:11.743706,0002,CA-323,2-39-78-366,America/Los_Angeles,000001953,"[{'WhPerMile': 400, 'kWhRequested': 8.0, 'milesRequested': 20, 'minutesAvailable': 265, 'modifiedAt': 'Fri, 06 Mar 2020 19:28:29 GMT', 'paymentRequired': True, 'requestedDeparture': 'Fri, 06 Mar 2020 23:51:12 GMT', 'userID': 1953}]",3.7266666666666666,3.6577777777777776,19,Friday,0,15,127.09500000000001
5e7954a3f9af8b090600ec6c,0039,2020-03-06 20:01:03,2020-03-06 22:12:26,2020-03-06 21:24:19,3.841,2_39_91_441_2020-03-06 20:01:02.646107,0002,CA-499,2-39-91-441,America/Los_Angeles,000003389,"[{'WhPerMile': 400, 'kWhRequested': 8.0, 'milesRequested': 20, 'minutesAvailable': 198, 'modifiedAt': 'Fri, 06 Mar 2020 20:01:23 GMT', 'paymentRequired': True, 'requestedDeparture': 'Fri, 06 Mar 2020 23:19:03 GMT', 'userID': 3389}]",2.189722222222222,1.3877777777777778,20,Friday,0,15,57.615
5e7954a3f9af8b090600ec6d,0039,2020-03-06 20:25:28,2020-03-07 00:06:58,2020-03-06 20:55:49,0.791,2_39_91_437_2020-03-06 20:25:28.060696,0002,CA-317,2-39-91-437,America/Los_Angeles,,,3.691666666666667,0.5058333333333334,20,Friday,0,15,11.865
5e7954a3f9af8b090600ec6e,0039,2020-03-06 20:32:35,2020-03-06 23:59:52,2020-03-06 21:36:47,1.759,2_39_92_436_2020-03-06 20:32:34.779763,0002,CA-318,2-39-92-436,America/Los_Angeles,000000560,"[{'WhPerMile': 400, 'kWhRequested': 12.0, 'milesRequested': 30, 'minutesAvailable': 132, 'modifiedAt': 'Fri, 06 Mar 2020 20:33:55 GMT', 'paymentRequired': True, 'requestedDeparture': 'Fri, 06 Mar 2020 22:44:35 GMT', 'userID': 560}]",3.4547222222222222,1.07,20,Friday,0,15,26.384999999999998
5e7954a3f9af8b090600ec6f,0039,2020-03-06 20:50:32,2020-03-07 01:07:33,2020-03-07 00:37:08,23.424200555555554,2_39_89_439_2020-03-06 20:50:31.818203,0002,CA-501,2-39-89-439,America/Los_Angeles,000000832,"[{'WhPerMile': 400, 'kWhRequested': 28.0, 'milesRequested': 70, 'minutesAvailable': 251, 'modifiedAt': 'Fri, 06 Mar 2020 20:50:51 GMT', 'paymentRequired': True, 'requestedDeparture': 'Sat, 07 Mar 2020 01:01:32 GMT', 'userID': 832}]",4.283611111111111,3.776666666666667,20,Friday,0,15,351.3630083333333
5e7954a3f9af8b090600ec70,0039,2020-03-06 20:58:34,2020-03-07 01:22:47,2020-03-06 22:57:14,6.349,2_39_88_438_2020-03-06 20:58:34.368356,0002,CA-502,2-39-88-438,America/Los_Angeles,000001124,"[{'WhPerMile': 400, 'kWhRequested': 8.0, 'milesRequested': 20, 'minutesAvailable': 60, 'modifiedAt': 'Fri, 06 Mar 2020 21:00:16 GMT', 'paymentRequired': True, 'requestedDeparture': 'Fri, 06 Mar 2020 21:58:34 GMT', 'userID': 1124}]",4.403611111111111,1.9777777777777779,20,Friday,0,15,95.235
5e7954a3f9af8b090600ec71,0039,2020-03-06 21:35:18,2020-03-06 22:55:13,2020-03-06 22:54:53,4.223,2_39_79_380_2020-03-06 21:35:18.422439,0002,CA-489,2-39-79-380,America/Los_Angeles,000006481,"[{'WhPerMile': 429, 'kWhRequested': 8.58, 'milesRequested': 20, 'minutesAvailable': 234, 'modifiedAt': 'Fri, 06 Mar 2020 21:36:53 GMT', 'paymentRequired': True, 'requestedDeparture': 'Sat, 07 Mar 2020 01:29:18 GMT', 'userID': 6481}]",1.3319444444444444,1.3263888888888888,21,Friday,0,15,63.345
5e7954a3f9af8b090600ec72,0039,2020-03-06 23:23:49,2020-03-07 00:12:33,2020-03-07 00:12:15,1.06,2_39_78_366_2020-03-06 23:23:49.546338,0002,CA-323,2-39-78-366,America/Los_Angeles,,,0.8122222222222222,0.8072222222222222,23,Friday,0,15,15.9
5e7954a3f9af8b090600ec73,0039,2020-03-07 00:12:29,2020-03-07 01:17:14,2020-03-07 01:10:00,0.976,2_39_127_19_2020-03-07 00:12:29.418156,0002,CA-309,2-39-127-19,America/Los_Angeles,,,1.0791666666666666,0.9586111111111111,0,Saturday,1,15,14.64
5e7954a3f9af8b090600ec74,0039,2020-03-07 00:33:20,2020-03-07 02:08:00,2020-03-07 02:07:52,9.397,2_39_91_437_2020-03-07 00:33:20.365569,0002,CA-317,2-39-91-437,America/Los_Angeles,000000300,"[{'WhPerMile': 400, 'kWhRequested': 8.0, 'milesRequested': 20, 'minutesAvailable': 63, 'modifiedAt': 'Sat, 07 Mar 2020 00:33:41 GMT', 'paymentRequired': True, 'requestedDeparture': 'Sat, 07 Mar 2020 01:36:20 GMT', 'userID': 300}, {'WhPerMile': 400, 'kWhRequested': 32.0, 'milesRequested': 80, 'minutesAvailable': 480, 'modifiedAt': 'Sat, 07 Mar 2020 00:36:02 GMT', 'paymentRequired': True, 'requestedDeparture': 'Sat, 07 Mar 2020 08:33:20 GMT', 'userID': 300}]",1.5777777777777777,1.5755555555555556,0,Saturday,1,15,140.955
5e7954a3f9af8b090600ec75,0039,2020-03-07 00:40:03,2020-03-07 01:11:28,2020-03-07 01:11:03,0.875,2_39_79_380_2020-03-07 00:40:03.817654,0002,CA-489,2-39-79-380,America/Los_Angeles,,,0.5236111111111111,0.5166666666666667,0,Saturday,1,15,13.125
5e7954a3f9af8b090600ec76,0039,2020-03-07 01:45:11,2020-03-07 22:10:35,2020-03-07 09:47:38,52.302,2_39_131_30_2020-03-07 01:45:11.184994,0002,CA-305,2-39-131-30,America/Los_Angeles,000000489,"[{'WhPerMile': 446, 'kWhRequested': 107.04, 'milesRequested': 240, 'minutesAvailable': 424, 'modifiedAt': 'Sat, 07 Mar 2020 01:45:32 GMT', 'paymentRequired': True, 'requestedDeparture': 'Sat, 07 Mar 2020 08:49:11 GMT', 'userID': 489}, {'WhPerMile': 446, 'kWhRequested': 107.04, 'milesRequested': 240, 'minutesAvailable': 476, 'modifiedAt': 'Sat, 07 Mar 2020 01:45:36 GMT', 'paymentRequired': True, 'requestedDeparture': 'Sat, 07 Mar 2020 09:41:11 GMT', 'userID': 489}, {'WhPerMile': 446, 'kWhRequested': 107.04, 'milesRequested': 240, 'minutesAvailable': 450, 'modifiedAt': 'Sat, 07 Mar 2020 01:45:42 GMT', 'paymentRequired': True, 'requestedDeparture': 'Sat, 07 Mar 2020 09:15:11 GMT', 'userID': 489}]",20.423333333333332,8.040833333333333,1,Saturday,1,15,784.53
5e7954a3f9af8b090600ec77,0039,2020-03-07 02:17:29,2020-03-07 02:54:22,2020-03-07 02:51:20,0.939,2_39_129_17_2020-03-07 02:17:28.577610,0002,CA-307,2-39-129-17,America/Los_Angeles,,,0.6147222222222222,0.5641666666666667,2,Saturday,1,15,14.084999999999999
5e7954a3f9af8b090600ec78,0039,2020-03-07 02:20:14,2020-03-07 03:21:07,2020-03-07 03:21:03,4.606,2_39_139_28_2020-03-07 02:20:13.568329,0002,CA-303,2-39-139-28,America/Los_Angeles,000001564,"[{'WhPerMile': 300, 'kWhRequested': 12.0, 'milesRequested': 40, 'minutesAvailable': 341, 'modifiedAt': 'Sat, 07 Mar 2020 02:20:28 GMT', 'paymentRequired': True, 'requestedDeparture': 'Sat, 07 Mar 2020 08:01:14 GMT', 'userID': 1564}]",1.0147222222222223,1.013611111111111,2,Saturday,1,15,69.09
5e7954a3f9af8b090600ec79,0039,2020-03-07 06:09:08,2020-03-07 14:54:04,2020-03-07 09:35:26,23.162,2_39_79_378_2020-03-07 06:09:08.345942,0002,CA-326,2-39-79-378,America/Los_Angeles,000000300,"[{'WhPerMile': 333, 'kWhRequested': 29.97, 'milesRequested': 90, 'minutesAvailable': 454, 'modifiedAt': 'Sat, 07 Mar 2020 06:09:41 GMT', 'paymentRequired': True, 'requestedDeparture': 'Sat, 07 Mar 2020 13:43:08 GMT', 'userID': 300}]",8.748888888888889,3.4383333333333335,6,Saturday,1,15,347.43
5e7954b0f9af8b090600ec7e,0039,2020-03-07 15:45:03,2020-03-07 16:18:51,2020-03-07 16:18:47,3.662,2_39_78_366_2020-03-07 15:45:02.870788,0002,CA-323,2-39-78-366,America/Los_Angeles,000003853,"[{'WhPerMile': 360, 'kWhRequested': 57.6, 'milesRequested': 160, 'minutesAvailable': 562, 'modifiedAt': 'Sat, 07 Mar 2020 15:46:27 GMT', 'paymentRequired': True, 'requestedDeparture': 'Sun, 08 Mar 2020 01:07:03 GMT', 'userID': 3853}]",0.5633333333333334,0.5622222222222222,15,Saturday,1,15,54.93
5e7954b0f9af8b090600ec7f,0039,2020-03-07 18:04:06,2020-03-07 19:21:24,2020-03-07 19:21:19,4.239,2_39_89_25_2020-03-07 18:04:05.710896,0002,CA-315,2-39-89-25,America/Los_Angeles,000000743,"[{'WhPerMile': 400, 'kWhRequested': 8.0, 'milesRequested': 20, 'minutesAvailable': 46, 'modifiedAt': 'Sat, 07 Mar 2020 18:04:24 GMT', 'paymentRequired': True, 'requestedDeparture': 'Sat, 07 Mar 2020 18:50:06 GMT', 'userID': 743}, {'WhPerMile': 400, 'kWhRequested': 8.0, 'milesRequested': 20, 'minutesAvailable': 46, 'modifiedAt': 'Sat, 07 Mar 2020 18:04:36 GMT', 'paymentRequired': True, 'requestedDeparture': 'Sat, 07 Mar 2020 18:50:06 GMT', 'userID': 743}]",1.2883333333333333,1.2869444444444444,18,Saturday,1,15,63.585
5e7954b0f9af8b090600ec80,0039,2020-03-07 18:13:06,2020-03-07 19:06:54,2020-03-07 19:06:45,2.854,2_39_139_28_2020-03-07 18:13:05.812655,0002,CA-303,2-39-139-28,America/Los_Angeles,000001236,"[{'WhPerMile': 400, 'kWhRequested': 8.0, 'milesRequested': 20, 'minutesAvailable': 136, 'modifiedAt': 'Sat, 07 Mar 2020 18:15:59 GMT', 'paymentRequired': True, 'requestedDeparture': 'Sat, 07 Mar 2020 20:29:06 GMT', 'userID': 1236}]",0.8966666666666666,0.8941666666666667,18,Saturday,1,15,42.81
5e7954b0f9af8b090600ec81,0039,2020-03-07 18:25:45,2020-03-07 19:09:10,2020-03-07 19:09:01,4.937,2_39_125_21_2020-03-07 18:25:44.802764,0002,CA-311,2-39-125-21,America/Los_Angeles,000000248,"[{'WhPerMile': 250, 'kWhRequested': 10.0, 'milesRequested': 40, 'minutesAvailable': 101, 'modifiedAt': 'Sat, 07 Mar 2020 18:25:56 GMT', 'paymentRequired': True, 'requestedDeparture': 'Sat, 07 Mar 2020 20:06:45 GMT', 'userID': 248}]",0.7236111111111111,0.7211111111111111,18,Saturday,1,15,74.055
5e7954b0f9af8b090600ec82,0039,2020-03-07 22:15:50,2020-03-08 00:01:15,2020-03-07 22:45:54,0.822,2_39_79_380_2020-03-07 22:15:49.811975,0002,CA-489,2-39-79-380,America/Los_Angeles,,,1.7569444444444444,0.5011111111111111,22,Saturday,1,15,12.33
5e7954b0f9af8b090600ec83,0039,2020-03-07 23:18:50,2020-03-08 00:32:19,2020-03-08 00:32:15,6.249,2_39_139_28_2020-03-07 23:18:49.614945,0002,CA-303,2-39-139-28,America/Los_Angeles,000001564,"[{'WhPerMile': 300, 'kWhRequested': 12.0, 'milesRequested': 40, 'minutesAvailable': 341, 'modifiedAt': 'Sat, 07 Mar 2020 23:18:57 GMT', 'paymentRequired': True, 'requestedDeparture': 'Sun, 08 Mar 2020 04:59:50 GMT', 'userID': 1564}]",1.2247222222222223,1.2236111111111112,23,Saturday,1,15,93.735
5e7954b0f9af8b090600ec84,0039,2020-03-08 01:19:33,2020-03-08 02:56:21,2020-03-08 03:56:13,5.428,2_39_139_28_2020-03-08 01:19:32.578632,0002,CA-303,2-39-139-28,America/Los_Angeles,000000365,"[{'WhPerMile': 333, 'kWhRequested': 9.99, 'milesRequested': 30, 'minutesAvailable': 104, 'modifiedAt': 'Sun, 08 Mar 2020 01:19:51 GMT', 'paymentRequired': True, 'requestedDeparture': 'Sun, 08 Mar 2020 03:03:33 GMT', 'userID': 365}]",1.6133333333333333,2.611111111111111,1,Sunday,1,15,81.42
5e7aa60df9af8b0e99a953e6,0039,2020-03-08 16:04:09,2020-03-08 17:41:06,2020-03-08 17:31:22,4.31,2_39_89_25_2020-03-08 16:04:09.383163,0002,CA-315,2-39-89-25,America/Los_Angeles,000000743,"[{'WhPerMile': 400, 'kWhRequested': 8.0, 'milesRequested': 20, 'minutesAvailable': 46, 'modifiedAt': 'Sun, 08 Mar 2020 16:04:29 GMT', 'paymentRequired': True, 'requestedDeparture': 'Sun, 08 Mar 2020 16:50:09 GMT', 'userID': 743}, {'WhPerMile': 400, 'kWhRequested': 8.0, 'milesRequested': 20, 'minutesAvailable': 64, 'modifiedAt': 'Sun, 08 Mar 2020 16:04:40 GMT', 'paymentRequired': True, 'requestedDeparture': 'Sun, 08 Mar 2020 17:08:09 GMT', 'userID': 743}]",1.6158333333333332,1.4536111111111112,16,Sunday,1,15,64.64999999999999
5e7aa60df9af8b0e99a953e7,0039,2020-03-08 18:28:12,2020-03-08 19:40:31,2020-03-08 19:25:20,4.959,2_39_126_20_2020-03-08 18:28:12.287448,0002,CA-310,2-39-126-20,America/Los_Angeles,000000798,"[{'WhPerMile': 400, 'kWhRequested': 16.0, 'milesRequested': 40, 'minutesAvailable': 79, 'modifiedAt': 'Sun, 08 Mar 2020 18:28:53 GMT', 'paymentRequired': True, 'requestedDeparture': 'Sun, 08 Mar 2020 19:47:12 GMT', 'userID': 798}]",1.2052777777777777,0.9522222222222222,18,Sunday,1,15,74.38499999999999
5e7aa60df9af8b0e99a953e8,0039,2020-03-08 18:29:46,2020-03-09 00:33:57,2020-03-08 20:31:47,6.161,2_39_131_30_2020-03-08 18:29:29.186995,0002,CA-305,2-39-131-30,America/Los_Angeles,000005594,"[{'WhPerMile': 360, 'kWhRequested': 7.2, 'milesRequested': 20, 'minutesAvailable': 244, 'modifiedAt': 'Sun, 08 Mar 2020 18:29:46 GMT', 'paymentRequired': True, 'requestedDeparture': 'Sun, 08 Mar 2020 22:33:46 GMT', 'userID': 5594}]",6.0697222222222225,2.033611111111111,18,Sunday,1,15,92.41499999999999
5e7aa60df9af8b0e99a953e9,0039,2020-03-08 18:39:29,2020-03-08 19:49:10,2020-03-08 19:49:06,3.786,2_39_139_28_2020-03-08 18:39:29.220241,0002,CA-303,2-39-139-28,America/Los_Angeles,000001564,"[{'WhPerMile': 300, 'kWhRequested': 12.0, 'milesRequested': 40, 'minutesAvailable': 341, 'modifiedAt': 'Sun, 08 Mar 2020 18:39:52 GMT', 'paymentRequired': True, 'requestedDeparture': 'Mon, 09 Mar 2020 00:20:29 GMT', 'userID': 1564}]",1.1613888888888888,1.1602777777777777,18,Sunday,1,15,56.79
5e7aa60df9af8b0e99a953ea,0039,2020-03-08 18:58:53,2020-03-09 04:03:02,2020-03-09 01:21:27,41.348,2_39_90_440_2020-03-08 18:58:53.314916,0002,CA-500,2-39-90-440,America/Los_Angeles,000000292,"[{'WhPerMile': 200, 'kWhRequested': 48.0, 'milesRequested': 240, 'minutesAvailable': 685, 'modifiedAt': 'Sun, 08 Mar 2020 18:59:16 GMT', 'paymentRequired': True, 'requestedDeparture': 'Mon, 09 Mar 2020 06:23:53 GMT', 'userID': 292}]",9.069166666666666,6.376111111111111,18,Sunday,1,15,620.22
5e7aa60df9af8b0e99a953eb,0039,2020-03-08 20:16:38,2020-03-09 00:39:16,2020-03-08 22:34:01,0.901,2_39_139_28_2020-03-08 20:16:37.580762,0002,CA-303,2-39-139-28,America/Los_Angeles,,,4.377222222222223,2.289722222222222,20,Sunday,1,15,13.515
5e7aa60df9af8b0e99a953ec,0039,2020-03-08 21:20:23,2020-03-08 23:12:46,2020-03-08 23:12:41,5.708,2_39_129_17_2020-03-08 21:20:23.053404,0002,CA-307,2-39-129-17,America/Los_Angeles,000004622,"[{'WhPerMile': 300, 'kWhRequested': 6.0, 'milesRequested': 20, 'minutesAvailable': 61, 'modifiedAt': 'Sun, 08 Mar 2020 21:20:39 GMT', 'paymentRequired': True, 'requestedDeparture': 'Sun, 08 Mar 2020 22:21:23 GMT', 'userID': 4622}]",1.8730555555555555,1.8716666666666666,21,Sunday,1,15,85.62
5e7aa60df9af8b0e99a953ed,0039,2020-03-09 00:10:49,2020-03-09 02:59:13,2020-03-09 02:59:28,0.795,2_39_123_23_2020-03-09 00:10:49.282379,0002,CA-313,2-39-123-23,America/Los_Angeles,,,2.8066666666666666,2.8108333333333335,0,Monday,0,15,11.925
5e7aa60df9af8b0e99a953ee,0039,2020-03-09 04:29:21,2020-03-09 06:37:33,2020-03-09 06:37:28,7.353,2_39_139_28_2020-03-09 04:29:20.504010,0002,CA-303,2-39-139-28,America/Los_Angeles,000000781,"[{'WhPerMile': 400, 'kWhRequested': 16.0, 'milesRequested': 40, 'minutesAvailable': 211, 'modifiedAt': 'Mon, 09 Mar 2020 04:29:46 GMT', 'paymentRequired': True, 'requestedDeparture': 'Mon, 09 Mar 2020 08:00:21 GMT', 'userID': 781}]",2.1366666666666667,2.1352777777777776,4,Monday,0,15,110.295
5e7bf7a1f9af8b13e5be0c92,0039,2020-03-09 13:53:04,2020-03-10 19:58:57,2020-03-09 18:17:29,14.034,2_39_79_383_2020-03-09 13:53:04.436432,0002,CA-492,2-39-79-383,America/Los_Angeles,000004913,"[{'WhPerMile': 400, 'kWhRequested': 20.0, 'milesRequested': 50, 'minutesAvailable': 634, 'modifiedAt': 'Mon, 09 Mar 2020 13:53:32 GMT', 'paymentRequired': True, 'requestedDeparture': 'Tue, 10 Mar 2020 00:27:04 GMT', 'userID': 4913}]",30.098055555555554,4.406944444444444,13,Monday,0,15,210.51000000000002
5e7bf7a1f9af8b13e5be0c93,0039,2020-03-09 14:33:27,2020-03-09 20:26:01,2020-03-09 15:20:12,3.904,2_39_91_437_2020-03-09 14:33:27.128461,0002,CA-317,2-39-91-437,America/Los_Angeles,000000431,"[{'WhPerMile': 300, 'kWhRequested': 21.0, 'milesRequested': 70, 'minutesAvailable': 270, 'modifiedAt': 'Mon, 09 Mar 2020 14:33:46 GMT', 'paymentRequired': True, 'requestedDeparture': 'Mon, 09 Mar 2020 19:03:27 GMT', 'userID': 431}]",5.876111111111111,0.7791666666666667,14,Monday,0,15,58.56
5e7bf7a1f9af8b13e5be0c94,0039,2020-03-09 14:51:59,2020-03-09 23:36:13,2020-03-09 16:13:17,2.657,2_39_79_382_2020-03-09 14:51:58.665657,0002,CA-491,2-39-79-382,America/Los_Angeles,000004701,"[{'WhPerMile': 300, 'kWhRequested': 9.0, 'milesRequested': 30, 'minutesAvailable': 480, 'modifiedAt': 'Mon, 09 Mar 2020 14:52:01 GMT', 'paymentRequired': True, 'requestedDeparture': 'Mon, 09 Mar 2020 22:51:59 GMT', 'userID': 4701}]",8.737222222222222,1.355,14,Monday,0,15,39.855000000000004
5e7bf7a1f9af8b13e5be0c95,0039,2020-03-09 15:09:22,2020-03-09 15:30:58,2020-03-09 15:30:53,0.572,2_39_79_380_2020-03-09 15:09:21.542105,0002,CA-489,2-39-79-380,America/Los_Angeles,,,0.36,0.3586111111111111,15,Monday,0,15,8.58
5e7bf7a1f9af8b13e5be0c96,0039,2020-03-09 15:09:22,2020-03-10 00:28:38,2020-03-09 23:53:10,0.849,2_39_78_366_2020-03-09 15:09:22.014418,0002,CA-323,2-39-78-366,America/Los_Angeles,,,9.321111111111112,8.73,15,Monday,0,15,12.735
5e7bf7a1f9af8b13e5be0c97,0039,2020-03-09 15:31:25,2020-03-09 21:20:38,2020-03-09 19:01:43,5.754,2_39_130_31_2020-03-09 15:31:25.447885,0002,CA-306,2-39-130-31,America/Los_Angeles,000000376,"[{'WhPerMile': 400, 'kWhRequested': 8.0, 'milesRequested': 20, 'minutesAvailable': 351, 'modifiedAt': 'Mon, 09 Mar 2020 15:31:44 GMT', 'paymentRequired': True, 'requestedDeparture': 'Mon, 09 Mar 2020 21:22:25 GMT', 'userID': 376}]",5.820277777777778,3.505,15,Monday,0,15,86.30999999999999
5e7bf7a1f9af8b13e5be0c98,0039,2020-03-09 15:33:07,2020-03-09 22:29:11,2020-03-09 16:40:21,4.092,2_39_79_379_2020-03-09 15:33:06.884187,0002,CA-327,2-39-79-379,America/Los_Angeles,000000751,"[{'WhPerMile': 400, 'kWhRequested': 28.0, 'milesRequested': 70, 'minutesAvailable': 720, 'modifiedAt': 'Mon, 09 Mar 2020 15:33:49 GMT', 'paymentRequired': True, 'requestedDeparture': 'Tue, 10 Mar 2020 03:33:07 GMT', 'userID': 751}]",6.934444444444445,1.1205555555555555,15,Monday,0,15,61.379999999999995
5e7bf7a1f9af8b13e5be0c99,0039,2020-03-09 15:36:34,2020-03-09 22:42:53,2020-03-09 20:03:30,27.412,2_39_78_364_2020-03-09 15:36:33.772986,0002,CA-495,2-39-78-364,America/Los_Angeles,000001470,"[{'WhPerMile': 292, 'kWhRequested': 29.2, 'milesRequested': 100, 'minutesAvailable': 393, 'modifiedAt': 'Mon, 09 Mar 2020 15:37:44 GMT', 'paymentRequired': True, 'requestedDeparture': 'Mon, 09 Mar 2020 22:09:34 GMT', 'userID': 1470}]",7.105277777777777,4.448888888888889,15,Monday,0,15,411.18
5e7bf7a1f9af8b13e5be0c9a,0039,2020-03-09 15:37:18,2020-03-10 01:18:06,2020-03-09 17:15:13,5.218,2_39_131_30_2020-03-09 15:37:17.829685,0002,CA-305,2-39-131-30,America/Los_Angeles,000000562,"[{'WhPerMile': 325, 'kWhRequested': 6.5, 'milesRequested': 20, 'minutesAvailable': 196, 'modifiedAt': 'Mon, 09 Mar 2020 15:37:36 GMT', 'paymentRequired': True, 'requestedDeparture': 'Mon, 09 Mar 2020 18:53:18 GMT', 'userID': 562}]",9.68,1.6319444444444444,15,Monday,0,15,78.27
5e7bf7a1f9af8b13e5be0c9b,0039,2020-03-09 15:39:17,2020-03-09 15:56:50,2020-03-09 15:56:45,0.67,2_39_128_18_2020-03-09 15:39:17.303807,0002,CA-308,2-39-128-18,America/Los_Angeles,000001366,"[{'WhPerMile': 400, 'kWhRequested': 8.0, 'milesRequested': 20, 'minutesAvailable': 60, 'modifiedAt': 'Mon, 09 Mar 2020 15:40:01 GMT', 'paymentRequired': True, 'requestedDeparture': 'Mon, 09 Mar 2020 16:39:17 GMT', 'userID': 1366}]",0.2925,0.2911111111111111,15,Monday,0,15,10.05
5e7bf7a1f9af8b13e5be0c9c,0039,2020-03-09 15:41:05,2020-03-10 01:21:44,2020-03-09 17:41:39,11.633,2_39_79_380_2020-03-09 15:41:04.871328,0002,CA-489,2-39-79-380,America/Los_Angeles,000000069,"[{'WhPerMile': 400, 'kWhRequested': 40.0, 'milesRequested': 100, 'minutesAvailable': 363, 'modifiedAt': 'Mon, 09 Mar 2020 15:41:55 GMT', 'paymentRequired': True, 'requestedDeparture': 'Mon, 09 Mar 2020 21:44:05 GMT', 'userID': 69}]",9.6775,2.0094444444444446,15,Monday,0,15,174.49499999999998
5e7bf7a1f9af8b13e5be0c9d,0039,2020-03-09 15:47:54,2020-03-09 23:42:49,2020-03-09 17:16:21,4.241,2_39_95_444_2020-03-09 15:47:53.648976,0002,CA-497,2-39-95-444,America/Los_Angeles,000000686,"[{'WhPerMile': 400, 'kWhRequested': 8.0, 'milesRequested': 20, 'minutesAvailable': 95, 'modifiedAt': 'Mon, 09 Mar 2020 15:48:16 GMT', 'paymentRequired': True, 'requestedDeparture': 'Mon, 09 Mar 2020 17:22:54 GMT', 'userID': 686}]",7.915277777777778,1.4741666666666666,15,Monday,0,15,63.614999999999995
5e7bf7a1f9af8b13e5be0c9e,0039,2020-03-09 15:55:13,2020-03-10 00:35:07,2020-03-09 18:05:07,12.925,2_39_89_25_2020-03-09 15:55:01.584618,0002,CA-315,2-39-89-25,America/Los_Angeles,000001153,"[{'WhPerMile': 600, 'kWhRequested': 24.0, 'milesRequested': 40, 'minutesAvailable': 434, 'modifiedAt': 'Mon, 09 Mar 2020 15:55:12 GMT', 'paymentRequired': True, 'requestedDeparture': 'Mon, 09 Mar 2020 23:09:13 GMT', 'userID': 1153}]",8.665,2.165,15,Monday,0,15,193.875
5e7bf7a1f9af8b13e5be0c9f,0039,2020-03-09 16:09:20,2020-03-10 02:19:53,2020-03-09 17:36:21,4.624,2_39_125_21_2020-03-09 16:09:20.032173,0002,CA-311,2-39-125-21,America/Los_Angeles,000000567,"[{'WhPerMile': 400, 'kWhRequested': 8.0, 'milesRequested': 20, 'minutesAvailable': 418, 'modifiedAt': 'Mon, 09 Mar 2020 16:09:25 GMT', 'paymentRequired': True, 'requestedDeparture': 'Mon, 09 Mar 2020 23:07:20 GMT', 'userID': 567}, {'WhPerMile': 400, 'kWhRequested': 8.0, 'milesRequested': 20, 'minutesAvailable': 418, 'modifiedAt': 'Mon, 09 Mar 2020 16:09:33 GMT', 'paymentRequired': True, 'requestedDeparture': 'Mon, 09 Mar 2020 23:07:20 GMT', 'userID': 567}]",10.175833333333333,1.4502777777777778,16,Monday,0,15,69.36
5e7bf7a1f9af8b13e5be0ca0,0039,2020-03-09 16:32:32,2020-03-10 01:01:41,2020-03-09 18:03:18,3.857,2_39_88_438_2020-03-09 16:32:32.410050,0002,CA-502,2-39-88-438,America/Los_Angeles,000001534,"[{'WhPerMile': 250, 'kWhRequested': 7.5, 'milesRequested': 30, 'minutesAvailable': 404, 'modifiedAt': 'Mon, 09 Mar 2020 16:35:12 GMT', 'paymentRequired': True, 'requestedDeparture': 'Mon, 09 Mar 2020 23:16:32 GMT', 'userID': 1534}]",8.485833333333334,1.5127777777777778,16,Monday,0,15,57.855000000000004
5e7bf7a1f9af8b13e5be0ca1,0039,2020-03-09 16:38:17,2020-03-09 20:08:43,2020-03-09 19:24:08,12.679,2_39_88_24_2020-03-09 16:38:16.588726,0002,CA-314,2-39-88-24,America/Los_Angeles,000006606,"[{'WhPerMile': 400, 'kWhRequested': 16.0, 'milesRequested': 40, 'minutesAvailable': 336, 'modifiedAt': 'Mon, 09 Mar 2020 16:40:21 GMT', 'paymentRequired': True, 'requestedDeparture': 'Mon, 09 Mar 2020 22:14:17 GMT', 'userID': 6606}, {'WhPerMile': 400, 'kWhRequested': 16.0, 'milesRequested': 40, 'minutesAvailable': 164, 'modifiedAt': 'Mon, 09 Mar 2020 18:37:54 GMT', 'paymentRequired': True, 'requestedDeparture': 'Mon, 09 Mar 2020 19:22:17 GMT', 'userID': 6606}]",3.507222222222222,2.7641666666666667,16,Monday,0,15,190.185
5e7bf7a1f9af8b13e5be0ca2,0039,2020-03-09 16:51:29,2020-03-10 01:16:22,2020-03-09 18:30:38,11.007,2_39_78_360_2020-03-09 16:51:28.835296,0002,CA-322,2-39-78-360,America/Los_Angeles,000000714,"[{'WhPerMile': 400, 'kWhRequested': 32.0, 'milesRequested': 80, 'minutesAvailable': 440, 'modifiedAt': 'Mon, 09 Mar 2020 16:51:40 GMT', 'paymentRequired': True, 'requestedDeparture': 'Tue, 10 Mar 2020 00:11:29 GMT', 'userID': 714}]",8.414722222222222,1.6525,16,Monday,0,15,165.105
5e7bf7a1f9af8b13e5be0ca3,0039,2020-03-09 16:56:28,2020-03-10 02:14:36,2020-03-09 19:45:11,17.001,2_39_92_436_2020-03-09 16:56:27.941262,0002,CA-318,2-39-92-436,America/Los_Angeles,000000558,"[{'WhPerMile': 400, 'kWhRequested': 36.0, 'milesRequested': 90, 'minutesAvailable': 60, 'modifiedAt': 'Mon, 09 Mar 2020 16:56:30 GMT', 'paymentRequired': True, 'requestedDeparture': 'Mon, 09 Mar 2020 17:56:28 GMT', 'userID': 558}]",9.302222222222222,2.8119444444444444,16,Monday,0,15,255.01500000000001
5e7bf7a1f9af8b13e5be0ca4,0039,2020-03-09 17:00:21,2020-03-09 22:08:59,2020-03-09 19:25:18,13.217,2_39_126_20_2020-03-09 17:00:20.832772,0002,CA-310,2-39-126-20,America/Los_Angeles,000006049,"[{'WhPerMile': 267, 'kWhRequested': 13.35, 'milesRequested': 50, 'minutesAvailable': 270, 'modifiedAt': 'Mon, 09 Mar 2020 17:01:47 GMT', 'paymentRequired': True, 'requestedDeparture': 'Mon, 09 Mar 2020 21:30:21 GMT', 'userID': 6049}]",5.143888888888889,2.4158333333333335,17,Monday,0,15,198.255
5e7bf7a1f9af8b13e5be0ca5,0039,2020-03-09 17:02:58,2020-03-09 22:42:16,2020-03-09 18:40:14,4.466,2_39_90_440_2020-03-09 17:02:58.172757,0002,CA-500,2-39-90-440,America/Los_Angeles,000000743,"[{'WhPerMile': 400, 'kWhRequested': 8.0, 'milesRequested': 20, 'minutesAvailable': 64, 'modifiedAt': 'Mon, 09 Mar 2020 17:03:11 GMT', 'paymentRequired': True, 'requestedDeparture': 'Mon, 09 Mar 2020 18:06:58 GMT', 'userID': 743}, {'WhPerMile': 400, 'kWhRequested': 8.0, 'milesRequested': 20, 'minutesAvailable': 338, 'modifiedAt': 'Mon, 09 Mar 2020 17:03:19 GMT', 'paymentRequired': True, 'requestedDeparture': 'Mon, 09 Mar 2020 22:40:58 GMT', 'userID': 743}]",5.655,1.6211111111111112,17,Monday,0,15,66.99000000000001
5e7bf7a1f9af8b13e5be0ca6,0039,2020-03-09 17:06:37,2020-03-10 01:27:56,2020-03-09 19:04:10,6.103,2_39_79_378_2020-03-09 17:06:36.905234,0002,CA-326,2-39-79-378,America/Los_Angeles,000005368,"[{'WhPerMile': 400, 'kWhRequested': 8.0, 'milesRequested': 20, 'minutesAvailable': 73, 'modifiedAt': 'Mon, 09 Mar 2020 17:10:40 GMT', 'paymentRequired': True, 'requestedDeparture': 'Mon, 09 Mar 2020 18:19:37 GMT', 'userID': 5368}]",8.355277777777777,1.9591666666666667,17,Monday,0,15,91.545
5e7bf7a1f9af8b13e5be0ca7,0039,2020-03-09 17:20:31,2020-03-10 01:19:14,2020-03-09 19:40:01,10.932,2_39_78_365_2020-03-09 17:20:30.790656,0002,CA-321,2-39-78-365,America/Los_Angeles,000001095,"[{'WhPerMile': 400, 'kWhRequested': 16.0, 'milesRequested': 40, 'minutesAvailable': 447, 'modifiedAt': 'Mon, 09 Mar 2020 17:20:40 GMT', 'paymentRequired': True, 'requestedDeparture': 'Tue, 10 Mar 2020 00:47:31 GMT', 'userID': 1095}]",7.978611111111111,2.325,17,Monday,0,15,163.98000000000002
5e7bf7a1f9af8b13e5be0ca8,0039,2020-03-09 17:39:21,2020-03-09 20:48:18,2020-03-09 19:36:07,8.577,2_39_79_381_2020-03-09 17:39:21.300829,0002,CA-490,2-39-79-381,America/Los_Angeles,000000832,"[{'WhPerMile': 400, 'kWhRequested': 12.0, 'milesRequested': 30, 'minutesAvailable': 366, 'modifiedAt': 'Mon, 09 Mar 2020 17:40:33 GMT', 'paymentRequired': True, 'requestedDeparture': 'Mon, 09 Mar 2020 23:45:21 GMT', 'userID': 832}, {'WhPerMile': 400, 'kWhRequested': 12.0, 'milesRequested': 30, 'minutesAvailable': 366, 'modifiedAt': 'Mon, 09 Mar 2020 20:48:06 GMT', 'paymentRequired': True, 'requestedDeparture': 'Mon, 09 Mar 2020 23:45:21 GMT', 'userID': 832}]",3.1491666666666664,1.9461111111111111,17,Monday,0,15,128.655
5e7bf7a1f9af8b13e5be0ca9,0039,2020-03-09 17:44:50,2020-03-09 18:22:36,2020-03-09 18:22:32,4.196,2_39_95_27_2020-03-09 17:44:50.298199,0002,CA-319,2-39-95-27,America/Los_Angeles,000000668,"[{'WhPerMile': 600, 'kWhRequested': 12.0, 'milesRequested': 20, 'minutesAvailable': 424, 'modifiedAt': 'Mon, 09 Mar 2020 17:45:05 GMT', 'paymentRequired': True, 'requestedDeparture': 'Tue, 10 Mar 2020 00:48:50 GMT', 'userID': 668}]",0.6294444444444445,0.6283333333333333,17,Monday,0,15,62.94
5e7bf7a1f9af8b13e5be0caa,0039,2020-03-09 17:56:46,2020-03-09 23:36:27,2020-03-09 20:31:06,4.681,2_39_79_377_2020-03-09 17:56:46.117245,0002,CA-325,2-39-79-377,America/Los_Angeles,000003389,"[{'WhPerMile': 400, 'kWhRequested': 8.0, 'milesRequested': 20, 'minutesAvailable': 198, 'modifiedAt': 'Mon, 09 Mar 2020 17:57:07 GMT', 'paymentRequired': True, 'requestedDeparture': 'Mon, 09 Mar 2020 21:14:46 GMT', 'userID': 3389}]",5.661388888888889,2.5722222222222224,17,Monday,0,15,70.215
5e7bf7a1f9af8b13e5be0cab,0039,2020-03-09 18:30:54,2020-03-10 01:48:55,2020-03-09 20:24:11,5.773,2_39_89_439_2020-03-09 18:30:54.021409,0002,CA-501,2-39-89-439,America/Los_Angeles,000001222,"[{'WhPerMile': 400, 'kWhRequested': 8.0, 'milesRequested': 20, 'minutesAvailable': 72, 'modifiedAt': 'Mon, 09 Mar 2020 18:31:14 GMT', 'paymentRequired': True, 'requestedDeparture': 'Mon, 09 Mar 2020 19:42:54 GMT', 'userID': 1222}]",7.300277777777778,1.8880555555555556,18,Monday,0,15,86.595
5e7bf7a1f9af8b13e5be0cac,0039,2020-03-09 18:49:40,2020-03-09 20:12:09,2020-03-09 20:12:05,9.237,2_39_95_27_2020-03-09 18:49:23.667281,0002,CA-319,2-39-95-27,America/Los_Angeles,000002461,"[{'WhPerMile': 400, 'kWhRequested': 20.0, 'milesRequested': 50, 'minutesAvailable': 273, 'modifiedAt': 'Mon, 09 Mar 2020 18:49:39 GMT', 'paymentRequired': True, 'requestedDeparture': 'Mon, 09 Mar 2020 23:22:40 GMT', 'userID': 2461}]",1.3747222222222222,1.3736111111111111,18,Monday,0,15,138.555
5e7bf7a1f9af8b13e5be0cad,0039,2020-03-09 20:00:50,2020-03-09 23:44:00,2020-03-09 21:02:14,2.847,2_39_124_22_2020-03-09 20:00:49.776033,0002,CA-312,2-39-124-22,America/Los_Angeles,000000891,"[{'WhPerMile': 400, 'kWhRequested': 8.0, 'milesRequested': 20, 'minutesAvailable': 216, 'modifiedAt': 'Mon, 09 Mar 2020 20:01:05 GMT', 'paymentRequired': True, 'requestedDeparture': 'Mon, 09 Mar 2020 23:36:50 GMT', 'userID': 891}]",3.7194444444444446,1.0233333333333334,20,Monday,0,15,42.705
5e7bf7a1f9af8b13e5be0cae,0039,2020-03-09 20:34:30,2020-03-09 23:53:06,2020-03-09 22:37:02,13.155,2_39_91_441_2020-03-09 20:34:29.662995,0002,CA-499,2-39-91-441,America/Los_Angeles,000000668,"[{'WhPerMile': 600, 'kWhRequested': 12.0, 'milesRequested': 20, 'minutesAvailable': 94, 'modifiedAt': 'Mon, 09 Mar 2020 20:35:06 GMT', 'paymentRequired': True, 'requestedDeparture': 'Mon, 09 Mar 2020 22:08:30 GMT', 'userID': 668}, {'WhPerMile': 600, 'kWhRequested': 24.0, 'milesRequested': 40, 'minutesAvailable': 114, 'modifiedAt': 'Mon, 09 Mar 2020 21:59:56 GMT', 'paymentRequired': True, 'requestedDeparture': 'Mon, 09 Mar 2020 22:28:30 GMT', 'userID': 668}]",3.31,2.042222222222222,20,Monday,0,15,197.325
5e7bf7a1f9af8b13e5be0caf,0039,2020-03-09 20:36:55,2020-03-10 02:45:22,2020-03-09 21:46:28,2.246,2_39_91_437_2020-03-09 20:36:54.957109,0002,CA-317,2-39-91-437,America/Los_Angeles,000001082,"[{'WhPerMile': 400, 'kWhRequested': 8.0, 'milesRequested': 20, 'minutesAvailable': 64, 'modifiedAt': 'Mon, 09 Mar 2020 20:38:41 GMT', 'paymentRequired': True, 'requestedDeparture': 'Mon, 09 Mar 2020 21:40:55 GMT', 'userID': 1082}]",6.140833333333333,1.1591666666666667,20,Monday,0,15,33.69
5e7bf7a1f9af8b13e5be0cb0,0039,2020-03-09 20:39:44,2020-03-09 23:40:06,2020-03-09 22:50:34,6.553,2_39_95_27_2020-03-09 20:39:44.491383,0002,CA-319,2-39-95-27,America/Los_Angeles,000001124,"[{'WhPerMile': 400, 'kWhRequested': 8.0, 'milesRequested': 20, 'minutesAvailable': 60, 'modifiedAt': 'Mon, 09 Mar 2020 20:40:20 GMT', 'paymentRequired': True, 'requestedDeparture': 'Mon, 09 Mar 2020 21:39:44 GMT', 'userID': 1124}]",3.006111111111111,2.1805555555555554,20,Monday,0,15,98.295
5e7bf7a1f9af8b13e5be0cb1,0039,2020-03-09 21:26:45,2020-03-10 00:10:38,2020-03-09 23:34:49,7.03,2_39_123_23_2020-03-09 21:26:32.294892,0002,CA-313,2-39-123-23,America/Los_Angeles,000006481,"[{'WhPerMile': 429, 'kWhRequested': 8.58, 'milesRequested': 20, 'minutesAvailable': 234, 'modifiedAt': 'Mon, 09 Mar 2020 21:26:45 GMT', 'paymentRequired': True, 'requestedDeparture': 'Tue, 10 Mar 2020 01:20:45 GMT', 'userID': 6481}]",2.731388888888889,2.1344444444444446,21,Monday,0,15,105.45
5e7bf7a1f9af8b13e5be0cb2,0039,2020-03-10 00:50:33,2020-03-10 07:31:16,2020-03-10 07:28:44,43.811,2_39_139_28_2020-03-10 00:50:33.412166,0002,CA-303,2-39-139-28,America/Los_Angeles,000000067,"[{'WhPerMile': 250, 'kWhRequested': 50.0, 'milesRequested': 200, 'minutesAvailable': 472, 'modifiedAt': 'Tue, 10 Mar 2020 00:50:54 GMT', 'paymentRequired': True, 'requestedDeparture': 'Tue, 10 Mar 2020 08:42:33 GMT', 'userID': 67}]",6.6786111111111115,6.636388888888889,0,Tuesday,0,15,657.165
5e7bf7a1f9af8b13e5be0cb3,0039,2020-03-10 01:04:06,2020-03-10 04:42:50,2020-03-10 02:43:33,8.866,2_39_78_367_2020-03-10 01:04:06.486825,0002,CA-494,2-39-78-367,America/Los_Angeles,000004701,"[{'WhPerMile': 300, 'kWhRequested': 9.0, 'milesRequested': 30, 'minutesAvailable': 480, 'modifiedAt': 'Tue, 10 Mar 2020 01:05:53 GMT', 'paymentRequired': True, 'requestedDeparture': 'Tue, 10 Mar 2020 09:04:06 GMT', 'userID': 4701}]",3.6455555555555557,1.6575,1,Tuesday,0,15,132.99
5e7bf7a1f9af8b13e5be0cb4,0039,2020-03-10 01:29:05,2020-03-10 03:48:35,2020-03-10 02:30:57,2.804,2_39_88_24_2020-03-10 01:28:49.126740,0002,CA-314,2-39-88-24,America/Los_Angeles,000005594,"[{'WhPerMile': 360, 'kWhRequested': 7.2, 'milesRequested': 20, 'minutesAvailable': 244, 'modifiedAt': 'Tue, 10 Mar 2020 01:29:05 GMT', 'paymentRequired': True, 'requestedDeparture': 'Tue, 10 Mar 2020 05:33:05 GMT', 'userID': 5594}, {'WhPerMile': 360, 'kWhRequested': 7.2, 'milesRequested': 20, 'minutesAvailable': 383, 'modifiedAt': 'Tue, 10 Mar 2020 03:47:56 GMT', 'paymentRequired': True, 'requestedDeparture': 'Tue, 10 Mar 2020 07:52:05 GMT', 'userID': 5594}]",2.325,1.031111111111111,1,Tuesday,0,15,42.059999999999995
5e7bf7a1f9af8b13e5be0cb5,0039,2020-03-10 03:44:09,2020-03-10 04:56:55,2020-03-10 04:56:51,4.06,2_39_125_21_2020-03-10 03:44:08.797997,0002,CA-311,2-39-125-21,America/Los_Angeles,000004622,"[{'WhPerMile': 300, 'kWhRequested': 6.0, 'milesRequested': 20, 'minutesAvailable': 61, 'modifiedAt': 'Tue, 10 Mar 2020 03:44:20 GMT', 'paymentRequired': True, 'requestedDeparture': 'Tue, 10 Mar 2020 04:45:09 GMT', 'userID': 4622}]",1.2127777777777777,1.2116666666666667,3,Tuesday,0,15,60.89999999999999
5e7bf7a1f9af8b13e5be0cb6,0039,2020-03-10 04:08:58,2020-03-10 10:53:33,2020-03-10 04:50:04,1.765,2_39_130_31_2020-03-10 04:08:57.873996,0002,CA-306,2-39-130-31,America/Los_Angeles,000001366,"[{'WhPerMile': 400, 'kWhRequested': 8.0, 'milesRequested': 20, 'minutesAvailable': 60, 'modifiedAt': 'Tue, 10 Mar 2020 04:09:10 GMT', 'paymentRequired': True, 'requestedDeparture': 'Tue, 10 Mar 2020 05:08:58 GMT', 'userID': 1366}]",6.743055555555555,0.685,4,Tuesday,0,15,26.474999999999998
5e7d4915f9af8b180cda61b1,0039,2020-03-10 15:23:22,2020-03-11 00:56:41,2020-03-11 00:49:01,1.103,2_39_79_379_2020-03-10 15:23:22.415260,0002,CA-327,2-39-79-379,America/Los_Angeles,,,9.555277777777778,9.4275,15,Tuesday,0,15,16.544999999999998
5e7d4915f9af8b180cda61b2,0039,2020-03-10 15:27:20,2020-03-11 03:03:38,2020-03-11 00:49:01,11.455,2_39_79_377_2020-03-10 15:27:03.529111,0002,CA-325,2-39-79-377,America/Los_Angeles,000003556,"[{'WhPerMile': 500, 'kWhRequested': 40.0, 'milesRequested': 80, 'minutesAvailable': 229, 'modifiedAt': 'Tue, 10 Mar 2020 15:27:20 GMT', 'paymentRequired': True, 'requestedDeparture': 'Tue, 10 Mar 2020 19:16:20 GMT', 'userID': 3556}, {'WhPerMile': 500, 'kWhRequested': 40.0, 'milesRequested': 80, 'minutesAvailable': 230, 'modifiedAt': 'Tue, 10 Mar 2020 19:27:17 GMT', 'paymentRequired': True, 'requestedDeparture': 'Tue, 10 Mar 2020 19:17:20 GMT', 'userID': 3556}]",11.605,9.36138888888889,15,Tuesday,0,15,171.825
5e7d4915f9af8b180cda61b7,0039,2020-03-10 15:56:18,2020-03-11 01:19:45,2020-03-11 00:49:01,11.408,2_39_90_440_2020-03-10 15:56:18.414194,0002,CA-500,2-39-90-440,America/Los_Angeles,000000069,"[{'WhPerMile': 400, 'kWhRequested': 40.0, 'milesRequested': 100, 'minutesAvailable': 363, 'modifiedAt': 'Tue, 10 Mar 2020 15:56:31 GMT', 'paymentRequired': True, 'requestedDeparture': 'Tue, 10 Mar 2020 21:59:18 GMT', 'userID': 69}]",9.390833333333333,8.87861111111111,15,Tuesday,0,15,171.12
5e7d4915f9af8b180cda61b8,0039,2020-03-10 16:16:01,2020-03-11 02:15:11,2020-03-11 00:49:01,6.409,2_39_127_19_2020-03-10 16:16:01.001034,0002,CA-309,2-39-127-19,America/Los_Angeles,000000567,"[{'WhPerMile': 400, 'kWhRequested': 8.0, 'milesRequested': 20, 'minutesAvailable': 459, 'modifiedAt': 'Tue, 10 Mar 2020 16:16:07 GMT', 'paymentRequired': True, 'requestedDeparture': 'Tue, 10 Mar 2020 23:55:01 GMT', 'userID': 567}, {'WhPerMile': 400, 'kWhRequested': 8.0, 'milesRequested': 20, 'minutesAvailable': 459, 'modifiedAt': 'Tue, 10 Mar 2020 16:16:13 GMT', 'paymentRequired': True, 'requestedDeparture': 'Tue, 10 Mar 2020 23:55:01 GMT', 'userID': 567}, {'WhPerMile': 400, 'kWhRequested': 8.0, 'milesRequested': 20, 'minutesAvailable': 459, 'modifiedAt': 'Wed, 11 Mar 2020 01:00:55 GMT', 'paymentRequired': True, 'requestedDeparture': 'Tue, 10 Mar 2020 23:55:01 GMT', 'userID': 567}]",9.98611111111111,8.55,16,Tuesday,0,15,96.13499999999999
5e7d4915f9af8b180cda61ba,0039,2020-03-10 16:42:55,2020-03-11 00:57:57,2020-03-11 00:57:52,7.893,2_39_78_365_2020-03-10 16:42:55.496658,0002,CA-321,2-39-78-365,America/Los_Angeles,000000714,"[{'WhPerMile': 400, 'kWhRequested': 32.0, 'milesRequested': 80, 'minutesAvailable': 440, 'modifiedAt': 'Tue, 10 Mar 2020 16:45:25 GMT', 'paymentRequired': True, 'requestedDeparture': 'Wed, 11 Mar 2020 00:02:55 GMT', 'userID': 714}, {'WhPerMile': 400, 'kWhRequested': 32.0, 'milesRequested': 80, 'minutesAvailable': 420, 'modifiedAt': 'Tue, 10 Mar 2020 16:45:56 GMT', 'paymentRequired': True, 'requestedDeparture': 'Tue, 10 Mar 2020 23:42:55 GMT', 'userID': 714}]",8.250555555555556,8.249166666666667,16,Tuesday,0,15,118.395
5e7d4915f9af8b180cda61bb,0039,2020-03-10 16:49:20,2020-03-11 03:06:24,2020-03-11 00:49:01,1.375,2_39_91_437_2020-03-10 16:49:20.237805,0002,CA-317,2-39-91-437,America/Los_Angeles,000000324,"[{'WhPerMile': 444, 'kWhRequested': 8.88, 'milesRequested': 20, 'minutesAvailable': 101, 'modifiedAt': 'Tue, 10 Mar 2020 16:50:27 GMT', 'paymentRequired': True, 'requestedDeparture': 'Tue, 10 Mar 2020 18:30:20 GMT', 'userID': 324}]",10.284444444444444,7.994722222222222,16,Tuesday,0,15,20.625
5e7d4915f9af8b180cda61bd,0039,2020-03-10 17:14:15,2020-03-11 01:09:20,2020-03-11 00:49:01,10.78,2_39_95_444_2020-03-10 17:14:15.471226,0002,CA-497,2-39-95-444,America/Los_Angeles,000001095,"[{'WhPerMile': 400, 'kWhRequested': 16.0, 'milesRequested': 40, 'minutesAvailable': 447, 'modifiedAt': 'Tue, 10 Mar 2020 17:15:53 GMT', 'paymentRequired': True, 'requestedDeparture': 'Wed, 11 Mar 2020 00:41:15 GMT', 'userID': 1095}]",7.918055555555555,7.579444444444444,17,Tuesday,0,15,161.7
5e7d4915f9af8b180cda61c4,0039,2020-03-10 21:18:39,2020-03-11 01:23:33,2020-03-11 00:49:01,4.918,2_39_88_438_2020-03-10 21:18:39.239130,0002,CA-502,2-39-88-438,America/Los_Angeles,000000515,"[{'WhPerMile': 400, 'kWhRequested': 12.0, 'milesRequested': 30, 'minutesAvailable': 250, 'modifiedAt': 'Tue, 10 Mar 2020 21:20:28 GMT', 'paymentRequired': True, 'requestedDeparture': 'Wed, 11 Mar 2020 01:28:39 GMT', 'userID': 515}, {'WhPerMile': 400, 'kWhRequested': 12.0, 'milesRequested': 30, 'minutesAvailable': 250, 'modifiedAt': 'Tue, 10 Mar 2020 21:20:41 GMT', 'paymentRequired': True, 'requestedDeparture': 'Wed, 11 Mar 2020 01:28:39 GMT', 'userID': 515}, {'WhPerMile': 400, 'kWhRequested': 12.0, 'milesRequested': 30, 'minutesAvailable': 250, 'modifiedAt': 'Tue, 10 Mar 2020 21:20:54 GMT', 'paymentRequired': True, 'requestedDeparture': 'Wed, 11 Mar 2020 01:28:39 GMT', 'userID': 515}, {'WhPerMile': 400, 'kWhRequested': 12.0, 'milesRequested': 30, 'minutesAvailable': 250, 'modifiedAt': 'Tue, 10 Mar 2020 21:21:13 GMT', 'paymentRequired': True, 'requestedDeparture': 'Wed, 11 Mar 2020 01:28:39 GMT', 'userID': 515}, {'WhPerMile': 400, 'kWhRequested': 12.0, 'milesRequested': 30, 'minutesAvailable': 90, 'modifiedAt': 'Tue, 10 Mar 2020 21:50:42 GMT', 'paymentRequired': True, 'requestedDeparture': 'Tue, 10 Mar 2020 22:48:39 GMT', 'userID': 515}]",4.081666666666667,3.506111111111111,21,Tuesday,0,15,73.77
5e7d4915f9af8b180cda61c5,0039,2020-03-11 00:17:51,2020-03-11 01:40:17,2020-03-11 01:40:14,4.54,2_39_130_31_2020-03-11 00:17:51.003635,0002,CA-306,2-39-130-31,America/Los_Angeles,000000365,"[{'WhPerMile': 333, 'kWhRequested': 9.99, 'milesRequested': 30, 'minutesAvailable': 104, 'modifiedAt': 'Wed, 11 Mar 2020 00:18:55 GMT', 'paymentRequired': True, 'requestedDeparture': 'Wed, 11 Mar 2020 02:01:51 GMT', 'userID': 365}]",1.373888888888889,1.3730555555555555,0,Wednesday,0,15,68.1
5e7d4915f9af8b180cda61c6,0039,2020-03-11 03:23:11,2020-03-11 04:45:12,2020-03-11 04:45:00,4.487,2_39_139_28_2020-03-11 03:23:11.033605,0002,CA-303,2-39-139-28,America/Los_Angeles,000001263,"[{'WhPerMile': 400, 'kWhRequested': 8.0, 'milesRequested': 20, 'minutesAvailable': 115, 'modifiedAt': 'Wed, 11 Mar 2020 03:24:11 GMT', 'paymentRequired': True, 'requestedDeparture': 'Wed, 11 Mar 2020 05:18:11 GMT', 'userID': 1263}]",1.3669444444444445,1.363611111111111,3,Wednesday,0,15,67.305
5e7e9a9bf9af8b1be143ed70,0039,2020-03-11 14:53:58,2020-03-11 23:05:59,2020-03-11 16:24:53,3.953,2_39_79_382_2020-03-11 14:53:57.898101,0002,CA-491,2-39-79-382,America/Los_Angeles,000004701,"[{'WhPerMile': 300, 'kWhRequested': 9.0, 'milesRequested': 30, 'minutesAvailable': 480, 'modifiedAt': 'Wed, 11 Mar 2020 14:54:35 GMT', 'paymentRequired': True, 'requestedDeparture': 'Wed, 11 Mar 2020 22:53:58 GMT', 'userID': 4701}]",8.200277777777778,1.5152777777777777,14,Wednesday,0,15,59.294999999999995
5e7e9a9bf9af8b1be143ed71,0039,2020-03-11 15:04:17,2020-03-11 15:12:57,2020-03-11 15:12:54,0.777,2_39_78_366_2020-03-11 15:04:17.021151,0002,CA-323,2-39-78-366,America/Los_Angeles,000003853,"[{'WhPerMile': 360, 'kWhRequested': 39.6, 'milesRequested': 110, 'minutesAvailable': 460, 'modifiedAt': 'Wed, 11 Mar 2020 15:05:21 GMT', 'paymentRequired': True, 'requestedDeparture': 'Wed, 11 Mar 2020 22:44:17 GMT', 'userID': 3853}]",0.14444444444444443,0.1436111111111111,15,Wednesday,0,15,11.655000000000001
5e7e9a9bf9af8b1be143ed72,0039,2020-03-11 15:29:19,2020-03-12 01:37:18,2020-03-11 17:29:13,5.745480277777777,2_39_130_31_2020-03-11 15:29:18.995862,0002,CA-306,2-39-130-31,America/Los_Angeles,000001366,"[{'WhPerMile': 400, 'kWhRequested': 8.0, 'milesRequested': 20, 'minutesAvailable': 60, 'modifiedAt': 'Wed, 11 Mar 2020 15:30:21 GMT', 'paymentRequired': True, 'requestedDeparture': 'Wed, 11 Mar 2020 16:29:19 GMT', 'userID': 1366}]",10.133055555555556,1.9983333333333333,15,Wednesday,0,15,86.18220416666666
5e7e9a9bf9af8b1be143ed73,0039,2020-03-11 15:30:21,2020-03-11 16:10:25,2020-03-11 16:09:05,0.9649417562722109,2_39_78_366_2020-03-11 15:30:21.437009,0002,CA-323,2-39-78-366,America/Los_Angeles,,,0.6677777777777778,0.6455555555555555,15,Wednesday,0,15,14.474126344083164
5e7e9a9bf9af8b1be143ed74,0039,2020-03-11 15:40:15,2020-03-12 00:56:06,2020-03-12 00:54:52,4.041,2_39_126_560_2020-03-11 15:40:14.729663,0002,CA-506,2-39-126-560,America/Los_Angeles,000001534,"[{'WhPerMile': 250, 'kWhRequested': 7.5, 'milesRequested': 30, 'minutesAvailable': 404, 'modifiedAt': 'Wed, 11 Mar 2020 15:40:15 GMT', 'paymentRequired': True, 'requestedDeparture': 'Wed, 11 Mar 2020 22:24:15 GMT', 'userID': 1534}]",9.264166666666666,9.243611111111111,15,Wednesday,0,15,60.61500000000001
5e7e9a9bf9af8b1be143ed75,0039,2020-03-11 15:45:17,2020-03-12 03:23:01,2020-03-11 17:32:46,4.56,2_39_129_17_2020-03-11 15:45:16.937391,0002,CA-307,2-39-129-17,America/Los_Angeles,000000712,"[{'WhPerMile': 400, 'kWhRequested': 12.0, 'milesRequested': 30, 'minutesAvailable': 343, 'modifiedAt': 'Wed, 11 Mar 2020 16:21:11 GMT', 'paymentRequired': True, 'requestedDeparture': 'Wed, 11 Mar 2020 21:28:17 GMT', 'userID': 712}]",11.62888888888889,1.791388888888889,15,Wednesday,0,15,68.39999999999999
5e7e9a9bf9af8b1be143ed76,0039,2020-03-11 15:46:57,2020-03-12 00:25:24,2020-03-12 00:25:13,8.185,2_39_78_365_2020-03-11 15:46:57.108818,0002,CA-321,2-39-78-365,America/Los_Angeles,000006623,"[{'WhPerMile': 400, 'kWhRequested': 8.0, 'milesRequested': 20, 'minutesAvailable': 451, 'modifiedAt': 'Wed, 11 Mar 2020 15:47:49 GMT', 'paymentRequired': True, 'requestedDeparture': 'Wed, 11 Mar 2020 23:17:57 GMT', 'userID': 6623}]",8.640833333333333,8.637777777777778,15,Wednesday,0,15,122.775
5e7e9a9bf9af8b1be143ed77,0039,2020-03-11 15:50:12,2020-03-11 18:50:25,2020-03-11 18:40:33,1.041,2_39_79_380_2020-03-11 15:50:12.083509,0002,CA-489,2-39-79-380,America/Los_Angeles,,,3.0036111111111112,2.839166666666667,15,Wednesday,0,15,15.614999999999998
5e7e9a9bf9af8b1be143ed78,0039,2020-03-11 15:50:39,2020-03-12 02:20:31,2020-03-11 17:38:31,4.752,2_39_126_20_2020-03-11 15:50:18.586922,0002,CA-310,2-39-126-20,America/Los_Angeles,000005594,"[{'WhPerMile': 360, 'kWhRequested': 7.2, 'milesRequested': 20, 'minutesAvailable': 383, 'modifiedAt': 'Wed, 11 Mar 2020 15:50:38 GMT', 'paymentRequired': True, 'requestedDeparture': 'Wed, 11 Mar 2020 22:13:39 GMT', 'userID': 5594}, {'WhPerMile': 360, 'kWhRequested': 7.2, 'milesRequested': 20, 'minutesAvailable': 411, 'modifiedAt': 'Wed, 11 Mar 2020 22:11:49 GMT', 'paymentRequired': True, 'requestedDeparture': 'Wed, 11 Mar 2020 22:41:39 GMT', 'userID': 5594}]",10.497777777777777,1.7977777777777777,15,Wednesday,0,15,71.28
5e7e9a9bf9af8b1be143ed79,0039,2020-03-11 16:02:53,2020-03-12 02:45:21,2020-03-11 19:38:19,11.562,2_39_78_361_2020-03-11 16:02:53.457899,0002,CA-493,2-39-78-361,America/Los_Angeles,000000069,"[{'WhPerMile': 400, 'kWhRequested': 40.0, 'milesRequested': 100, 'minutesAvailable': 363, 'modifiedAt': 'Wed, 11 Mar 2020 16:05:39 GMT', 'paymentRequired': True, 'requestedDeparture': 'Wed, 11 Mar 2020 22:05:53 GMT', 'userID': 69}]",10.707777777777778,3.5905555555555555,16,Wednesday,0,15,173.42999999999998
5e7e9a9bf9af8b1be143ed7a,0039,2020-03-11 16:06:39,2020-03-12 01:11:04,2020-03-11 18:53:01,16.475,2_39_95_27_2020-03-11 16:06:39.404436,0002,CA-319,2-39-95-27,America/Los_Angeles,000000714,"[{'WhPerMile': 400, 'kWhRequested': 32.0, 'milesRequested': 80, 'minutesAvailable': 447, 'modifiedAt': 'Wed, 11 Mar 2020 16:07:14 GMT', 'paymentRequired': True, 'requestedDeparture': 'Wed, 11 Mar 2020 23:33:39 GMT', 'userID': 714}]",9.073611111111111,2.772777777777778,16,Wednesday,0,15,247.12500000000003
5e7e9a9bf9af8b1be143ed7b,0039,2020-03-11 16:07:05,2020-03-11 23:32:52,2020-03-11 17:39:38,8.25,2_39_91_437_2020-03-11 16:07:05.132494,0002,CA-317,2-39-91-437,America/Los_Angeles,000001095,"[{'WhPerMile': 400, 'kWhRequested': 12.0, 'milesRequested': 30, 'minutesAvailable': 447, 'modifiedAt': 'Wed, 11 Mar 2020 16:08:51 GMT', 'paymentRequired': True, 'requestedDeparture': 'Wed, 11 Mar 2020 23:34:05 GMT', 'userID': 1095}]",7.429722222222222,1.5425,16,Wednesday,0,15,123.75
5e7e9a9bf9af8b1be143ed7c,0039,2020-03-11 16:08:16,2020-03-11 23:31:02,2020-03-11 22:49:39,1.134,2_39_125_21_2020-03-11 16:08:16.079121,0002,CA-311,2-39-125-21,America/Los_Angeles,,,7.379444444444444,6.689722222222223,16,Wednesday,0,15,17.009999999999998
5e7e9a9bf9af8b1be143ed7d,0039,2020-03-11 16:26:49,2020-03-12 04:29:08,2020-03-11 17:37:36,2.111,2_39_92_436_2020-03-11 16:26:48.989511,0002,CA-318,2-39-92-436,America/Los_Angeles,000000324,"[{'WhPerMile': 444, 'kWhRequested': 8.88, 'milesRequested': 20, 'minutesAvailable': 101, 'modifiedAt': 'Wed, 11 Mar 2020 16:27:16 GMT', 'paymentRequired': True, 'requestedDeparture': 'Wed, 11 Mar 2020 18:07:49 GMT', 'userID': 324}]",12.038611111111111,1.1797222222222221,16,Wednesday,0,15,31.665000000000003
5e7e9a9bf9af8b1be143ed7e,0039,2020-03-11 16:26:50,2020-03-11 21:01:48,2020-03-11 20:40:31,1.009,2_39_78_366_2020-03-11 16:26:50.482843,0002,CA-323,2-39-78-366,America/Los_Angeles,,,4.582777777777777,4.228055555555556,16,Wednesday,0,15,15.134999999999998
5e7e9a9bf9af8b1be143ed7f,0039,2020-03-11 16:30:13,2020-03-12 00:09:14,2020-03-11 22:45:36,8.153,2_39_89_25_2020-03-11 16:30:13.447363,0002,CA-315,2-39-89-25,America/Los_Angeles,000001364,"[{'WhPerMile': 400, 'kWhRequested': 28.0, 'milesRequested': 70, 'minutesAvailable': 182, 'modifiedAt': 'Wed, 11 Mar 2020 19:57:42 GMT', 'paymentRequired': True, 'requestedDeparture': 'Wed, 11 Mar 2020 19:32:13 GMT', 'userID': 1364}, {'WhPerMile': 400, 'kWhRequested': 28.0, 'milesRequested': 70, 'minutesAvailable': 182, 'modifiedAt': 'Wed, 11 Mar 2020 19:58:56 GMT', 'paymentRequired': True, 'requestedDeparture': 'Wed, 11 Mar 2020 19:32:13 GMT', 'userID': 1364}]",7.650277777777778,6.256388888888889,16,Wednesday,0,15,122.295
5e7e9a9bf9af8b1be143ed80,0039,2020-03-11 17:11:30,2020-03-12 02:15:33,2020-03-11 21:19:28,11.821,2_39_78_363_2020-03-11 17:11:29.989512,0002,CA-320,2-39-78-363,America/Los_Angeles,000000558,"[{'WhPerMile': 400, 'kWhRequested': 28.0, 'milesRequested': 70, 'minutesAvailable': 60, 'modifiedAt': 'Wed, 11 Mar 2020 17:11:33 GMT', 'paymentRequired': True, 'requestedDeparture': 'Wed, 11 Mar 2020 18:11:30 GMT', 'userID': 558}]",9.0675,4.132777777777778,17,Wednesday,0,15,177.315
5e7e9a9bf9af8b1be143ed81,0039,2020-03-11 17:25:50,2020-03-12 02:07:43,2020-03-12 02:08:39,43.915,2_39_78_362_2020-03-11 17:25:41.469074,0002,CA-496,2-39-78-362,America/Los_Angeles,000002743,"[{'WhPerMile': 240, 'kWhRequested': 60.0, 'milesRequested': 250, 'minutesAvailable': 652, 'modifiedAt': 'Wed, 11 Mar 2020 17:25:50 GMT', 'paymentRequired': True, 'requestedDeparture': 'Thu, 12 Mar 2020 04:17:50 GMT', 'userID': 2743}]",8.698055555555555,8.713611111111112,17,Wednesday,0,15,658.725
5e7e9a9bf9af8b1be143ed82,0039,2020-03-11 18:31:12,2020-03-12 01:10:09,2020-03-11 19:31:13,2.592,2_39_127_19_2020-03-11 18:31:16.333147,0002,CA-309,2-39-127-19,America/Los_Angeles,000001864,"[{'WhPerMile': 400, 'kWhRequested': 12.0, 'milesRequested': 30, 'minutesAvailable': 391, 'modifiedAt': 'Wed, 11 Mar 2020 18:31:33 GMT', 'paymentRequired': True, 'requestedDeparture': 'Thu, 12 Mar 2020 01:02:12 GMT', 'userID': 1864}]",6.649166666666667,1.0002777777777778,18,Wednesday,0,15,38.88
5e7e9a9bf9af8b1be143ed83,0039,2020-03-11 18:31:44,2020-03-12 00:15:26,2020-03-11 19:21:18,2.039,2_39_123_23_2020-03-11 18:31:43.888626,0002,CA-313,2-39-123-23,America/Los_Angeles,000000891,"[{'WhPerMile': 400, 'kWhRequested': 8.0, 'milesRequested': 20, 'minutesAvailable': 216, 'modifiedAt': 'Wed, 11 Mar 2020 18:32:02 GMT', 'paymentRequired': True, 'requestedDeparture': 'Wed, 11 Mar 2020 22:07:44 GMT', 'userID': 891}]",5.7283333333333335,0.8261111111111111,18,Wednesday,0,15,30.585
5e7e9a9bf9af8b1be143ed84,0039,2020-03-11 20:10:13,2020-03-12 02:17:04,2020-03-11 22:12:51,6.531,2_39_90_26_2020-03-11 20:10:12.680511,0002,CA-316,2-39-90-26,America/Los_Angeles,000001124,"[{'WhPerMile': 400, 'kWhRequested': 8.0, 'milesRequested': 20, 'minutesAvailable': 60, 'modifiedAt': 'Wed, 11 Mar 2020 20:10:39 GMT', 'paymentRequired': True, 'requestedDeparture': 'Wed, 11 Mar 2020 21:10:13 GMT', 'userID': 1124}]",6.114166666666667,2.043888888888889,20,Wednesday,0,15,97.96499999999999
5e7e9a9bf9af8b1be143ed85,0039,2020-03-11 20:25:17,2020-03-12 04:11:21,2020-03-11 22:44:53,9.021,2_39_79_383_2020-03-11 20:25:17.302310,0002,CA-492,2-39-79-383,America/Los_Angeles,000001137,"[{'WhPerMile': 400, 'kWhRequested': 32.0, 'milesRequested': 80, 'minutesAvailable': 336, 'modifiedAt': 'Wed, 11 Mar 2020 20:25:31 GMT', 'paymentRequired': True, 'requestedDeparture': 'Thu, 12 Mar 2020 02:01:17 GMT', 'userID': 1137}]",7.767777777777778,2.3266666666666667,20,Wednesday,0,15,135.315
5e7e9a9bf9af8b1be143ed86,0039,2020-03-11 20:27:09,2020-03-11 23:28:09,2020-03-11 23:24:30,0.986,2_39_79_380_2020-03-11 20:27:09.357144,0002,CA-489,2-39-79-380,America/Los_Angeles,,,3.0166666666666666,2.9558333333333335,20,Wednesday,0,15,14.79
5e7e9a9bf9af8b1be143ed87,0039,2020-03-11 20:35:46,2020-03-11 23:53:54,2020-03-11 23:39:55,1.063,2_39_83_387_2020-03-11 20:35:46.025135,0002,CA-149,2-39-83-387,America/Los_Angeles,,,3.3022222222222224,3.069166666666667,20,Wednesday,0,15,15.944999999999999
5e7e9a9bf9af8b1be143ed88,0039,2020-03-11 22:26:48,2020-03-12 02:27:34,2020-03-12 00:39:37,6.374,2_39_78_360_2020-03-11 22:26:48.481777,0002,CA-322,2-39-78-360,America/Los_Angeles,000003577,"[{'WhPerMile': 419, 'kWhRequested': 8.38, 'milesRequested': 20, 'minutesAvailable': 184, 'modifiedAt': 'Wed, 11 Mar 2020 22:29:05 GMT', 'paymentRequired': True, 'requestedDeparture': 'Thu, 12 Mar 2020 01:30:48 GMT', 'userID': 3577}]",4.012777777777778,2.213611111111111,22,Wednesday,0,15,95.61
5e7e9a9bf9af8b1be143ed89,0039,2020-03-12 00:33:33,2020-03-12 01:31:24,2020-03-12 01:31:19,5.99,2_39_79_382_2020-03-12 00:33:32.609501,0002,CA-491,2-39-79-382,America/Los_Angeles,000004701,"[{'WhPerMile': 300, 'kWhRequested': 6.0, 'milesRequested': 20, 'minutesAvailable': 82, 'modifiedAt': 'Thu, 12 Mar 2020 00:33:46 GMT', 'paymentRequired': True, 'requestedDeparture': 'Thu, 12 Mar 2020 01:55:33 GMT', 'userID': 4701}]",0.9641666666666666,0.9627777777777777,0,Thursday,0,15,89.85000000000001
5e7e9a9bf9af8b1be143ed8a,0039,2020-03-12 03:30:09,2020-03-12 04:03:47,2020-03-12 04:03:43,1.153,2_39_139_28_2020-03-12 03:30:08.549107,0002,CA-303,2-39-139-28,America/Los_Angeles,000006638,"[{'WhPerMile': 264, 'kWhRequested': 5.28, 'milesRequested': 20, 'minutesAvailable': 128, 'modifiedAt': 'Thu, 12 Mar 2020 03:57:45 GMT', 'paymentRequired': True, 'requestedDeparture': 'Thu, 12 Mar 2020 05:38:09 GMT', 'userID': 6638}]",0.5605555555555556,0.5594444444444444,3,Thursday,0,15,17.295
5e7fec1af9af8b1fc4c8d3ca,0039,2020-03-12 14:27:29,2020-03-13 00:41:11,2020-03-12 20:35:25,32.711,2_39_78_365_2020-03-12 14:27:29.395243,0002,CA-321,2-39-78-365,America/Los_Angeles,000003853,"[{'WhPerMile': 360, 'kWhRequested': 50.4, 'milesRequested': 140, 'minutesAvailable': 505, 'modifiedAt': 'Thu, 12 Mar 2020 14:27:39 GMT', 'paymentRequired': True, 'requestedDeparture': 'Thu, 12 Mar 2020 22:52:29 GMT', 'userID': 3853}]",10.228333333333333,6.1322222222222225,14,Thursday,0,15,490.66499999999996
5e7fec1af9af8b1fc4c8d3cb,0039,2020-03-12 14:42:58,2020-03-13 00:29:19,2020-03-12 16:03:38,2.941,2_39_79_382_2020-03-12 14:42:57.549555,0002,CA-491,2-39-79-382,America/Los_Angeles,000004701,"[{'WhPerMile': 300, 'kWhRequested': 9.0, 'milesRequested': 30, 'minutesAvailable': 425, 'modifiedAt': 'Thu, 12 Mar 2020 14:43:05 GMT', 'paymentRequired': True, 'requestedDeparture': 'Thu, 12 Mar 2020 21:47:58 GMT', 'userID': 4701}]",9.7725,1.3444444444444446,14,Thursday,0,15,44.114999999999995
5e7fec1af9af8b1fc4c8d3cc,0039,2020-03-12 14:53:20,2020-03-13 00:24:10,2020-03-12 16:10:30,4.104,2_39_92_442_2020-03-12 14:53:19.573922,0002,CA-498,2-39-92-442,America/Los_Angeles,000001524,"[{'WhPerMile': 400, 'kWhRequested': 8.0, 'milesRequested': 20, 'minutesAvailable': 129, 'modifiedAt': 'Thu, 12 Mar 2020 15:00:48 GMT', 'paymentRequired': True, 'requestedDeparture': 'Thu, 12 Mar 2020 17:02:20 GMT', 'userID': 1524}]",9.51388888888889,1.2861111111111112,14,Thursday,0,15,61.56
5e7fec1af9af8b1fc4c8d3cd,0039,2020-03-12 15:30:38,2020-03-13 02:07:55,2020-03-12 17:25:34,7.453294504180076,2_39_78_363_2020-03-12 15:30:37.856093,0002,CA-320,2-39-78-363,America/Los_Angeles,000002244,"[{'WhPerMile': 400, 'kWhRequested': 8.0, 'milesRequested': 20, 'minutesAvailable': 60, 'modifiedAt': 'Thu, 12 Mar 2020 15:31:08 GMT', 'paymentRequired': True, 'requestedDeparture': 'Thu, 12 Mar 2020 16:30:38 GMT', 'userID': 2244}]",10.62138888888889,1.9155555555555555,15,Thursday,0,15,111.79941756270114
5e7fec1af9af8b1fc4c8d3ce,0039,2020-03-12 15:35:12,2020-03-13 00:04:14,2020-03-12 23:59:59,1.141,2_39_79_379_2020-03-12 15:35:11.534196,0002,CA-327,2-39-79-379,America/Los_Angeles,,,8.483888888888888,8.413055555555555,15,Thursday,0,15,17.115000000000002
5e7fec1af9af8b1fc4c8d3cf,0039,2020-03-12 15:40:13,2020-03-13 00:13:03,2020-03-12 16:47:31,6.097,2_39_89_25_2020-03-12 15:40:12.696183,0002,CA-315,2-39-89-25,America/Los_Angeles,000000431,"[{'WhPerMile': 300, 'kWhRequested': 21.0, 'milesRequested': 70, 'minutesAvailable': 270, 'modifiedAt': 'Thu, 12 Mar 2020 15:40:19 GMT', 'paymentRequired': True, 'requestedDeparture': 'Thu, 12 Mar 2020 20:10:13 GMT', 'userID': 431}]",8.547222222222222,1.1216666666666666,15,Thursday,0,15,91.45500000000001
5e7fec1af9af8b1fc4c8d3d0,0039,2020-03-12 15:40:40,2020-03-12 20:16:47,2020-03-12 17:24:26,5.242,2_39_139_28_2020-03-12 15:40:40.125156,0002,CA-303,2-39-139-28,America/Los_Angeles,000000562,"[{'WhPerMile': 325, 'kWhRequested': 6.5, 'milesRequested': 20, 'minutesAvailable': 196, 'modifiedAt': 'Thu, 12 Mar 2020 15:42:32 GMT', 'paymentRequired': True, 'requestedDeparture': 'Thu, 12 Mar 2020 18:56:40 GMT', 'userID': 562}]",4.601944444444444,1.7294444444444443,15,Thursday,0,15,78.63
5e7fec1af9af8b1fc4c8d3d1,0039,2020-03-12 15:41:33,2020-03-12 23:18:35,2020-03-12 17:53:46,1.136,2_39_78_364_2020-03-12 15:41:32.620928,0002,CA-495,2-39-78-364,America/Los_Angeles,,,7.617222222222222,2.203611111111111,15,Thursday,0,15,17.04
5e7fec1af9af8b1fc4c8d3d2,0039,2020-03-12 15:45:13,2020-03-12 19:38:49,2020-03-12 19:17:08,7.916,2_39_79_381_2020-03-12 15:45:12.617250,0002,CA-490,2-39-79-381,America/Los_Angeles,000000671,"[{'WhPerMile': 267, 'kWhRequested': 26.7, 'milesRequested': 100, 'minutesAvailable': 247, 'modifiedAt': 'Thu, 12 Mar 2020 15:45:33 GMT', 'paymentRequired': True, 'requestedDeparture': 'Thu, 12 Mar 2020 19:52:13 GMT', 'userID': 671}]",3.8933333333333335,3.5319444444444446,15,Thursday,0,15,118.74000000000001
5e7fec1af9af8b1fc4c8d3d3,0039,2020-03-12 16:11:08,2020-03-13 02:45:27,2020-03-12 17:20:06,2.253,2_39_95_27_2020-03-12 16:11:07.767308,0002,CA-319,2-39-95-27,America/Los_Angeles,000001082,"[{'WhPerMile': 400, 'kWhRequested': 8.0, 'milesRequested': 20, 'minutesAvailable': 64, 'modifiedAt': 'Thu, 12 Mar 2020 16:12:56 GMT', 'paymentRequired': True, 'requestedDeparture': 'Thu, 12 Mar 2020 17:15:08 GMT', 'userID': 1082}]",10.571944444444444,1.1494444444444445,16,Thursday,0,15,33.795
5e7fec1af9af8b1fc4c8d3d4,0039,2020-03-12 16:40:34,2020-03-13 00:01:00,2020-03-12 18:55:18,10.312,2_39_79_377_2020-03-12 16:40:34.203491,0002,CA-325,2-39-79-377,America/Los_Angeles,000000714,"[{'WhPerMile': 400, 'kWhRequested': 32.0, 'milesRequested': 80, 'minutesAvailable': 447, 'modifiedAt': 'Thu, 12 Mar 2020 16:41:39 GMT', 'paymentRequired': True, 'requestedDeparture': 'Fri, 13 Mar 2020 00:07:34 GMT', 'userID': 714}]",7.3405555555555555,2.2455555555555557,16,Thursday,0,15,154.67999999999998
5e7fec1af9af8b1fc4c8d3d5,0039,2020-03-12 16:48:56,2020-03-13 01:13:35,2020-03-13 00:54:52,3.627,2_39_123_23_2020-03-12 16:48:56.132744,0002,CA-313,2-39-123-23,America/Los_Angeles,000002170,"[{'WhPerMile': 400, 'kWhRequested': 28.0, 'milesRequested': 70, 'minutesAvailable': 417, 'modifiedAt': 'Thu, 12 Mar 2020 16:49:18 GMT', 'paymentRequired': True, 'requestedDeparture': 'Thu, 12 Mar 2020 23:45:56 GMT', 'userID': 2170}]",8.410833333333333,8.098888888888888,16,Thursday,0,15,54.404999999999994
5e7fec1af9af8b1fc4c8d3d6,0039,2020-03-12 16:50:19,2020-03-13 00:45:12,2020-03-12 18:59:54,5.997,2_39_79_383_2020-03-12 16:50:18.744404,0002,CA-492,2-39-79-383,America/Los_Angeles,000001222,"[{'WhPerMile': 400, 'kWhRequested': 8.0, 'milesRequested': 20, 'minutesAvailable': 72, 'modifiedAt': 'Thu, 12 Mar 2020 16:50:20 GMT', 'paymentRequired': True, 'requestedDeparture': 'Thu, 12 Mar 2020 18:02:19 GMT', 'userID': 1222}]",7.914722222222222,2.1597222222222223,16,Thursday,0,15,89.955
5e7fec1af9af8b1fc4c8d3d7,0039,2020-03-12 17:15:33,2020-03-13 00:48:13,2020-03-12 19:37:54,9.759132777777777,2_39_79_376_2020-03-12 17:15:33.189234,0002,CA-324,2-39-79-376,America/Los_Angeles,000001137,"[{'WhPerMile': 400, 'kWhRequested': 32.0, 'milesRequested': 80, 'minutesAvailable': 431, 'modifiedAt': 'Thu, 12 Mar 2020 17:16:33 GMT', 'paymentRequired': True, 'requestedDeparture': 'Fri, 13 Mar 2020 00:26:33 GMT', 'userID': 1137}]",7.544444444444444,2.3725,17,Thursday,0,15,146.38699166666666
5e7fec1af9af8b1fc4c8d3d8,0039,2020-03-12 17:19:04,2020-03-13 01:11:40,2020-03-13 00:15:19,1.134,2_39_127_19_2020-03-12 17:19:04.132167,0002,CA-309,2-39-127-19,America/Los_Angeles,,,7.876666666666667,6.9375,17,Thursday,0,15,17.009999999999998
5e7fec1af9af8b1fc4c8d3d9,0039,2020-03-12 17:42:53,2020-03-12 18:37:57,2020-03-12 18:33:50,1.130628733571921,2_39_78_366_2020-03-12 17:42:53.075069,0002,CA-323,2-39-78-366,America/Los_Angeles,,,0.9177777777777778,0.8491666666666666,17,Thursday,0,15,16.959431003578814
5e7fec1af9af8b1fc4c8d3da,0039,2020-03-12 17:47:25,2020-03-12 20:17:37,2020-03-12 20:14:12,0.92,2_39_79_380_2020-03-12 17:47:25.065352,0002,CA-489,2-39-79-380,America/Los_Angeles,,,2.5033333333333334,2.446388888888889,17,Thursday,0,15,13.8
5e7fec1af9af8b1fc4c8d3db,0039,2020-03-12 18:05:15,2020-03-12 22:55:26,2020-03-12 22:54:55,12.443,2_39_91_437_2020-03-12 18:05:14.606067,0002,CA-317,2-39-91-437,America/Los_Angeles,000000668,"[{'WhPerMile': 600, 'kWhRequested': 12.0, 'milesRequested': 20, 'minutesAvailable': 87, 'modifiedAt': 'Thu, 12 Mar 2020 18:05:21 GMT', 'paymentRequired': True, 'requestedDeparture': 'Thu, 12 Mar 2020 19:32:15 GMT', 'userID': 668}]",4.836388888888889,4.8277777777777775,18,Thursday,0,15,186.64499999999998
5e7fec1af9af8b1fc4c8d3dc,0039,2020-03-12 18:06:52,2020-03-12 20:52:19,2020-03-12 20:05:09,11.596,2_39_91_441_2020-03-12 18:06:52.313654,0002,CA-499,2-39-91-441,America/Los_Angeles,000000069,"[{'WhPerMile': 400, 'kWhRequested': 40.0, 'milesRequested': 100, 'minutesAvailable': 363, 'modifiedAt': 'Thu, 12 Mar 2020 18:07:05 GMT', 'paymentRequired': True, 'requestedDeparture': 'Fri, 13 Mar 2020 00:09:52 GMT', 'userID': 69}]",2.7575,1.9713888888888889,18,Thursday,0,15,173.94
5e7fec1af9af8b1fc4c8d3dd,0039,2020-03-12 18:51:19,2020-03-12 20:10:45,2020-03-12 19:20:39,0.608,2_39_78_366_2020-03-12 18:51:19.117548,0002,CA-323,2-39-78-366,America/Los_Angeles,,,1.323888888888889,0.4888888888888889,18,Thursday,0,15,9.12
5e7fec1af9af8b1fc4c8d3de,0039,2020-03-12 19:50:18,2020-03-13 01:21:18,2020-03-12 21:01:04,3.855,2_39_125_21_2020-03-12 19:49:46.261295,0002,CA-311,2-39-125-21,America/Los_Angeles,000000567,"[{'WhPerMile': 400, 'kWhRequested': 8.0, 'milesRequested': 20, 'minutesAvailable': 459, 'modifiedAt': 'Thu, 12 Mar 2020 19:50:17 GMT', 'paymentRequired': True, 'requestedDeparture': 'Fri, 13 Mar 2020 03:29:18 GMT', 'userID': 567}]",5.516666666666667,1.1794444444444445,19,Thursday,0,15,57.825
5e7fec1af9af8b1fc4c8d3df,0039,2020-03-12 20:18:47,2020-03-13 00:48:07,2020-03-12 22:31:10,6.491,2_39_78_360_2020-03-12 20:18:58.928494,0002,CA-322,2-39-78-360,America/Los_Angeles,000001124,"[{'WhPerMile': 400, 'kWhRequested': 8.0, 'milesRequested': 20, 'minutesAvailable': 60, 'modifiedAt': 'Thu, 12 Mar 2020 20:19:14 GMT', 'paymentRequired': True, 'requestedDeparture': 'Thu, 12 Mar 2020 21:18:47 GMT', 'userID': 1124}]",4.488888888888889,2.2063888888888887,20,Thursday,0,15,97.365
5e7fec1af9af8b1fc4c8d3e1,0039,2020-03-12 23:50:29,2020-03-13 02:14:09,2020-03-13 01:45:17,4.212,2_39_138_29_2020-03-12 23:50:19.842441,0002,CA-304,2-39-138-29,America/Los_Angeles,000003123,"[{'WhPerMile': 400, 'kWhRequested': 4.0, 'milesRequested': 10, 'minutesAvailable': 161, 'modifiedAt': 'Thu, 12 Mar 2020 23:50:29 GMT', 'paymentRequired': True, 'requestedDeparture': 'Fri, 13 Mar 2020 02:31:29 GMT', 'userID': 3123}]",2.3944444444444444,1.9133333333333333,23,Thursday,0,15,63.17999999999999
5e7fec1af9af8b1fc4c8d3e2,0039,2020-03-13 03:15:28,2020-03-13 05:38:27,2020-03-13 05:38:24,13.896,2_39_130_31_2020-03-13 03:15:27.913856,0002,CA-306,2-39-130-31,America/Los_Angeles,000001099,"[{'WhPerMile': 400, 'kWhRequested': 32.0, 'milesRequested': 80, 'minutesAvailable': 129, 'modifiedAt': 'Fri, 13 Mar 2020 03:16:17 GMT', 'paymentRequired': True, 'requestedDeparture': 'Fri, 13 Mar 2020 05:24:28 GMT', 'userID': 1099}]",2.3830555555555555,2.382222222222222,3,Friday,0,15,208.44
5e7fec1af9af8b1fc4c8d3e3,0039,2020-03-13 03:22:42,2020-03-13 04:47:18,2020-03-13 04:47:13,4.649,2_39_139_28_2020-03-13 03:22:42.261524,0002,CA-303,2-39-139-28,America/Los_Angeles,000001263,"[{'WhPerMile': 400, 'kWhRequested': 8.0, 'milesRequested': 20, 'minutesAvailable': 115, 'modifiedAt': 'Fri, 13 Mar 2020 03:23:21 GMT', 'paymentRequired': True, 'requestedDeparture': 'Fri, 13 Mar 2020 05:17:42 GMT', 'userID': 1263}]",1.41,1.408611111111111,3,Friday,0,15,69.735
5e813d8ff9af8b23a8a39cf4,0039,2020-03-13 15:34:24,2020-03-14 01:17:31,2020-03-13 15:58:59,1.473,2_39_79_379_2020-03-13 15:34:24.183289,0002,CA-327,2-39-79-379,America/Los_Angeles,000000751,"[{'WhPerMile': 400, 'kWhRequested': 28.0, 'milesRequested': 70, 'minutesAvailable': 720, 'modifiedAt': 'Fri, 13 Mar 2020 15:35:41 GMT', 'paymentRequired': True, 'requestedDeparture': 'Sat, 14 Mar 2020 03:34:24 GMT', 'userID': 751}]",9.71861111111111,0.4097222222222222,15,Friday,0,15,22.095000000000002
5e813d8ff9af8b23a8a39cf5,0039,2020-03-13 16:39:54,2020-03-14 01:19:56,2020-03-13 18:18:32,9.844,2_39_79_381_2020-03-13 16:39:53.605370,0002,CA-490,2-39-79-381,America/Los_Angeles,000001095,"[{'WhPerMile': 400, 'kWhRequested': 16.0, 'milesRequested': 40, 'minutesAvailable': 447, 'modifiedAt': 'Fri, 13 Mar 2020 16:40:03 GMT', 'paymentRequired': True, 'requestedDeparture': 'Sat, 14 Mar 2020 00:06:54 GMT', 'userID': 1095}]",8.667222222222222,1.643888888888889,16,Friday,0,15,147.66
5e813d8ff9af8b23a8a39cf6,0039,2020-03-13 17:06:46,2020-03-13 21:22:43,2020-03-13 19:03:36,5.95,2_39_138_29_2020-03-13 17:06:45.690006,0002,CA-304,2-39-138-29,America/Los_Angeles,000001366,"[{'WhPerMile': 400, 'kWhRequested': 8.0, 'milesRequested': 20, 'minutesAvailable': 60, 'modifiedAt': 'Fri, 13 Mar 2020 17:07:01 GMT', 'paymentRequired': True, 'requestedDeparture': 'Fri, 13 Mar 2020 18:06:46 GMT', 'userID': 1366}]",4.265833333333333,1.9472222222222222,17,Friday,0,15,89.25
5e813d8ff9af8b23a8a39cf7,0039,2020-03-13 17:10:51,2020-03-14 00:32:46,2020-03-13 18:49:31,10.699,2_39_91_437_2020-03-13 17:10:50.573361,0002,CA-317,2-39-91-437,America/Los_Angeles,000006049,"[{'WhPerMile': 267, 'kWhRequested': 10.68, 'milesRequested': 40, 'minutesAvailable': 353, 'modifiedAt': 'Fri, 13 Mar 2020 17:11:38 GMT', 'paymentRequired': True, 'requestedDeparture': 'Fri, 13 Mar 2020 23:03:51 GMT', 'userID': 6049}]",7.365277777777778,1.6444444444444444,17,Friday,0,15,160.48499999999999
5e813d8ff9af8b23a8a39cf8,0039,2020-03-13 17:41:53,2020-03-13 19:50:42,2020-03-13 18:12:29,0.718,2_39_78_366_2020-03-13 17:41:52.824287,0002,CA-323,2-39-78-366,America/Los_Angeles,,,2.1469444444444443,0.51,17,Friday,0,15,10.77
5e813d8ff9af8b23a8a39cf9,0039,2020-03-13 18:08:54,2020-03-13 22:37:39,2020-03-13 20:00:11,11.79,2_39_78_363_2020-03-13 18:08:54.034304,0002,CA-320,2-39-78-363,America/Los_Angeles,000000668,"[{'WhPerMile': 600, 'kWhRequested': 18.0, 'milesRequested': 30, 'minutesAvailable': 87, 'modifiedAt': 'Fri, 13 Mar 2020 18:09:06 GMT', 'paymentRequired': True, 'requestedDeparture': 'Fri, 13 Mar 2020 19:35:54 GMT', 'userID': 668}]",4.479166666666667,1.8547222222222222,18,Friday,0,15,176.85
5e813d8ff9af8b23a8a39cfa,0039,2020-03-13 21:52:23,2020-03-14 01:34:35,2020-03-13 23:57:06,6.371,2_39_123_23_2020-03-13 21:52:13.668237,0002,CA-313,2-39-123-23,America/Los_Angeles,000005594,"[{'WhPerMile': 360, 'kWhRequested': 7.2, 'milesRequested': 20, 'minutesAvailable': 411, 'modifiedAt': 'Fri, 13 Mar 2020 21:52:22 GMT', 'paymentRequired': True, 'requestedDeparture': 'Sat, 14 Mar 2020 04:43:23 GMT', 'userID': 5594}, {'WhPerMile': 360, 'kWhRequested': 7.2, 'milesRequested': 20, 'minutesAvailable': 411, 'modifiedAt': 'Fri, 13 Mar 2020 21:52:58 GMT', 'paymentRequired': True, 'requestedDeparture': 'Sat, 14 Mar 2020 04:43:23 GMT', 'userID': 5594}]",3.703333333333333,2.078611111111111,21,Friday,0,15,95.56500000000001
5e813d8ff9af8b23a8a39cfb,0039,2020-03-13 22:23:00,2020-03-13 23:15:57,2020-03-13 23:04:22,1.746,2_39_138_29_2020-03-13 22:23:00.230187,0002,CA-304,2-39-138-29,America/Los_Angeles,000001366,"[{'WhPerMile': 400, 'kWhRequested': 8.0, 'milesRequested': 20, 'minutesAvailable': 60, 'modifiedAt': 'Fri, 13 Mar 2020 22:23:20 GMT', 'paymentRequired': True, 'requestedDeparture': 'Fri, 13 Mar 2020 23:23:00 GMT', 'userID': 1366}]",0.8825,0.6894444444444444,22,Friday,0,15,26.19
5e813d8ff9af8b23a8a39cfc,0039,2020-03-14 00:35:56,2020-03-14 01:36:33,2020-03-14 01:36:25,3.277,2_39_139_28_2020-03-14 00:35:56.114144,0002,CA-303,2-39-139-28,America/Los_Angeles,000000365,"[{'WhPerMile': 333, 'kWhRequested': 9.99, 'milesRequested': 30, 'minutesAvailable': 104, 'modifiedAt': 'Sat, 14 Mar 2020 00:36:12 GMT', 'paymentRequired': True, 'requestedDeparture': 'Sat, 14 Mar 2020 02:19:56 GMT', 'userID': 365}]",1.0102777777777778,1.0080555555555555,0,Saturday,1,15,49.155
5e813d8ff9af8b23a8a39cfd,0039,2020-03-14 02:59:38,2020-03-14 05:28:12,2020-03-14 05:05:55,14.172,2_39_139_28_2020-03-14 02:59:38.237351,0002,CA-303,2-39-139-28,America/Los_Angeles,000001085,"[{'WhPerMile': 236, 'kWhRequested': 14.16, 'milesRequested': 60, 'minutesAvailable': 142, 'modifiedAt': 'Sat, 14 Mar 2020 03:00:19 GMT', 'paymentRequired': True, 'requestedDeparture': 'Sat, 14 Mar 2020 05:21:38 GMT', 'userID': 1085}, {'WhPerMile': 236, 'kWhRequested': 14.16, 'milesRequested': 60, 'minutesAvailable': 253, 'modifiedAt': 'Sat, 14 Mar 2020 05:02:45 GMT', 'paymentRequired': True, 'requestedDeparture': 'Sat, 14 Mar 2020 07:12:38 GMT', 'userID': 1085}]",2.476111111111111,2.104722222222222,2,Saturday,1,15,212.58
5e813d8ff9af8b23a8a39cfe,0039,2020-03-14 03:29:15,2020-03-14 04:30:16,2020-03-14 04:30:11,3.493,2_39_125_21_2020-03-14 03:29:14.820199,0002,CA-311,2-39-125-21,America/Los_Angeles,000004622,"[{'WhPerMile': 300, 'kWhRequested': 6.0, 'milesRequested': 20, 'minutesAvailable': 61, 'modifiedAt': 'Sat, 14 Mar 2020 03:29:42 GMT', 'paymentRequired': True, 'requestedDeparture': 'Sat, 14 Mar 2020 04:30:15 GMT', 'userID': 4622}]",1.0169444444444444,1.0155555555555555,3,Saturday,1,15,52.394999999999996
5e828f0cf9af8b279cf8cf1e,0039,2020-03-14 22:10:09,2020-03-15 00:03:22,2020-03-14 23:39:47,4.421,2_39_127_19_2020-03-14 22:10:08.782212,0002,CA-309,2-39-127-19,America/Los_Angeles,000004622,"[{'WhPerMile': 300, 'kWhRequested': 6.0, 'milesRequested': 20, 'minutesAvailable': 61, 'modifiedAt': 'Sat, 14 Mar 2020 22:10:13 GMT', 'paymentRequired': True, 'requestedDeparture': 'Sat, 14 Mar 2020 23:11:09 GMT', 'userID': 4622}]",1.8869444444444445,1.4938888888888888,22,Saturday,1,15,66.315
5e828f0cf9af8b279cf8cf1f,0039,2020-03-14 23:26:22,2020-03-15 01:01:09,2020-03-14 23:56:38,0.83,2_39_131_30_2020-03-14 23:26:22.302223,0002,CA-305,2-39-131-30,America/Los_Angeles,,,1.5797222222222222,0.5044444444444445,23,Saturday,1,15,12.45
5e828f0cf9af8b279cf8cf20,0039,2020-03-15 00:57:31,2020-03-15 02:04:23,2020-03-15 02:04:18,3.868,2_39_129_17_2020-03-15 00:57:31.406861,0002,CA-307,2-39-129-17,America/Los_Angeles,000000365,"[{'WhPerMile': 333, 'kWhRequested': 9.99, 'milesRequested': 30, 'minutesAvailable': 104, 'modifiedAt': 'Sun, 15 Mar 2020 00:57:51 GMT', 'paymentRequired': True, 'requestedDeparture': 'Sun, 15 Mar 2020 02:41:31 GMT', 'userID': 365}]",1.1144444444444443,1.1130555555555555,0,Sunday,1,15,58.019999999999996
5e828f0cf9af8b279cf8cf21,0039,2020-03-15 05:58:50,2020-03-15 18:17:49,2020-03-15 10:24:58,29.647,2_39_90_440_2020-03-15 05:58:50.402351,0002,CA-500,2-39-90-440,America/Los_Angeles,000000292,"[{'WhPerMile': 200, 'kWhRequested': 48.0, 'milesRequested': 240, 'minutesAvailable': 685, 'modifiedAt': 'Sun, 15 Mar 2020 05:59:10 GMT', 'paymentRequired': True, 'requestedDeparture': 'Sun, 15 Mar 2020 17:23:50 GMT', 'userID': 292}]",12.31638888888889,4.435555555555555,5,Sunday,1,15,444.705
5e83e091f9af8b2b6eaaeae8,0039,2020-03-15 17:34:43,2020-03-15 20:17:40,2020-03-15 20:17:31,18.497,2_39_139_28_2020-03-15 17:34:43.180074,0002,CA-303,2-39-139-28,America/Los_Angeles,000001085,"[{'WhPerMile': 236, 'kWhRequested': 28.32, 'milesRequested': 120, 'minutesAvailable': 253, 'modifiedAt': 'Sun, 15 Mar 2020 17:35:52 GMT', 'paymentRequired': True, 'requestedDeparture': 'Sun, 15 Mar 2020 21:47:43 GMT', 'userID': 1085}]",2.7158333333333333,2.7133333333333334,17,Sunday,1,15,277.455
5e83e091f9af8b2b6eaaeae9,0039,2020-03-15 18:02:46,2020-03-16 00:47:00,2020-03-15 19:53:29,4.667025,2_39_79_382_2020-03-15 18:02:46.014296,0002,CA-491,2-39-79-382,America/Los_Angeles,000004701,"[{'WhPerMile': 300, 'kWhRequested': 9.0, 'milesRequested': 30, 'minutesAvailable': 306, 'modifiedAt': 'Sun, 15 Mar 2020 18:02:51 GMT', 'paymentRequired': True, 'requestedDeparture': 'Sun, 15 Mar 2020 23:08:46 GMT', 'userID': 4701}]",6.737222222222222,1.8452777777777778,18,Sunday,1,15,70.005375
5e83e091f9af8b2b6eaaeaea,0039,2020-03-15 18:12:11,2020-03-17 02:29:29,2020-03-16 02:01:58,51.337,2_39_131_30_2020-03-15 18:12:10.513452,0002,CA-305,2-39-131-30,America/Los_Angeles,000000489,"[{'WhPerMile': 446, 'kWhRequested': 107.04, 'milesRequested': 240, 'minutesAvailable': 450, 'modifiedAt': 'Sun, 15 Mar 2020 18:12:30 GMT', 'paymentRequired': True, 'requestedDeparture': 'Mon, 16 Mar 2020 01:42:11 GMT', 'userID': 489}, {'WhPerMile': 446, 'kWhRequested': 107.04, 'milesRequested': 240, 'minutesAvailable': 471, 'modifiedAt': 'Sun, 15 Mar 2020 18:12:36 GMT', 'paymentRequired': True, 'requestedDeparture': 'Mon, 16 Mar 2020 02:03:11 GMT', 'userID': 489}, {'WhPerMile': 446, 'kWhRequested': 107.04, 'milesRequested': 240, 'minutesAvailable': 475, 'modifiedAt': 'Sun, 15 Mar 2020 18:17:30 GMT', 'paymentRequired': True, 'requestedDeparture': 'Mon, 16 Mar 2020 02:07:11 GMT', 'userID': 489}]",32.288333333333334,7.829722222222222,18,Sunday,1,15,770.0550000000001
5e83e091f9af8b2b6eaaeaeb,0039,2020-03-15 19:18:58,2020-03-16 18:35:51,2020-03-15 23:01:58,13.097,2_39_79_383_2020-03-15 19:18:57.606977,0002,CA-492,2-39-79-383,America/Los_Angeles,000004913,"[{'WhPerMile': 400, 'kWhRequested': 20.0, 'milesRequested': 50, 'minutesAvailable': 529, 'modifiedAt': 'Sun, 15 Mar 2020 19:20:16 GMT', 'paymentRequired': True, 'requestedDeparture': 'Mon, 16 Mar 2020 04:07:58 GMT', 'userID': 4913}]",23.281388888888888,3.716666666666667,19,Sunday,1,15,196.45499999999998
5e83e091f9af8b2b6eaaeaec,0039,2020-03-15 19:36:14,2020-03-15 21:35:46,2020-03-15 21:35:41,9.595,2_39_129_17_2020-03-15 19:36:14.399346,0002,CA-307,2-39-129-17,America/Los_Angeles,000002290,"[{'WhPerMile': 425, 'kWhRequested': 29.75, 'milesRequested': 70, 'minutesAvailable': 446, 'modifiedAt': 'Sun, 15 Mar 2020 19:38:34 GMT', 'paymentRequired': True, 'requestedDeparture': 'Mon, 16 Mar 2020 03:02:14 GMT', 'userID': 2290}]",1.9922222222222221,1.9908333333333332,19,Sunday,1,15,143.925
5e83e091f9af8b2b6eaaeaed,0039,2020-03-15 20:16:55,2020-03-15 22:16:43,2020-03-15 22:16:38,6.368,2_39_138_29_2020-03-15 20:16:54.513638,0002,CA-304,2-39-138-29,America/Los_Angeles,000001395,"[{'WhPerMile': 400, 'kWhRequested': 8.0, 'milesRequested': 20, 'minutesAvailable': 390, 'modifiedAt': 'Sun, 15 Mar 2020 20:17:30 GMT', 'paymentRequired': True, 'requestedDeparture': 'Mon, 16 Mar 2020 02:46:55 GMT', 'userID': 1395}]",1.9966666666666666,1.9952777777777777,20,Sunday,1,15,95.52000000000001
5e83e091f9af8b2b6eaaeaee,0039,2020-03-15 22:16:29,2020-03-16 06:02:08,2020-03-16 03:50:07,35.177,2_39_139_28_2020-03-15 22:16:28.974490,0002,CA-303,2-39-139-28,America/Los_Angeles,000001085,"[{'WhPerMile': 236, 'kWhRequested': 42.48, 'milesRequested': 180, 'minutesAvailable': 389, 'modifiedAt': 'Sun, 15 Mar 2020 22:17:30 GMT', 'paymentRequired': True, 'requestedDeparture': 'Mon, 16 Mar 2020 04:45:29 GMT', 'userID': 1085}, {'WhPerMile': 236, 'kWhRequested': 42.48, 'milesRequested': 180, 'minutesAvailable': 410, 'modifiedAt': 'Mon, 16 Mar 2020 04:39:04 GMT', 'paymentRequired': True, 'requestedDeparture': 'Mon, 16 Mar 2020 05:06:29 GMT', 'userID': 1085}, {'WhPerMile': 236, 'kWhRequested': 42.48, 'milesRequested': 180, 'minutesAvailable': 410, 'modifiedAt': 'Mon, 16 Mar 2020 06:02:00 GMT', 'paymentRequired': True, 'requestedDeparture': 'Mon, 16 Mar 2020 05:06:29 GMT', 'userID': 1085}]",7.760833333333333,5.560555555555555,22,Sunday,1,15,527.655
5e83e091f9af8b2b6eaaeaef,0039,2020-03-15 22:38:49,2020-03-16 00:35:44,2020-03-15 23:23:32,1.736,2_39_125_21_2020-03-15 22:38:25.990052,0002,CA-311,2-39-125-21,America/Los_Angeles,000004622,"[{'WhPerMile': 300, 'kWhRequested': 6.0, 'milesRequested': 20, 'minutesAvailable': 61, 'modifiedAt': 'Sun, 15 Mar 2020 22:38:48 GMT', 'paymentRequired': True, 'requestedDeparture': 'Sun, 15 Mar 2020 23:39:49 GMT', 'userID': 4622}]",1.948611111111111,0.7452777777777778,22,Sunday,1,15,26.04
5e83e091f9af8b2b6eaaeaf0,0039,2020-03-16 00:33:03,2020-03-16 01:12:27,2020-03-16 01:12:22,2.073,2_39_129_17_2020-03-16 00:33:03.447051,0002,CA-307,2-39-129-17,America/Los_Angeles,000000365,"[{'WhPerMile': 333, 'kWhRequested': 9.99, 'milesRequested': 30, 'minutesAvailable': 104, 'modifiedAt': 'Mon, 16 Mar 2020 00:33:08 GMT', 'paymentRequired': True, 'requestedDeparture': 'Mon, 16 Mar 2020 02:17:03 GMT', 'userID': 365}]",0.6566666666666666,0.6552777777777777,0,Monday,0,15,31.095
5e853211f9af8b2fb505679a,0039,2020-03-16 07:51:17,2020-03-16 22:12:39,2020-03-16 15:31:06,51.237,2_39_139_28_2020-03-16 07:51:17.415039,0002,CA-303,2-39-139-28,America/Los_Angeles,000000067,"[{'WhPerMile': 250, 'kWhRequested': 50.0, 'milesRequested': 200, 'minutesAvailable': 472, 'modifiedAt': 'Mon, 16 Mar 2020 07:51:39 GMT', 'paymentRequired': True, 'requestedDeparture': 'Mon, 16 Mar 2020 15:43:17 GMT', 'userID': 67}, {'WhPerMile': 250, 'kWhRequested': 50.0, 'milesRequested': 200, 'minutesAvailable': 900, 'modifiedAt': 'Mon, 16 Mar 2020 14:23:13 GMT', 'paymentRequired': True, 'requestedDeparture': 'Mon, 16 Mar 2020 22:51:17 GMT', 'userID': 67}, {'WhPerMile': 250, 'kWhRequested': 50.0, 'milesRequested': 200, 'minutesAvailable': 882, 'modifiedAt': 'Mon, 16 Mar 2020 14:23:47 GMT', 'paymentRequired': True, 'requestedDeparture': 'Mon, 16 Mar 2020 22:33:17 GMT', 'userID': 67}, {'WhPerMile': 250, 'kWhRequested': 55.0, 'milesRequested': 220, 'minutesAvailable': 1155, 'modifiedAt': 'Mon, 16 Mar 2020 16:34:50 GMT', 'paymentRequired': True, 'requestedDeparture': 'Tue, 17 Mar 2020 03:06:17 GMT', 'userID': 67}]",14.356111111111112,7.663611111111111,7,Monday,0,15,768.5550000000001
5e853211f9af8b2fb505679b,0039,2020-03-16 14:16:18,2020-03-16 16:48:13,2020-03-16 16:48:09,16.202,2_39_91_437_2020-03-16 14:16:18.448509,0002,CA-317,2-39-91-437,America/Los_Angeles,000000431,"[{'WhPerMile': 300, 'kWhRequested': 21.0, 'milesRequested': 70, 'minutesAvailable': 189, 'modifiedAt': 'Mon, 16 Mar 2020 14:16:39 GMT', 'paymentRequired': True, 'requestedDeparture': 'Mon, 16 Mar 2020 17:25:18 GMT', 'userID': 431}]",2.5319444444444446,2.5308333333333333,14,Monday,0,15,243.03000000000003
5e853211f9af8b2fb505679c,0039,2020-03-16 14:36:39,2020-03-16 23:20:14,2020-03-16 15:55:32,2.534,2_39_79_382_2020-03-16 14:36:39.302719,0002,CA-491,2-39-79-382,America/Los_Angeles,000004701,"[{'WhPerMile': 300, 'kWhRequested': 9.0, 'milesRequested': 30, 'minutesAvailable': 414, 'modifiedAt': 'Mon, 16 Mar 2020 14:37:13 GMT', 'paymentRequired': True, 'requestedDeparture': 'Mon, 16 Mar 2020 21:30:39 GMT', 'userID': 4701}]",8.72638888888889,1.3147222222222221,14,Monday,0,15,38.01
5e853211f9af8b2fb505679d,0039,2020-03-16 15:38:51,2020-03-17 02:23:45,2020-03-16 17:27:05,5.773,2_39_127_19_2020-03-16 15:38:51.074496,0002,CA-309,2-39-127-19,America/Los_Angeles,000000562,"[{'WhPerMile': 325, 'kWhRequested': 6.5, 'milesRequested': 20, 'minutesAvailable': 196, 'modifiedAt': 'Mon, 16 Mar 2020 15:39:42 GMT', 'paymentRequired': True, 'requestedDeparture': 'Mon, 16 Mar 2020 18:54:51 GMT', 'userID': 562}]",10.748333333333333,1.8038888888888889,15,Monday,0,15,86.595
5e853211f9af8b2fb505679e,0039,2020-03-16 16:57:07,2020-03-16 17:38:53,2020-03-16 17:38:49,4.375,2_39_138_29_2020-03-16 16:57:07.150208,0002,CA-304,2-39-138-29,America/Los_Angeles,000000798,"[{'WhPerMile': 400, 'kWhRequested': 16.0, 'milesRequested': 40, 'minutesAvailable': 102, 'modifiedAt': 'Mon, 16 Mar 2020 16:58:25 GMT', 'paymentRequired': True, 'requestedDeparture': 'Mon, 16 Mar 2020 18:39:07 GMT', 'userID': 798}]",0.6961111111111111,0.695,16,Monday,0,15,65.625
5e853211f9af8b2fb505679f,0039,2020-03-16 18:34:40,2020-03-17 02:48:22,2020-03-16 20:33:12,6.356,2_39_79_379_2020-03-16 18:34:40.156290,0002,CA-327,2-39-79-379,America/Los_Angeles,000001111,"[{'WhPerMile': 400, 'kWhRequested': 12.0, 'milesRequested': 30, 'minutesAvailable': 99, 'modifiedAt': 'Mon, 16 Mar 2020 18:35:04 GMT', 'paymentRequired': True, 'requestedDeparture': 'Mon, 16 Mar 2020 20:13:40 GMT', 'userID': 1111}]",8.228333333333333,1.9755555555555555,18,Monday,0,15,95.34
5e853211f9af8b2fb50567a0,0039,2020-03-16 20:39:59,2020-03-16 23:43:18,2020-03-16 22:10:17,4.575,2_39_90_440_2020-03-16 20:39:59.137292,0002,CA-500,2-39-90-440,America/Los_Angeles,000003447,"[{'WhPerMile': 375, 'kWhRequested': 15.0, 'milesRequested': 40, 'minutesAvailable': 420, 'modifiedAt': 'Mon, 16 Mar 2020 20:40:10 GMT', 'paymentRequired': True, 'requestedDeparture': 'Tue, 17 Mar 2020 03:39:59 GMT', 'userID': 3447}]",3.055277777777778,1.505,20,Monday,0,15,68.625
5e853211f9af8b2fb50567a1,0039,2020-03-16 21:00:09,2020-03-17 22:12:20,2020-03-16 22:24:59,2.741,2_39_130_31_2020-03-16 20:59:58.196898,0002,CA-306,2-39-130-31,America/Los_Angeles,000000924,"[{'WhPerMile': 400, 'kWhRequested': 8.0, 'milesRequested': 20, 'minutesAvailable': 60, 'modifiedAt': 'Mon, 16 Mar 2020 21:00:08 GMT', 'paymentRequired': True, 'requestedDeparture': 'Mon, 16 Mar 2020 22:00:09 GMT', 'userID': 924}]",25.203055555555554,1.413888888888889,21,Monday,0,15,41.115
5e86838df9af8b33946c3b8e,0039,2020-03-17 14:26:24,2020-03-17 22:51:55,2020-03-17 17:07:34,7.929,2_39_79_382_2020-03-17 14:26:23.895078,0002,CA-491,2-39-79-382,America/Los_Angeles,000004701,"[{'WhPerMile': 300, 'kWhRequested': 9.0, 'milesRequested': 30, 'minutesAvailable': 554, 'modifiedAt': 'Tue, 17 Mar 2020 14:26:35 GMT', 'paymentRequired': True, 'requestedDeparture': 'Tue, 17 Mar 2020 23:40:24 GMT', 'userID': 4701}]",8.425277777777778,2.686111111111111,14,Tuesday,0,15,118.935
5e86838df9af8b33946c3b8f,0039,2020-03-17 17:49:54,2020-03-18 02:05:43,2020-03-17 19:42:16,5.742,2_39_88_24_2020-03-17 17:49:53.953275,0002,CA-314,2-39-88-24,America/Los_Angeles,000005594,"[{'WhPerMile': 360, 'kWhRequested': 7.2, 'milesRequested': 20, 'minutesAvailable': 411, 'modifiedAt': 'Tue, 17 Mar 2020 17:51:15 GMT', 'paymentRequired': True, 'requestedDeparture': 'Wed, 18 Mar 2020 00:40:54 GMT', 'userID': 5594}]",8.26361111111111,1.8727777777777779,17,Tuesday,0,15,86.13
5e86838df9af8b33946c3b90,0039,2020-03-17 19:19:23,2020-03-18 01:13:03,2020-03-17 21:17:55,13.311,2_39_79_377_2020-03-17 19:19:22.745427,0002,CA-325,2-39-79-377,America/Los_Angeles,000000714,"[{'WhPerMile': 400, 'kWhRequested': 32.0, 'milesRequested': 80, 'minutesAvailable': 305, 'modifiedAt': 'Tue, 17 Mar 2020 19:19:50 GMT', 'paymentRequired': True, 'requestedDeparture': 'Wed, 18 Mar 2020 00:24:23 GMT', 'userID': 714}]",5.894444444444445,1.9755555555555555,19,Tuesday,0,15,199.665
5e86838df9af8b33946c3b91,0039,2020-03-18 01:34:38,2020-03-18 03:06:51,2020-03-18 03:06:47,9.841,2_39_128_18_2020-03-18 01:34:37.811281,0002,CA-308,2-39-128-18,America/Los_Angeles,000001099,"[{'WhPerMile': 400, 'kWhRequested': 32.0, 'milesRequested': 80, 'minutesAvailable': 129, 'modifiedAt': 'Wed, 18 Mar 2020 01:35:29 GMT', 'paymentRequired': True, 'requestedDeparture': 'Wed, 18 Mar 2020 03:43:38 GMT', 'userID': 1099}]",1.5369444444444444,1.5358333333333334,1,Wednesday,0,15,147.61499999999998
5e87d50bf9af8b397e1b8565,0039,2020-03-18 16:32:33,2020-03-18 18:29:55,2020-03-18 17:04:27,0.886,2_39_79_379_2020-03-18 16:32:32.806216,0002,CA-327,2-39-79-379,America/Los_Angeles,,,1.9561111111111111,0.5316666666666666,16,Wednesday,0,15,13.290000000000001
5e87d50bf9af8b397e1b8566,0039,2020-03-18 20:34:07,2020-03-18 22:30:10,2020-03-18 22:12:57,9.891,2_39_139_28_2020-03-18 20:34:06.874585,0002,CA-303,2-39-139-28,America/Los_Angeles,000002290,"[{'WhPerMile': 425, 'kWhRequested': 29.75, 'milesRequested': 70, 'minutesAvailable': 446, 'modifiedAt': 'Wed, 18 Mar 2020 20:35:33 GMT', 'paymentRequired': True, 'requestedDeparture': 'Thu, 19 Mar 2020 04:00:07 GMT', 'userID': 2290}]",1.9341666666666666,1.6472222222222221,20,Wednesday,0,15,148.365
5e87d50bf9af8b397e1b8567,0039,2020-03-18 20:57:56,2020-03-18 22:03:06,2020-03-18 22:03:01,7.043,2_39_131_30_2020-03-18 20:57:56.235520,0002,CA-305,2-39-131-30,America/Los_Angeles,000000710,"[{'WhPerMile': 400, 'kWhRequested': 28.0, 'milesRequested': 70, 'minutesAvailable': 496, 'modifiedAt': 'Wed, 18 Mar 2020 20:59:29 GMT', 'paymentRequired': True, 'requestedDeparture': 'Thu, 19 Mar 2020 05:13:56 GMT', 'userID': 710}]",1.086111111111111,1.0847222222222221,20,Wednesday,0,15,105.645
5e87d50bf9af8b397e1b8568,0039,2020-03-19 02:15:46,2020-03-19 04:15:22,2020-03-19 04:15:17,9.133,2_39_126_20_2020-03-19 02:15:45.743569,0002,CA-310,2-39-126-20,America/Los_Angeles,000001099,"[{'WhPerMile': 400, 'kWhRequested': 32.0, 'milesRequested': 80, 'minutesAvailable': 129, 'modifiedAt': 'Thu, 19 Mar 2020 02:17:27 GMT', 'paymentRequired': True, 'requestedDeparture': 'Thu, 19 Mar 2020 04:24:46 GMT', 'userID': 1099}]",1.9933333333333334,1.9919444444444445,2,Thursday,0,15,136.99499999999998
5e89268cf9af8b3d8b09a7fe,0039,2020-03-19 13:35:59,2020-03-19 17:03:19,2020-03-19 17:03:15,23.089,2_39_92_436_2020-03-19 13:35:59.192163,0002,CA-318,2-39-92-436,America/Los_Angeles,000000300,"[{'WhPerMile': 400, 'kWhRequested': 32.0, 'milesRequested': 80, 'minutesAvailable': 586, 'modifiedAt': 'Thu, 19 Mar 2020 13:37:16 GMT', 'paymentRequired': True, 'requestedDeparture': 'Thu, 19 Mar 2020 23:21:59 GMT', 'userID': 300}]",3.4555555555555557,3.4544444444444444,13,Thursday,0,15,346.335
5e89268cf9af8b3d8b09a7ff,0039,2020-03-19 18:27:27,2020-03-20 02:34:32,2020-03-19 20:07:36,4.944,2_39_128_18_2020-03-19 18:27:10.661130,0002,CA-308,2-39-128-18,America/Los_Angeles,000005594,"[{'WhPerMile': 360, 'kWhRequested': 7.2, 'milesRequested': 20, 'minutesAvailable': 411, 'modifiedAt': 'Thu, 19 Mar 2020 18:27:27 GMT', 'paymentRequired': True, 'requestedDeparture': 'Fri, 20 Mar 2020 01:18:27 GMT', 'userID': 5594}, {'WhPerMile': 360, 'kWhRequested': 7.2, 'milesRequested': 20, 'minutesAvailable': 411, 'modifiedAt': 'Thu, 19 Mar 2020 18:27:49 GMT', 'paymentRequired': True, 'requestedDeparture': 'Fri, 20 Mar 2020 01:18:27 GMT', 'userID': 5594}, {'WhPerMile': 360, 'kWhRequested': 7.2, 'milesRequested': 20, 'minutesAvailable': 507, 'modifiedAt': 'Thu, 19 Mar 2020 20:04:02 GMT', 'paymentRequired': True, 'requestedDeparture': 'Fri, 20 Mar 2020 02:54:27 GMT', 'userID': 5594}, {'WhPerMile': 360, 'kWhRequested': 7.2, 'milesRequested': 20, 'minutesAvailable': 514, 'modifiedAt': 'Fri, 20 Mar 2020 02:32:13 GMT', 'paymentRequired': True, 'requestedDeparture': 'Fri, 20 Mar 2020 03:01:27 GMT', 'userID': 5594}]",8.118055555555555,1.6691666666666667,18,Thursday,0,15,74.16
5e89268cf9af8b3d8b09a800,0039,2020-03-19 19:38:14,2020-03-19 20:05:37,2020-03-19 20:05:32,1.521,2_39_89_25_2020-03-19 19:38:13.711821,0002,CA-315,2-39-89-25,America/Los_Angeles,000000743,"[{'WhPerMile': 400, 'kWhRequested': 8.0, 'milesRequested': 20, 'minutesAvailable': 91, 'modifiedAt': 'Thu, 19 Mar 2020 19:38:30 GMT', 'paymentRequired': True, 'requestedDeparture': 'Thu, 19 Mar 2020 21:09:14 GMT', 'userID': 743}]",0.4563888888888889,0.455,19,Thursday,0,15,22.814999999999998
5e8d1b0df9af8b492a000e2e,0039,2020-03-22 13:31:16,2020-03-22 19:44:31,2020-03-22 17:05:06,23.796,2_39_79_376_2020-03-22 13:31:15.554413,0002,CA-324,2-39-79-376,America/Los_Angeles,000000300,"[{'WhPerMile': 400, 'kWhRequested': 32.0, 'milesRequested': 80, 'minutesAvailable': 586, 'modifiedAt': 'Sun, 22 Mar 2020 13:31:24 GMT', 'paymentRequired': True, 'requestedDeparture': 'Sun, 22 Mar 2020 23:17:16 GMT', 'userID': 300}, {'WhPerMile': 400, 'kWhRequested': 32.0, 'milesRequested': 80, 'minutesAvailable': 586, 'modifiedAt': 'Sun, 22 Mar 2020 13:32:17 GMT', 'paymentRequired': True, 'requestedDeparture': 'Sun, 22 Mar 2020 23:17:16 GMT', 'userID': 300}, {'WhPerMile': 400, 'kWhRequested': 32.0, 'milesRequested': 80, 'minutesAvailable': 586, 'modifiedAt': 'Sun, 22 Mar 2020 13:32:40 GMT', 'paymentRequired': True, 'requestedDeparture': 'Sun, 22 Mar 2020 23:17:16 GMT', 'userID': 300}, {'WhPerMile': 400, 'kWhRequested': 32.0, 'milesRequested': 80, 'minutesAvailable': 268, 'modifiedAt': 'Sun, 22 Mar 2020 17:00:18 GMT', 'paymentRequired': True, 'requestedDeparture': 'Sun, 22 Mar 2020 17:59:16 GMT', 'userID': 300}]",6.220833333333333,3.563888888888889,13,Sunday,1,15,356.94
5e8d1b0df9af8b492a000e2f,0039,2020-03-22 19:02:13,2020-03-22 20:15:07,2020-03-22 20:15:01,7.799,2_39_91_437_2020-03-22 18:47:54.657049,0002,CA-317,2-39-91-437,America/Los_Angeles,000000431,"[{'WhPerMile': 300, 'kWhRequested': 18.0, 'milesRequested': 60, 'minutesAvailable': 189, 'modifiedAt': 'Sun, 22 Mar 2020 19:02:12 GMT', 'paymentRequired': True, 'requestedDeparture': 'Sun, 22 Mar 2020 22:11:13 GMT', 'userID': 431}]",1.215,1.2133333333333334,19,Sunday,1,15,116.985
5e8d1b0df9af8b492a000e30,0039,2020-03-22 21:38:59,2020-03-23 01:21:50,2020-03-22 23:33:51,5.82,2_39_79_383_2020-03-22 21:38:59.221748,0002,CA-492,2-39-79-383,America/Los_Angeles,000001222,"[{'WhPerMile': 400, 'kWhRequested': 8.0, 'milesRequested': 20, 'minutesAvailable': 72, 'modifiedAt': 'Sun, 22 Mar 2020 21:39:18 GMT', 'paymentRequired': True, 'requestedDeparture': 'Sun, 22 Mar 2020 22:50:59 GMT', 'userID': 1222}]",3.714166666666667,1.9144444444444444,21,Sunday,1,15,87.30000000000001
5e8e6c8bf9af8b6fa5793a87,0039,2020-03-24 03:39:53,2020-03-24 05:22:21,2020-03-24 05:22:16,10.221,2_39_131_30_2020-03-24 03:39:52.539395,0002,CA-305,2-39-131-30,America/Los_Angeles,000001099,"[{'WhPerMile': 400, 'kWhRequested': 36.0, 'milesRequested': 90, 'minutesAvailable': 129, 'modifiedAt': 'Tue, 24 Mar 2020 03:41:34 GMT', 'paymentRequired': True, 'requestedDeparture': 'Tue, 24 Mar 2020 05:48:53 GMT', 'userID': 1099}]",1.7077777777777778,1.706388888888889,3,Tuesday,0,15,153.315
5e8fbe0bf9af8b73fe59d676,0039,2020-03-24 17:16:12,2020-03-24 17:47:48,2020-03-24 17:48:46,0.813,2_39_127_19_2020-03-24 17:16:12.124584,0002,CA-309,2-39-127-19,America/Los_Angeles,,,0.5266666666666666,0.5427777777777778,17,Tuesday,0,15,12.194999999999999
5e8fbe0bf9af8b73fe59d677,0039,2020-03-24 17:47:55,2020-03-25 00:49:15,2020-03-25 00:48:51,0.838,2_39_127_19_2020-03-24 17:47:55.473889,0002,CA-309,2-39-127-19,America/Los_Angeles,,,7.022222222222222,7.015555555555555,17,Tuesday,0,15,12.57
5e910f8af9af8b77ccc1e624,0039,2020-03-25 23:08:34,2020-03-25 23:38:07,2020-03-25 23:37:58,0.798,2_39_125_21_2020-03-25 23:08:33.642916,0002,CA-311,2-39-125-21,America/Los_Angeles,,,0.4925,0.49,23,Wednesday,0,15,11.97
5e93b28cf9af8b7f6b152033,0039,2020-03-27 15:34:13,2020-03-28 01:41:56,2020-03-27 17:37:17,6.47,2_39_123_23_2020-03-27 15:33:58.449870,0002,CA-313,2-39-123-23,America/Los_Angeles,000005594,"[{'WhPerMile': 360, 'kWhRequested': 7.2, 'milesRequested': 20, 'minutesAvailable': 514, 'modifiedAt': 'Fri, 27 Mar 2020 15:34:13 GMT', 'paymentRequired': True, 'requestedDeparture': 'Sat, 28 Mar 2020 00:08:13 GMT', 'userID': 5594}, {'WhPerMile': 360, 'kWhRequested': 7.2, 'milesRequested': 20, 'minutesAvailable': 514, 'modifiedAt': 'Fri, 27 Mar 2020 15:34:34 GMT', 'paymentRequired': True, 'requestedDeparture': 'Sat, 28 Mar 2020 00:08:13 GMT', 'userID': 5594}]",10.12861111111111,2.051111111111111,15,Friday,0,15,97.05
5e95040af9af8b04aa96eadb,0039,2020-03-29 00:40:26,2020-03-29 14:43:45,2020-03-29 01:29:57,33.191,2_39_79_376_2020-03-29 00:40:26.203243,0002,CA-324,2-39-79-376,America/Los_Angeles,000000300,"[{'WhPerMile': 400, 'kWhRequested': 32.0, 'milesRequested': 80, 'minutesAvailable': 606, 'modifiedAt': 'Sun, 29 Mar 2020 00:41:02 GMT', 'paymentRequired': True, 'requestedDeparture': 'Sun, 29 Mar 2020 10:46:26 GMT', 'userID': 300}]",14.055277777777778,0.8252777777777778,0,Sunday,1,15,497.865
